일자,선물종가,전일대비,등락구분,등락률(%),시가,고가,저가
2013-08-13,248.10,3.80,상승,1.56,244.95,248.20,244.50
2013-08-14,249.70,1.60,상승,0.64,248.70,249.85,247.65
2013-08-16,249.20,-0.50,하락,-0.20,247.15,250.80,246.50
2013-08-19,249.20,0.00,보합,0.00,248.50,249.20,247.55
2013-08-20,245.25,-3.95,하락,-1.59,247.60,250.20,245.15
2013-08-21,241.80,-3.45,하락,-1.41,245.80,246.00,241.80
2013-08-22,240.45,-1.35,하락,-0.56,239.65,241.35,238.55
2013-08-23,243.10,2.65,상승,1.10,241.20,243.80,240.60
2013-08-26,245.60,2.50,상승,1.03,243.30,246.45,243.30
2013-08-27,245.45,-0.15,하락,-0.06,245.00,246.75,244.55
2013-08-28,245.65,0.20,상승,0.08,242.55,245.80,242.25
2013-08-29,249.80,4.15,상승,1.69,246.00,250.35,245.85
2013-08-30,250.95,1.15,상승,0.46,250.90,251.70,249.35
2013-09-02,251.85,0.90,상승,0.36,251.35,252.95,250.90
2013-09-03,252.60,0.75,상승,0.30,252.75,253.75,252.05
2013-09-04,252.30,-0.30,하락,-0.12,251.90,253.15,250.55
2013-09-05,255.25,2.95,상승,1.17,253.50,255.85,252.70
2013-09-06,256.20,0.95,상승,0.37,255.20,257.00,254.65
2013-09-09,258.05,1.85,상승,0.72,257.10,258.85,256.60
2013-09-10,260.90,2.85,상승,1.10,258.35,261.20,258.20
2013-09-11,262.00,1.10,상승,0.42,261.15,262.55,260.55
2013-09-12,263.90,-0.05,하락,-0.02,264.75,267.05,263.00
2013-09-13,263.10,-0.80,하락,-0.30,263.00,265.10,262.60
2013-09-16,265.50,2.40,상승,0.91,266.45,267.20,265.20
2013-09-17,264.20,-1.30,하락,-0.49,265.10,265.30,263.30
2013-09-23,264.95,0.75,상승,0.28,264.20,266.55,262.35
2013-09-24,264.70,-0.25,하락,-0.09,263.20,265.10,262.60
2013-09-25,263.05,-1.65,하락,-0.62,264.90,265.10,262.35
2013-09-26,265.60,2.55,상승,0.97,262.35,265.60,261.85
2013-09-27,265.25,-0.35,하락,-0.13,265.70,265.90,264.40
2013-09-30,263.05,-2.20,하락,-0.83,263.30,264.80,262.20
2013-10-01,263.50,0.45,상승,0.17,262.85,265.65,262.80
2013-10-02,263.80,0.30,상승,0.11,265.20,265.50,263.50
2013-10-04,263.35,-0.45,하락,-0.17,263.70,264.35,261.55
2013-10-07,263.15,-0.20,하락,-0.08,263.15,264.20,262.45
2013-10-08,264.65,1.50,상승,0.57,262.65,264.65,261.15
2013-10-10,263.70,-0.95,하락,-0.36,264.20,265.40,263.05
2013-10-11,268.60,4.90,상승,1.86,266.00,268.80,265.10
2013-10-14,268.20,-0.40,하락,-0.15,268.10,268.80,267.45
2013-10-15,270.35,2.15,상승,0.80,269.85,271.55,269.65
2013-10-16,270.60,0.25,상승,0.09,270.90,272.35,270.20
2013-10-17,271.55,0.95,상승,0.35,272.05,272.75,270.90
2013-10-18,272.95,1.40,상승,0.52,272.50,273.05,271.90
2013-10-21,272.90,-0.05,하락,-0.02,273.30,273.85,272.80
2013-10-22,272.80,-0.10,하락,-0.04,272.80,273.20,271.95
2013-10-23,269.40,-3.40,하락,-1.25,273.50,273.95,269.40
2013-10-24,270.70,1.30,상승,0.48,269.75,270.80,268.85
2013-10-25,268.15,-2.55,하락,-0.94,270.35,270.60,267.25
2013-10-28,271.00,2.85,상승,1.06,269.25,271.15,268.90
2013-10-29,272.00,1.00,상승,0.37,270.40,272.55,269.55
2013-10-30,272.85,0.85,상승,0.31,272.55,273.15,270.75
2013-10-31,268.85,-4.00,하락,-1.47,271.20,272.10,268.55
2013-11-01,269.50,0.65,상승,0.24,269.45,269.90,268.80
2013-11-04,267.00,-2.50,하락,-0.93,268.90,269.00,267.00
2013-11-05,265.65,-1.35,하락,-0.51,267.30,267.85,265.05
2013-11-06,265.60,-0.05,하락,-0.02,265.30,266.85,265.05
2013-11-07,263.50,-2.10,하락,-0.79,265.05,265.65,263.15
2013-11-08,261.20,-2.30,하락,-0.87,261.65,262.95,261.20
2013-11-11,261.70,0.50,상승,0.19,262.20,262.50,260.65
2013-11-12,263.45,1.75,상승,0.67,261.50,264.05,261.50
2013-11-13,258.50,-4.95,하락,-1.88,262.70,262.95,258.20
2013-11-14,259.70,1.20,상승,0.46,260.25,260.90,258.35
2013-11-15,264.75,5.05,상승,1.94,261.00,265.25,260.80
2013-11-18,265.60,0.85,상승,0.32,265.90,266.35,264.85
2013-11-19,268.60,3.00,상승,1.13,265.00,269.50,264.70
2013-11-20,266.90,-1.70,하락,-0.63,268.15,268.45,266.00
2013-11-21,262.20,-4.70,하락,-1.76,266.10,266.20,261.15
2013-11-22,263.80,1.60,상승,0.61,263.60,265.50,262.20
2013-11-25,266.30,2.50,상승,0.95,265.45,268.55,265.35
2013-11-26,267.30,1.00,상승,0.38,264.40,267.40,262.70
2013-11-27,267.80,0.50,상승,0.19,265.60,268.10,264.40
2013-11-28,270.00,2.20,상승,0.82,269.50,271.15,269.45
2013-11-29,270.15,0.15,상승,0.06,269.70,271.50,269.50
2013-12-02,268.30,-1.85,하락,-0.68,270.25,271.60,267.80
2013-12-03,264.90,-3.40,하락,-1.27,266.70,267.40,264.70
2013-12-04,261.50,-3.40,하락,-1.28,263.70,264.30,261.40
2013-12-05,260.70,-0.80,하락,-0.31,262.00,262.50,258.85
2013-12-06,261.20,0.50,상승,0.19,260.85,261.95,260.15
2013-12-09,263.95,2.75,상승,1.05,263.90,264.45,262.90
2013-12-10,262.40,-1.55,하락,-0.59,263.60,263.65,262.15
2013-12-11,259.50,-2.90,하락,-1.11,261.20,263.85,259.30
2013-12-12,257.30,-1.50,하락,-0.58,257.35,258.50,256.30
2013-12-13,256.90,-0.40,하락,-0.16,257.40,257.60,254.70
2013-12-16,257.10,0.20,상승,0.08,255.70,257.95,255.50
2013-12-17,258.65,1.55,상승,0.60,259.30,259.95,257.70
2013-12-18,260.00,1.35,상승,0.52,258.65,260.70,258.15
2013-12-19,259.45,-0.55,하락,-0.21,263.20,263.40,258.40
2013-12-20,260.75,1.30,상승,0.50,259.40,261.30,259.05
2013-12-23,263.15,2.40,상승,0.92,261.75,263.55,261.45
2013-12-24,263.55,0.40,상승,0.15,263.60,264.50,262.65
2013-12-26,263.10,-0.45,하락,-0.17,263.95,264.70,262.95
2013-12-27,265.45,2.35,상승,0.89,263.70,265.80,262.80
2013-12-30,265.65,0.20,상승,0.08,266.30,266.45,265.05
2014-01-02,258.40,-7.25,하락,-2.73,266.60,266.65,258.40
2014-01-03,255.25,-3.15,하락,-1.22,258.35,258.55,254.00
2014-01-06,255.85,0.60,상승,0.24,255.45,257.85,254.70
2014-01-07,257.05,1.20,상승,0.47,254.90,258.10,254.90
2014-01-08,256.80,-0.25,하락,-0.10,257.85,258.30,255.35
2014-01-09,255.50,-1.30,하락,-0.51,256.90,257.30,255.20
2014-01-10,253.40,-2.10,하락,-0.82,254.60,256.40,252.25
2014-01-13,255.45,2.05,상승,0.81,254.30,255.60,253.75
2014-01-14,254.95,-0.50,하락,-0.20,254.50,257.25,253.25
2014-01-15,255.85,0.90,상승,0.35,256.05,256.35,254.55
2014-01-16,256.35,0.50,상승,0.20,256.05,257.30,255.65
2014-01-17,254.00,-2.35,하락,-0.92,256.35,256.70,253.70
2014-01-20,256.10,2.10,상승,0.83,253.90,256.25,252.45
2014-01-21,257.90,1.80,상승,0.70,255.85,257.90,255.20
2014-01-22,257.65,-0.25,하락,-0.10,257.05,257.85,256.65
2014-01-23,254.60,-3.05,하락,-1.18,257.90,258.05,254.50
2014-01-24,253.40,-1.20,하락,-0.47,253.55,254.15,251.60
2014-01-27,250.20,-3.20,하락,-1.26,249.50,251.30,248.25
2014-01-28,251.25,1.05,상승,0.42,249.50,251.40,249.15
2014-01-29,254.50,3.25,상승,1.29,252.20,254.50,251.90
2014-02-03,250.80,-3.70,하락,-1.45,252.50,252.90,249.95
2014-02-04,246.05,-4.75,하락,-1.89,247.50,247.60,245.25
2014-02-05,246.55,0.50,상승,0.20,247.10,247.60,245.55
2014-02-06,248.40,1.85,상승,0.75,247.55,249.70,247.30
2014-02-07,250.50,2.10,상승,0.85,250.30,251.15,249.15
2014-02-10,250.80,0.30,상승,0.12,251.25,251.75,249.70
2014-02-11,251.80,1.00,상승,0.40,250.10,252.65,249.90
2014-02-12,252.70,0.90,상승,0.36,253.00,254.05,252.05
2014-02-13,250.35,-2.35,하락,-0.93,252.75,253.80,250.30
2014-02-14,253.80,3.45,상승,1.38,251.35,254.65,251.15
2014-02-17,253.90,0.10,상승,0.04,255.35,255.95,253.70
2014-02-18,254.00,0.10,상승,0.04,253.80,254.80,252.00
2014-02-19,252.20,-1.80,하락,-0.71,253.20,253.45,251.20
2014-02-20,251.30,-0.90,하락,-0.36,251.25,252.95,250.35
2014-02-21,254.90,3.60,상승,1.43,253.30,255.25,253.15
2014-02-24,254.45,-0.45,하락,-0.18,254.90,255.70,253.55
2014-02-25,256.30,1.85,상승,0.73,255.60,256.95,255.10
2014-02-26,257.25,0.95,상승,0.37,255.90,257.60,255.45
2014-02-27,257.70,0.45,상승,0.17,256.90,257.95,256.25
2014-02-28,257.50,-0.20,하락,-0.08,257.70,259.00,257.20
2014-03-03,255.85,-1.65,하락,-0.64,255.80,256.25,254.35
2014-03-04,255.85,0.00,보합,0.00,255.25,255.85,254.65
2014-03-05,257.10,1.25,상승,0.49,257.60,258.50,257.10
2014-03-06,257.60,0.50,상승,0.19,257.40,257.90,257.10
2014-03-07,257.20,-0.40,하락,-0.16,258.35,258.85,256.10
2014-03-10,253.75,-3.45,하락,-1.34,255.80,256.00,253.70
2014-03-11,254.90,1.15,상승,0.45,254.30,254.95,253.70
2014-03-12,250.75,-4.15,하락,-1.63,253.85,253.95,250.60
2014-03-13,253.05,1.05,상승,0.42,252.25,253.75,251.65
2014-03-14,250.05,-3.00,하락,-1.19,250.25,250.85,249.05
2014-03-17,251.30,1.25,상승,0.50,249.80,251.30,249.60
2014-03-18,252.80,1.50,상승,0.60,253.00,253.90,251.40
2014-03-19,252.90,0.10,상승,0.04,253.95,254.35,252.35
2014-03-20,249.65,-3.25,하락,-1.29,251.75,252.00,249.45
2014-03-21,251.95,2.30,상승,0.92,250.70,251.95,250.40
2014-03-24,253.20,1.25,상승,0.50,252.30,254.15,252.00
2014-03-25,252.95,-0.25,하락,-0.10,252.80,253.80,252.15
2014-03-26,256.50,3.55,상승,1.40,254.50,256.85,254.45
2014-03-27,257.55,1.05,상승,0.41,256.40,258.25,256.10
2014-03-28,257.80,0.25,상승,0.10,257.80,259.35,257.45
2014-03-31,258.40,0.60,상승,0.23,259.00,259.55,257.70
2014-04-01,259.85,1.45,상승,0.56,258.60,260.45,257.50
2014-04-02,260.40,0.55,상승,0.21,260.75,261.00,260.05
2014-04-03,260.65,0.25,상승,0.10,260.65,262.40,260.15
2014-04-04,261.40,0.75,상승,0.29,260.45,262.00,260.25
2014-04-07,260.45,-0.95,하락,-0.36,260.20,261.35,259.40
2014-04-08,262.55,2.10,상승,0.81,259.80,262.55,259.55
2014-04-09,262.40,-0.15,하락,-0.06,262.75,263.25,262.10
2014-04-10,262.70,0.30,상승,0.11,263.60,264.05,262.30
2014-04-11,260.80,-1.90,하락,-0.72,260.90,261.40,259.95
2014-04-14,261.60,0.80,상승,0.31,260.35,262.25,260.25
2014-04-15,260.60,-1.00,하락,-0.38,262.35,262.75,259.95
2014-04-16,261.40,0.80,상승,0.31,260.30,261.55,259.10
2014-04-17,260.70,-0.70,하락,-0.27,262.00,262.15,260.05
2014-04-18,262.50,1.80,상승,0.69,262.05,263.15,261.80
2014-04-21,262.35,-0.15,하락,-0.06,262.65,262.80,261.30
2014-04-22,262.30,-0.05,하락,-0.02,262.00,262.90,260.55
2014-04-23,261.70,-0.60,하락,-0.23,262.95,263.50,261.55
2014-04-24,261.25,-0.45,하락,-0.17,262.50,262.90,261.20
2014-04-25,257.60,-3.65,하락,-1.40,261.10,261.50,257.45
2014-04-28,257.60,0.00,보합,0.00,257.10,258.55,256.95
2014-04-29,256.60,-1.00,하락,-0.39,257.85,258.15,256.25
2014-04-30,255.40,-1.20,하락,-0.47,257.35,257.65,255.15
2014-05-02,255.75,0.35,상승,0.14,256.20,256.50,254.80
2014-05-07,252.50,-3.25,하락,-1.27,255.55,255.95,252.25
2014-05-08,254.15,1.65,상승,0.65,253.05,254.15,251.55
2014-05-09,254.20,0.05,상승,0.02,253.65,255.00,253.30
2014-05-12,255.75,1.55,상승,0.61,254.20,255.80,253.15
2014-05-13,259.35,3.60,상승,1.41,256.75,260.00,256.15
2014-05-14,262.85,3.50,상승,1.35,259.35,263.15,259.35
2014-05-15,262.75,-0.10,하락,-0.04,262.95,264.30,262.55
2014-05-16,262.85,0.10,상승,0.04,261.65,263.00,261.50
2014-05-19,262.80,-0.05,하락,-0.02,263.30,263.35,261.40
2014-05-20,262.55,-0.25,하락,-0.10,262.80,263.65,262.40
2014-05-21,263.20,0.65,상승,0.25,261.95,264.55,261.70
2014-05-22,264.10,0.90,상승,0.34,263.75,265.30,263.30
2014-05-23,263.60,-0.50,하락,-0.19,263.95,264.55,263.55
2014-05-26,263.05,-0.55,하락,-0.21,263.45,264.55,262.95
2014-05-27,260.50,-2.55,하락,-0.97,263.60,263.85,259.45
2014-05-28,263.60,3.10,상승,1.19,260.50,263.60,260.35
2014-05-29,263.00,-0.60,하락,-0.23,263.90,264.05,262.55
2014-05-30,260.85,-2.15,하락,-0.82,263.05,263.85,260.50
2014-06-02,261.50,0.65,상승,0.25,261.15,262.45,260.80
2014-06-03,261.65,0.15,상승,0.06,261.70,261.90,259.75
2014-06-05,259.95,-1.70,하락,-0.65,261.95,262.10,259.35
2014-06-09,260.20,0.25,상승,0.10,261.35,262.85,259.90
2014-06-10,262.60,2.40,상승,0.92,261.70,262.85,261.00
2014-06-11,262.35,-0.25,하락,-0.10,262.50,263.40,261.95
2014-06-12,263.15,-0.80,하락,-0.30,263.80,264.05,262.45
2014-06-13,259.45,-3.70,하락,-1.41,262.10,262.25,258.75
2014-06-16,260.80,1.35,상승,0.52,259.30,261.05,258.70
2014-06-17,261.30,0.50,상승,0.19,260.80,261.75,260.20
2014-06-18,259.90,-1.40,하락,-0.54,261.10,261.25,259.55
2014-06-19,260.50,0.60,상승,0.23,261.20,261.90,259.60
2014-06-20,256.50,-4.00,하락,-1.54,260.15,260.30,256.25
2014-06-23,258.10,1.60,상승,0.62,257.05,258.75,256.85
2014-06-24,261.05,2.95,상승,1.14,257.45,261.70,257.35
2014-06-25,259.20,-1.85,하락,-0.71,260.75,261.35,258.90
2014-06-26,261.20,2.00,상승,0.77,259.65,261.80,259.50
2014-06-27,260.60,-0.60,하락,-0.23,261.00,261.75,259.20
2014-06-30,260.60,0.00,보합,0.00,261.05,262.25,260.60
2014-07-01,260.85,0.25,상승,0.10,260.25,261.45,259.15
2014-07-02,262.95,2.10,상승,0.81,262.30,264.00,261.85
2014-07-03,262.70,-0.25,하락,-0.10,262.95,263.35,262.35
2014-07-04,262.10,-0.60,하락,-0.23,263.75,263.90,261.90
2014-07-07,260.60,-1.50,하락,-0.57,261.75,262.15,259.80
2014-07-08,260.45,-0.15,하락,-0.06,260.85,261.40,259.50
2014-07-09,259.40,-1.05,하락,-0.40,259.45,259.65,258.45
2014-07-10,259.80,0.40,상승,0.15,260.00,260.60,259.30
2014-07-11,257.80,-2.00,하락,-0.77,258.15,258.45,257.00
2014-07-14,258.50,0.70,상승,0.27,258.95,259.60,257.95
2014-07-15,261.35,2.85,상승,1.10,259.45,262.10,259.30
2014-07-16,261.85,0.50,상승,0.19,261.45,262.40,261.10
2014-07-17,262.50,0.65,상승,0.25,262.40,263.70,262.25
2014-07-18,262.30,-0.20,하락,-0.08,260.65,262.30,260.50
2014-07-21,262.20,-0.10,하락,-0.04,263.30,264.30,262.20
2014-07-22,264.00,1.80,상승,0.69,262.20,264.10,262.20
2014-07-23,263.60,-0.40,하락,-0.15,264.45,264.70,263.40
2014-07-24,264.05,0.45,상승,0.17,264.00,265.15,263.35
2014-07-25,264.95,0.90,상승,0.34,264.25,264.95,263.95
2014-07-28,266.90,1.95,상승,0.74,264.90,267.50,264.65
2014-07-29,269.85,2.95,상승,1.11,267.80,269.85,267.50
2014-07-30,272.95,3.10,상승,1.15,270.25,274.60,269.95
2014-07-31,271.65,-1.30,하락,-0.48,272.50,273.90,271.10
2014-08-01,270.40,-1.25,하락,-0.46,269.45,271.60,269.30
2014-08-04,269.90,-0.50,하락,-0.18,271.20,271.35,269.30
2014-08-05,268.45,-1.45,하락,-0.54,269.70,269.95,267.80
2014-08-06,267.80,-0.65,하락,-0.24,268.10,268.80,266.85
2014-08-07,266.25,-1.55,하락,-0.58,267.15,267.55,265.60
2014-08-08,263.10,-3.15,하락,-1.18,265.65,265.75,262.45
2014-08-11,264.80,1.70,상승,0.65,265.15,265.15,263.80
2014-08-12,264.65,-0.15,하락,-0.06,264.95,266.30,264.45
2014-08-13,266.40,1.75,상승,0.66,265.20,266.45,264.40
2014-08-14,267.00,0.60,상승,0.23,266.50,268.25,265.70
2014-08-18,265.20,-1.80,하락,-0.67,267.95,268.05,264.90
2014-08-19,267.70,2.50,상승,0.94,265.85,268.15,265.80
2014-08-20,267.00,-0.70,하락,-0.26,268.35,268.60,266.70
2014-08-21,262.60,-4.40,하락,-1.65,266.70,266.90,262.25
2014-08-22,264.70,2.10,상승,0.80,263.00,265.00,262.65
2014-08-25,265.40,0.70,상승,0.26,264.15,265.70,262.85
2014-08-26,266.10,0.70,상승,0.26,266.00,267.10,265.35
2014-08-27,266.35,0.25,상승,0.09,267.00,268.00,266.20
2014-08-28,266.65,0.30,상승,0.11,267.05,268.95,266.55
2014-08-29,265.60,-1.05,하락,-0.39,266.10,266.25,264.25
2014-09-01,265.35,-0.25,하락,-0.09,265.00,265.90,264.60
2014-09-02,262.95,-2.40,하락,-0.90,264.90,265.05,262.25
2014-09-03,262.50,-0.45,하락,-0.17,262.00,262.90,260.80
2014-09-04,262.60,0.10,상승,0.04,263.65,264.25,262.60
2014-09-05,261.90,-0.70,하락,-0.27,262.60,263.60,261.00
2014-09-11,261.50,-1.80,하락,-0.68,263.20,263.50,261.50
2014-09-12,262.80,1.30,상승,0.50,262.20,263.25,261.65
2014-09-15,262.25,-0.55,하락,-0.21,262.00,262.55,260.55
2014-09-16,262.55,0.30,상승,0.11,262.55,263.05,261.85
2014-09-17,265.45,2.90,상승,1.10,264.00,265.45,263.80
2014-09-18,264.10,-1.35,하락,-0.51,265.05,265.40,263.20
2014-09-19,264.60,0.50,상승,0.19,264.95,265.50,264.20
2014-09-22,261.10,-3.50,하락,-1.32,263.20,263.40,260.20
2014-09-23,260.50,-0.60,하락,-0.23,259.90,261.40,259.85
2014-09-24,260.50,0.00,보합,0.00,259.00,260.55,258.65
2014-09-25,260.15,-0.35,하락,-0.13,261.20,261.65,259.60
2014-09-26,259.45,-0.70,하락,-0.27,258.15,259.50,258.00
2014-09-29,258.50,-0.95,하락,-0.37,259.40,260.10,258.15
2014-09-30,257.00,-1.50,하락,-0.58,258.00,259.05,256.45
2014-10-01,254.40,-2.60,하락,-1.01,256.45,256.65,253.85
2014-10-02,250.90,-3.50,하락,-1.38,252.50,252.90,249.75
2014-10-06,250.85,-0.05,하락,-0.02,251.75,252.25,250.05
2014-10-07,250.80,-0.05,하락,-0.02,251.70,252.10,250.00
2014-10-08,250.30,-0.50,하락,-0.20,249.30,250.60,248.70
2014-10-10,245.60,-4.70,하락,-1.88,248.15,248.20,244.95
2014-10-13,246.10,0.50,상승,0.20,243.25,246.10,243.00
2014-10-14,244.80,-1.30,하락,-0.53,246.60,247.30,244.80
2014-10-15,245.50,0.70,상승,0.29,244.80,246.40,243.80
2014-10-16,243.65,-1.85,하락,-0.75,243.50,244.40,242.05
2014-10-17,240.90,-2.75,하락,-1.13,244.30,244.60,240.60
2014-10-20,244.40,3.50,상승,1.45,243.10,245.05,242.90
2014-10-21,242.40,-2.00,하락,-0.82,243.35,243.50,241.20
2014-10-22,244.55,2.15,상승,0.89,245.25,245.45,243.45
2014-10-23,244.60,0.05,상승,0.02,244.10,245.90,243.45
2014-10-24,243.30,-1.30,하락,-0.53,245.10,245.55,242.10
2014-10-27,244.80,1.50,상승,0.62,244.80,245.90,244.25
2014-10-28,244.45,-0.35,하락,-0.14,245.15,245.35,243.80
2014-10-29,249.20,4.75,상승,1.94,245.90,249.80,245.15
2014-10-30,249.00,-0.20,하락,-0.08,248.25,249.05,247.45
2014-10-31,250.20,1.20,상승,0.48,249.95,250.85,248.15
2014-11-03,249.05,-1.15,하락,-0.46,250.10,250.40,248.60
2014-11-04,247.00,-2.05,하락,-0.82,248.70,249.95,246.50
2014-11-05,246.60,-0.40,하락,-0.16,247.75,248.35,246.30
2014-11-06,248.05,1.45,상승,0.59,246.15,248.60,245.70
2014-11-07,248.30,0.25,상승,0.10,247.80,248.75,247.30
2014-11-10,250.80,2.50,상승,1.01,249.35,251.80,249.10
2014-11-11,250.50,-0.30,하락,-0.12,250.90,251.45,250.40
2014-11-12,251.45,0.95,상승,0.38,250.60,252.70,250.25
2014-11-13,250.50,-0.95,하락,-0.38,251.45,252.25,250.00
2014-11-14,248.50,-2.00,하락,-0.80,250.00,250.40,247.35
2014-11-17,249.25,0.75,상승,0.30,247.80,249.65,247.20
2014-11-18,251.25,2.00,상승,0.80,249.35,251.80,249.35
2014-11-19,250.50,-0.75,하락,-0.30,252.00,252.15,250.15
2014-11-20,250.10,-0.40,하락,-0.16,249.85,250.70,248.80
2014-11-21,250.45,0.35,상승,0.14,250.45,251.25,249.85
2014-11-24,253.10,2.65,상승,1.06,252.50,253.85,252.50
2014-11-25,252.90,-0.20,하락,-0.08,253.10,253.40,252.15
2014-11-26,252.15,-0.75,하락,-0.30,253.00,253.05,251.25
2014-11-27,253.80,1.65,상승,0.65,254.45,254.70,253.30
2014-11-28,254.00,0.20,상승,0.08,253.60,254.35,253.20
2014-12-01,251.30,-2.70,하락,-1.06,252.55,252.65,250.70
2014-12-02,251.45,0.15,상승,0.06,251.00,251.50,250.05
2014-12-03,251.85,0.40,상승,0.16,251.60,252.35,250.95
2014-12-04,254.85,3.00,상승,1.19,251.95,254.90,251.85
2014-12-05,254.35,-0.50,하락,-0.20,254.45,255.15,254.10
2014-12-08,253.85,-0.50,하락,-0.20,254.20,255.15,253.80
2014-12-09,253.10,-0.75,하락,-0.30,253.30,253.65,252.45
2014-12-10,248.95,-4.15,하락,-1.64,252.20,252.40,248.90
2014-12-11,244.85,-2.55,하락,-1.03,246.00,246.75,244.30
2014-12-12,244.60,-0.25,하락,-0.10,244.20,245.40,243.90
2014-12-15,245.80,1.20,상승,0.49,242.35,245.80,241.75
2014-12-16,243.50,-2.30,하락,-0.94,243.95,245.25,242.50
2014-12-17,242.60,-0.90,하락,-0.37,244.40,244.45,242.60
2014-12-18,242.45,-0.15,하락,-0.06,244.80,245.55,240.75
2014-12-19,246.50,4.05,상승,1.67,245.25,247.00,244.65
2014-12-22,247.80,1.30,상승,0.53,247.10,248.35,246.10
2014-12-23,247.20,-0.60,하락,-0.24,247.85,248.30,247.20
2014-12-24,248.35,1.15,상승,0.47,247.20,248.80,246.95
2014-12-26,248.90,0.55,상승,0.22,248.45,249.75,248.25
2014-12-29,247.40,-1.50,하락,-0.60,249.50,249.90,247.40
2014-12-30,244.00,-3.40,하락,-1.37,247.50,248.50,244.00
2015-01-02,245.50,1.50,상승,0.61,244.05,245.75,243.65
2015-01-05,244.75,-0.75,하락,-0.31,244.35,245.45,242.35
2015-01-06,240.50,-4.25,하락,-1.74,242.00,242.70,239.60
2015-01-07,241.05,0.55,상승,0.23,240.20,241.20,239.65
2015-01-08,243.95,2.90,상승,1.20,242.25,244.75,242.00
2015-01-09,247.10,3.15,상승,1.29,246.20,247.75,245.65
2015-01-12,246.45,-0.65,하락,-0.26,245.70,247.20,245.40
2015-01-13,247.45,1.00,상승,0.41,246.10,247.50,245.05
2015-01-14,246.25,-1.20,하락,-0.48,246.80,248.30,246.05
2015-01-15,247.40,1.15,상승,0.47,246.25,247.40,245.30
2015-01-16,243.15,-4.25,하락,-1.72,245.35,245.45,242.45
2015-01-19,246.50,3.35,상승,1.38,244.80,246.80,244.35
2015-01-20,247.90,1.40,상승,0.57,246.55,248.40,246.45
2015-01-21,248.80,0.90,상승,0.36,247.40,249.05,247.20
2015-01-22,249.65,0.85,상승,0.34,249.90,250.95,249.15
2015-01-23,251.20,1.55,상승,0.62,252.80,253.00,250.50
2015-01-26,250.95,-0.25,하락,-0.10,250.00,251.15,248.95
2015-01-27,252.70,1.75,상승,0.70,252.10,252.85,251.40
2015-01-28,252.65,-0.05,하락,-0.02,251.50,253.15,251.20
2015-01-29,252.00,-0.65,하락,-0.26,251.20,252.80,250.30
2015-01-30,251.20,-0.80,하락,-0.32,252.90,253.00,251.10
2015-02-02,251.25,0.05,상승,0.02,250.10,251.95,250.05
2015-02-03,250.70,-0.55,하락,-0.22,252.05,252.35,249.60
2015-02-04,252.45,1.75,상승,0.70,252.65,253.70,251.90
2015-02-05,249.75,-2.70,하락,-1.07,252.00,252.40,249.65
2015-02-06,250.50,0.75,상승,0.30,250.15,250.55,249.30
2015-02-09,250.15,-0.35,하락,-0.14,249.55,250.60,248.75
2015-02-10,248.55,-1.60,하락,-0.64,250.05,251.10,248.55
2015-02-11,249.05,0.50,상승,0.20,248.75,249.50,248.35
2015-02-12,248.40,-0.65,하락,-0.26,249.20,249.30,246.70
2015-02-13,250.00,1.60,상승,0.64,249.35,250.35,249.05
2015-02-16,250.55,0.55,상승,0.22,250.20,250.90,250.00
2015-02-17,250.95,0.40,상승,0.16,250.00,251.40,249.30
2015-02-23,251.65,0.70,상승,0.28,252.50,253.35,251.45
2015-02-24,252.00,0.35,상승,0.14,251.85,252.50,251.50
2015-02-25,252.90,0.90,상승,0.36,252.95,253.50,252.55
2015-02-26,252.75,-0.15,하락,-0.06,253.10,253.20,252.20
2015-02-27,252.10,-0.65,하락,-0.26,252.55,252.80,251.15
2015-03-02,253.55,1.45,상승,0.58,252.65,253.65,252.40
2015-03-03,254.60,1.05,상승,0.41,254.15,254.80,253.80
2015-03-04,254.30,-0.30,하락,-0.12,254.10,254.45,253.85
2015-03-05,254.45,0.15,상승,0.06,253.70,254.70,253.40
2015-03-06,255.80,1.35,상승,0.53,254.55,255.85,254.45
2015-03-09,253.00,-2.80,하락,-1.09,254.70,255.10,252.80
2015-03-10,251.85,-1.15,하락,-0.45,253.60,253.80,251.80
2015-03-11,251.75,-0.10,하락,-0.04,250.05,252.35,249.80
2015-03-12,252.75,0.25,상승,0.10,252.00,253.80,251.70
2015-03-13,253.60,0.85,상승,0.34,253.50,254.10,252.85
2015-03-16,254.10,0.50,상승,0.20,253.00,254.20,252.75
2015-03-17,259.45,5.35,상승,2.11,255.15,259.95,254.70
2015-03-18,260.00,0.55,상승,0.21,260.15,260.90,259.65
2015-03-19,260.60,0.60,상승,0.23,261.70,261.90,260.10
2015-03-20,260.15,-0.45,하락,-0.17,260.40,260.90,259.35
2015-03-23,260.25,0.10,상승,0.04,260.85,261.65,259.60
2015-03-24,260.45,0.20,상승,0.08,259.80,260.50,258.80
2015-03-25,260.55,0.10,상승,0.04,260.40,261.40,260.00
2015-03-26,257.75,-2.80,하락,-1.07,258.50,260.00,257.55
2015-03-27,257.55,-0.20,하락,-0.08,257.70,258.40,257.00
2015-03-30,257.60,0.05,상승,0.02,257.10,258.00,256.40
2015-03-31,257.60,0.00,보합,0.00,259.00,259.45,257.45
2015-04-01,255.70,-1.90,하락,-0.74,257.50,257.95,255.70
2015-04-02,256.35,0.65,상승,0.25,256.40,257.35,255.90
2015-04-03,258.35,2.00,상승,0.78,256.75,258.35,256.35
2015-04-06,257.95,-0.40,하락,-0.15,257.90,259.35,257.55
2015-04-07,257.60,-0.35,하락,-0.14,259.10,259.15,257.40
2015-04-08,259.45,1.85,상승,0.72,257.70,259.80,257.45
2015-04-09,259.00,-0.45,하락,-0.17,259.10,260.10,258.50
2015-04-10,262.50,3.50,상승,1.35,259.50,263.30,259.50
2015-04-13,264.50,2.00,상승,0.76,263.20,264.75,262.75
2015-04-14,265.90,1.40,상승,0.53,264.55,266.50,264.35
2015-04-15,266.95,1.05,상승,0.39,266.20,267.50,265.75
2015-04-16,269.25,2.30,상승,0.86,268.15,269.35,267.65
2015-04-17,268.90,-0.35,하락,-0.13,269.45,269.90,268.65
2015-04-20,269.10,0.20,상승,0.07,267.95,269.50,267.55
2015-04-21,269.05,-0.05,하락,-0.02,269.50,269.65,268.40
2015-04-22,270.25,1.20,상승,0.45,268.80,272.10,268.75
2015-04-23,274.00,3.75,상승,1.39,271.05,274.00,269.90
2015-04-24,272.05,-1.95,하락,-0.71,274.20,276.25,271.85
2015-04-27,271.40,-0.65,하락,-0.24,273.15,273.35,271.10
2015-04-28,270.20,-1.20,하락,-0.44,272.00,272.35,269.70
2015-04-29,269.00,-1.20,하락,-0.44,270.95,270.95,267.55
2015-04-30,268.15,-0.85,하락,-0.32,268.20,268.90,267.10
2015-05-04,269.10,0.95,상승,0.35,268.50,269.60,267.95
2015-05-06,264.30,-4.80,하락,-1.78,267.60,267.75,264.15
2015-05-07,263.15,-1.15,하락,-0.44,264.10,264.20,261.25
2015-05-08,261.50,-1.65,하락,-0.63,263.25,263.35,261.50
2015-05-11,262.50,1.00,상승,0.38,263.70,264.50,262.20
2015-05-12,262.50,0.00,보합,0.00,262.00,262.80,261.30
2015-05-13,263.95,1.45,상승,0.55,262.15,264.40,262.15
2015-05-14,264.10,0.15,상승,0.06,263.45,264.45,262.90
2015-05-15,261.25,-2.85,하락,-1.08,265.40,266.10,261.15
2015-05-18,261.85,0.60,상승,0.23,261.60,262.25,260.50
2015-05-19,263.45,1.60,상승,0.61,262.00,264.00,261.20
2015-05-20,265.80,2.35,상승,0.89,263.70,265.80,263.25
2015-05-21,262.50,-3.30,하락,-1.24,265.25,265.55,262.45
2015-05-22,265.80,3.30,상승,1.26,263.30,266.25,263.25
2015-05-26,265.20,-0.60,하락,-0.23,266.10,266.35,264.45
2015-05-27,259.40,-5.80,하락,-2.19,263.85,264.15,259.35
2015-05-28,260.15,0.75,상승,0.29,260.65,261.80,259.80
2015-05-29,261.20,1.05,상승,0.40,259.30,262.40,258.95
2015-06-01,258.60,-2.60,하락,-1.00,260.40,260.50,257.20
2015-06-02,256.65,-1.95,하락,-0.75,258.50,259.70,255.80
2015-06-03,254.40,-2.25,하락,-0.88,257.05,257.40,253.90
2015-06-04,254.85,0.45,상승,0.18,254.90,256.80,253.90
2015-06-05,254.75,-0.10,하락,-0.04,253.90,255.85,253.55
2015-06-08,254.25,-0.50,하락,-0.20,254.25,254.80,253.00
2015-06-09,253.95,-0.30,하락,-0.12,253.80,255.25,252.65
2015-06-10,252.30,-1.65,하락,-0.65,254.75,255.20,251.85
2015-06-11,253.85,0.95,상승,0.38,253.75,254.20,252.45
2015-06-12,251.40,-2.45,하락,-0.97,254.20,255.70,251.15
2015-06-15,251.15,-0.25,하락,-0.10,250.00,251.95,249.60
2015-06-16,248.30,-2.85,하락,-1.13,250.95,251.30,246.80
2015-06-17,249.50,1.20,상승,0.48,248.85,249.50,247.45
2015-06-18,249.45,-0.05,하락,-0.02,250.45,251.50,248.80
2015-06-19,251.00,1.55,상승,0.62,251.10,251.45,249.85
2015-06-22,252.00,1.00,상승,0.40,251.50,252.90,250.80
2015-06-23,255.50,3.50,상승,1.39,253.10,255.50,252.45
2015-06-24,254.85,-0.65,하락,-0.25,255.50,255.70,254.55
2015-06-25,254.70,-0.15,하락,-0.06,254.25,255.30,253.60
2015-06-26,254.90,0.20,상승,0.08,253.70,255.55,252.75
2015-06-29,251.70,-3.20,하락,-1.26,251.10,251.95,250.10
2015-06-30,252.25,0.55,상승,0.22,250.55,252.40,250.50
2015-07-01,255.75,3.50,상승,1.39,252.00,255.75,251.50
2015-07-02,255.75,0.00,보합,0.00,255.80,256.35,255.35
2015-07-03,255.10,-0.65,하락,-0.25,255.55,255.90,253.80
2015-07-06,248.50,-6.60,하락,-2.59,252.05,253.40,248.25
2015-07-07,249.10,0.60,상승,0.24,249.75,250.05,247.50
2015-07-08,245.55,-3.55,하락,-1.43,248.95,249.35,245.50
2015-07-09,247.65,2.10,상승,0.86,243.90,247.80,242.50
2015-07-10,247.75,0.10,상승,0.04,247.95,248.20,246.30
2015-07-13,249.30,1.55,상승,0.63,247.00,251.00,246.65
2015-07-14,249.15,-0.15,하락,-0.06,250.30,250.55,248.05
2015-07-15,249.65,0.50,상승,0.20,249.85,251.95,248.65
2015-07-16,251.50,1.85,상승,0.74,249.15,251.55,249.10
2015-07-17,249.80,-1.70,하락,-0.68,252.90,252.95,249.25
2015-07-20,249.20,-0.60,하락,-0.24,249.80,251.15,248.65
2015-07-21,249.80,0.60,상승,0.24,249.80,251.45,248.55
2015-07-22,247.60,-2.20,하락,-0.88,248.45,249.30,246.85
2015-07-23,247.45,-0.15,하락,-0.06,248.05,248.30,246.35
2015-07-24,244.65,-2.80,하락,-1.13,246.30,246.55,244.15
2015-07-27,245.40,0.75,상승,0.31,243.40,245.60,243.15
2015-07-28,245.50,0.10,상승,0.04,244.35,246.00,243.45
2015-07-29,246.75,1.25,상승,0.51,246.15,246.90,245.45
2015-07-30,244.45,-2.30,하락,-0.93,246.75,247.05,244.10
2015-07-31,243.40,-1.05,하락,-0.43,244.60,244.70,242.30
2015-08-03,242.25,-1.15,하락,-0.47,243.65,243.70,241.35
2015-08-04,243.20,0.95,상승,0.39,242.05,243.35,241.85
2015-08-05,243.70,0.50,상승,0.21,242.90,244.25,242.35
2015-08-06,240.20,-3.50,하락,-1.44,243.60,243.80,240.20
2015-08-07,239.80,-0.40,하락,-0.17,239.45,240.35,238.85
2015-08-10,239.60,-0.20,하락,-0.08,239.45,239.75,238.30
2015-08-11,238.60,-1.00,하락,-0.42,240.85,242.20,238.30
2015-08-12,236.55,-2.05,하락,-0.86,237.75,239.00,235.25
2015-08-13,238.50,1.95,상승,0.82,236.30,238.50,235.95
2015-08-17,236.15,-2.35,하락,-0.99,238.45,238.55,235.75
2015-08-18,235.35,-0.80,하락,-0.34,236.95,237.10,235.35
2015-08-19,233.45,-1.90,하락,-0.81,235.25,235.90,233.00
2015-08-20,231.35,-2.10,하락,-0.90,233.55,233.75,231.30
2015-08-21,228.15,-3.20,하락,-1.38,226.50,228.50,226.05
2015-08-24,220.70,-7.45,하락,-3.27,225.20,226.50,216.90
2015-08-25,223.05,2.35,상승,1.06,222.25,225.35,218.20
2015-08-26,226.95,3.90,상승,1.75,221.55,227.75,220.50
2015-08-27,228.00,1.05,상승,0.46,228.25,229.75,227.20
2015-08-28,231.70,3.70,상승,1.62,230.60,231.70,230.00
2015-08-31,231.05,-0.65,하락,-0.28,230.50,231.55,229.35
2015-09-01,228.80,-2.25,하락,-0.97,230.30,231.20,228.30
2015-09-02,229.45,0.65,상승,0.28,226.00,230.30,226.00
2015-09-03,229.50,0.05,상승,0.02,230.20,230.65,228.85
2015-09-04,227.30,-2.20,하락,-0.96,229.65,230.20,226.60
2015-09-07,227.30,0.00,보합,0.00,227.05,228.80,226.05
2015-09-08,228.00,0.70,상승,0.31,227.55,228.00,226.10
2015-09-09,234.85,6.85,상승,3.00,230.00,234.90,229.70
2015-09-10,234.45,-0.75,하락,-0.32,233.00,236.10,232.60
2015-09-11,234.00,-0.45,하락,-0.19,234.35,235.75,233.65
2015-09-14,232.45,-1.55,하락,-0.66,235.00,235.05,231.45
2015-09-15,233.10,0.65,상승,0.28,232.95,234.00,232.30
2015-09-16,239.20,6.10,상승,2.62,234.70,240.10,234.65
2015-09-17,239.90,0.70,상승,0.29,241.35,241.35,239.25
2015-09-18,241.30,1.40,상승,0.58,239.30,242.10,236.80
2015-09-21,237.10,-4.20,하락,-1.74,238.60,239.15,236.10
2015-09-22,238.50,1.40,상승,0.59,237.90,239.00,236.80
2015-09-23,235.60,-2.90,하락,-1.22,235.50,237.45,234.65
2015-09-24,234.90,-0.70,하락,-0.30,236.00,236.20,234.20
2015-09-25,234.85,-0.05,하락,-0.02,234.55,235.65,233.00
2015-09-30,236.40,1.55,상승,0.66,230.85,236.85,230.50
2015-10-01,239.00,2.60,상승,1.10,236.25,240.40,235.65
2015-10-02,237.20,-1.80,하락,-0.75,238.80,239.35,237.20
2015-10-05,238.25,1.05,상승,0.44,238.40,240.90,237.45
2015-10-06,240.15,1.90,상승,0.80,240.50,241.30,239.65
2015-10-07,243.80,3.65,상승,1.52,240.95,244.00,240.70
2015-10-08,245.80,2.00,상승,0.82,245.20,245.95,243.80
2015-10-12,247.15,1.35,상승,0.55,246.70,248.50,246.00
2015-10-13,246.50,-0.65,하락,-0.26,246.85,248.05,245.85
2015-10-14,246.10,-0.40,하락,-0.16,246.10,246.45,244.40
2015-10-15,249.10,3.00,상승,1.22,245.55,249.70,245.55
2015-10-16,248.30,-0.80,하락,-0.32,249.30,249.35,247.65
2015-10-19,248.05,-0.25,하락,-0.10,248.65,249.25,247.10
2015-10-20,248.90,0.85,상승,0.34,247.70,249.35,247.50
2015-10-21,249.70,0.80,상승,0.32,249.00,251.65,248.65
2015-10-22,248.35,-1.35,하락,-0.54,248.90,249.90,247.85
2015-10-23,250.15,1.80,상승,0.72,250.95,252.40,249.95
2015-10-26,250.80,0.65,상승,0.26,251.70,251.70,250.50
2015-10-27,251.10,0.30,상승,0.12,250.75,251.20,249.40
2015-10-28,251.10,0.00,보합,0.00,251.00,251.10,248.80
2015-10-29,249.50,-1.60,하락,-0.64,250.70,253.65,249.25
2015-10-30,251.20,1.70,상승,0.68,249.50,251.55,249.15
2015-11-02,250.65,-0.55,하락,-0.22,250.40,251.30,249.60
2015-11-03,253.35,2.70,상승,1.08,252.00,253.85,251.95
2015-11-04,252.95,-0.40,하락,-0.16,254.10,254.30,251.95
2015-11-05,252.55,-0.40,하락,-0.16,252.25,252.90,251.15
2015-11-06,250.85,-1.70,하락,-0.67,252.10,252.85,250.25
2015-11-09,250.25,-0.60,하락,-0.24,250.30,250.80,248.90
2015-11-10,245.90,-4.35,하락,-1.74,248.55,248.60,245.90
2015-11-11,246.00,0.10,상승,0.04,245.40,246.80,244.50
2015-11-12,246.00,0.00,보합,0.00,245.80,246.45,245.15
2015-11-13,242.80,-3.20,하락,-1.30,243.50,244.45,242.75
2015-11-16,240.40,-2.40,하락,-0.99,239.90,241.60,239.55
2015-11-17,241.75,1.35,상승,0.56,242.00,242.85,241.15
2015-11-18,241.55,-0.20,하락,-0.08,241.50,242.50,241.10
2015-11-19,244.95,3.40,상승,1.41,243.60,244.95,242.50
2015-11-20,245.05,0.10,상승,0.04,245.30,245.50,244.55
2015-11-23,247.00,1.95,상승,0.80,245.50,247.15,245.40
2015-11-24,247.60,0.60,상승,0.24,246.65,247.80,246.45
2015-11-25,247.35,-0.25,하락,-0.10,247.60,247.70,246.45
2015-11-26,250.30,2.95,상승,1.19,247.60,250.60,247.50
2015-11-27,249.70,-0.60,하락,-0.24,250.50,250.90,249.70
2015-11-30,244.85,-4.85,하락,-1.94,248.70,248.80,243.85
2015-12-01,248.50,3.65,상승,1.49,245.60,249.00,245.55
2015-12-02,246.80,-1.70,하락,-0.68,248.50,248.75,246.80
2015-12-03,244.60,-2.20,하락,-0.89,245.35,245.45,242.90
2015-12-04,241.70,-2.90,하락,-1.19,242.00,243.30,241.40
2015-12-07,241.50,-0.20,하락,-0.08,243.50,243.75,240.90
2015-12-08,239.90,-1.60,하락,-0.66,240.80,242.15,239.45
2015-12-09,239.95,0.05,상승,0.02,239.95,240.65,239.35
2015-12-10,238.35,0.85,상승,0.36,237.20,239.25,236.30
2015-12-11,238.00,-0.35,하락,-0.15,237.30,239.85,237.30
2015-12-14,236.30,-1.70,하락,-0.71,235.75,236.35,234.25
2015-12-15,236.85,0.55,상승,0.23,236.90,237.35,236.05
2015-12-16,241.90,5.05,상승,2.13,238.70,242.50,238.45
2015-12-17,241.00,-0.90,하락,-0.37,243.00,243.50,240.65
2015-12-18,241.40,0.40,상승,0.17,239.45,242.15,239.10
2015-12-21,241.50,0.10,상승,0.04,241.15,242.85,239.45
2015-12-22,242.30,0.80,상승,0.33,241.35,242.65,240.20
2015-12-23,244.75,2.45,상승,1.01,243.00,245.45,242.55
2015-12-24,242.40,-2.35,하락,-0.96,246.00,246.25,242.40
2015-12-28,239.80,-2.60,하락,-1.07,243.40,243.80,239.80
2015-12-29,242.40,2.60,상승,1.08,240.60,242.40,239.25
2015-12-30,240.45,-1.95,하락,-0.80,242.40,243.10,240.30
2016-01-04,235.00,-5.45,하락,-2.27,239.85,240.00,234.70
2016-01-05,236.40,1.40,상승,0.60,234.80,237.45,234.60
2016-01-06,235.45,-0.95,하락,-0.40,236.50,236.80,233.55
2016-01-07,232.50,-2.95,하락,-1.25,234.30,235.25,231.90
2016-01-08,233.80,1.30,상승,0.56,231.05,234.45,230.60
2016-01-11,231.75,-2.05,하락,-0.88,230.90,232.35,230.40
2016-01-12,230.40,-1.35,하락,-0.58,232.75,233.25,230.30
2016-01-13,234.50,4.10,상승,1.78,232.05,234.80,231.85
2016-01-14,233.10,-1.40,하락,-0.60,231.25,233.15,229.60
2016-01-15,229.05,-4.05,하락,-1.74,233.90,234.25,228.20
2016-01-18,229.15,0.10,상승,0.04,226.55,229.70,226.10
2016-01-19,230.50,1.35,상승,0.59,229.10,230.50,227.05
2016-01-20,223.70,-6.80,하락,-2.95,229.35,229.45,223.10
2016-01-21,224.90,1.20,상승,0.54,225.15,226.80,224.05
2016-01-22,229.70,4.80,상승,2.13,226.90,229.75,226.60
2016-01-25,231.20,1.50,상승,0.65,230.25,232.10,229.30
2016-01-26,227.80,-3.40,하락,-1.47,229.40,229.65,226.30
2016-01-27,230.95,3.15,상승,1.38,229.80,231.60,229.40
2016-01-28,231.00,0.05,상승,0.02,229.00,231.75,228.30
2016-01-29,232.30,1.30,상승,0.56,230.55,232.30,229.05
2016-02-01,233.50,1.20,상승,0.52,232.95,234.70,232.60
2016-02-02,231.90,-1.60,하락,-0.69,232.45,233.55,231.65
2016-02-03,228.90,-3.00,하락,-1.29,229.35,229.55,227.90
2016-02-04,233.60,4.70,상승,2.05,231.00,233.80,230.35
2016-02-05,234.00,0.40,상승,0.17,232.80,234.75,232.80
2016-02-11,227.00,-7.00,하락,-2.99,228.35,229.00,226.80
2016-02-12,225.70,-1.30,하락,-0.57,226.25,227.15,224.10
2016-02-15,228.75,3.05,상승,1.35,228.40,229.50,227.60
2016-02-16,232.05,3.30,상승,1.44,228.90,232.85,228.90
2016-02-17,232.50,0.45,상승,0.19,231.45,233.70,231.35
2016-02-18,234.60,2.10,상승,0.90,235.70,235.85,234.30
2016-02-19,234.85,0.25,상승,0.11,234.35,235.35,234.15
2016-02-22,235.75,0.90,상승,0.38,234.30,236.40,234.05
2016-02-23,236.00,0.25,상승,0.11,236.55,236.85,234.90
2016-02-24,235.25,-0.75,하락,-0.32,235.35,236.25,234.20
2016-02-25,235.45,0.20,상승,0.09,236.10,237.55,234.70
2016-02-26,235.80,0.35,상승,0.15,236.90,237.25,235.65
2016-02-29,235.20,-0.60,하락,-0.25,235.20,236.90,234.90
2016-03-02,239.55,4.35,상승,1.85,238.50,239.60,238.30
2016-03-03,240.00,0.45,상승,0.19,239.95,240.15,239.35
2016-03-04,240.20,0.20,상승,0.08,239.90,240.70,239.60
2016-03-07,240.60,0.40,상승,0.17,240.70,241.10,240.35
2016-03-08,238.60,-2.00,하락,-0.83,240.95,241.05,237.90
2016-03-09,239.70,1.10,상승,0.46,238.25,239.90,237.80
2016-03-10,243.80,3.00,상승,1.25,241.50,244.05,240.95
2016-03-11,243.60,-0.20,하락,-0.08,242.75,244.10,242.70
2016-03-14,243.35,-0.25,하락,-0.10,244.75,244.85,243.05
2016-03-15,243.25,-0.10,하락,-0.04,243.35,244.10,242.25
2016-03-16,243.60,0.35,상승,0.14,243.90,244.95,243.10
2016-03-17,245.20,1.60,상승,0.66,244.75,247.30,244.65
2016-03-18,245.35,0.15,상승,0.06,246.05,246.25,244.70
2016-03-21,244.85,-0.50,하락,-0.20,246.20,246.80,244.15
2016-03-22,246.40,1.55,상승,0.63,245.50,246.40,245.00
2016-03-23,245.80,-0.60,하락,-0.24,246.35,247.15,245.60
2016-03-24,245.35,-0.45,하락,-0.18,245.00,246.05,244.25
2016-03-25,245.05,-0.30,하락,-0.12,245.70,245.85,244.75
2016-03-28,245.40,0.35,상승,0.14,245.00,246.10,244.70
2016-03-29,246.70,1.30,상승,0.53,245.40,247.00,245.25
2016-03-30,247.80,1.10,상승,0.45,247.65,248.45,247.40
2016-03-31,246.40,-1.40,하락,-0.56,248.25,248.25,245.90
2016-04-01,242.55,-3.85,하락,-1.56,246.35,246.55,242.55
2016-04-04,243.50,0.95,상승,0.39,243.15,243.80,242.70
2016-04-05,241.30,-2.20,하락,-0.90,242.70,242.90,241.00
2016-04-06,242.90,1.60,상승,0.66,241.55,243.10,241.25
2016-04-07,243.00,0.10,상승,0.04,243.60,243.95,241.70
2016-04-08,242.20,-0.80,하락,-0.33,241.20,242.40,240.00
2016-04-11,242.65,0.45,상승,0.19,241.95,242.75,241.10
2016-04-12,244.20,1.55,상승,0.64,242.60,244.40,242.20
2016-04-14,249.30,5.10,상승,2.09,247.20,249.60,247.05
2016-04-15,249.45,0.15,상승,0.06,249.35,250.00,248.90
2016-04-18,248.35,-1.10,하락,-0.44,247.20,248.60,246.75
2016-04-19,248.90,0.55,상승,0.22,249.15,249.90,248.50
2016-04-20,247.95,-0.95,하락,-0.38,249.25,250.30,247.70
2016-04-21,249.90,1.95,상승,0.79,249.25,250.30,248.65
2016-04-22,248.70,-1.20,하락,-0.48,248.80,249.55,248.40
2016-04-25,248.50,-0.20,하락,-0.08,248.75,248.95,247.55
2016-04-26,249.20,0.70,상승,0.28,248.50,250.10,248.20
2016-04-27,249.15,-0.05,하락,-0.02,248.80,249.60,248.80
2016-04-28,246.45,-2.70,하락,-1.08,250.20,250.30,246.45
2016-04-29,245.35,-1.10,하락,-0.45,246.60,246.70,244.50
2016-05-02,244.25,-1.10,하락,-0.45,244.85,245.15,243.55
2016-05-03,244.45,0.20,상승,0.08,245.00,245.00,243.80
2016-05-04,243.35,-1.10,하락,-0.45,243.20,243.90,242.30
2016-05-09,242.55,-0.80,하락,-0.33,243.20,243.45,242.10
2016-05-10,243.80,1.25,상승,0.52,241.95,243.80,241.90
2016-05-11,242.80,-1.00,하락,-0.41,244.30,244.35,242.00
2016-05-12,242.90,0.10,상승,0.04,242.40,243.40,241.65
2016-05-13,240.40,-2.50,하락,-1.03,242.40,242.80,240.30
2016-05-16,241.20,0.80,상승,0.33,239.95,241.75,239.55
2016-05-17,241.25,0.05,상승,0.02,241.20,241.60,240.30
2016-05-18,239.30,-1.95,하락,-0.81,240.50,240.55,238.35
2016-05-19,238.90,-0.40,하락,-0.17,239.00,239.65,238.65
2016-05-20,239.05,0.15,상승,0.06,238.95,239.80,238.40
2016-05-23,239.75,0.70,상승,0.29,239.35,240.15,237.80
2016-05-24,238.10,-1.65,하락,-0.69,239.20,239.35,237.95
2016-05-25,241.30,3.20,상승,1.34,239.75,241.70,239.35
2016-05-26,241.20,-0.10,하락,-0.04,241.35,242.10,240.70
2016-05-27,242.15,0.95,상승,0.39,241.60,242.50,241.00
2016-05-30,241.75,-0.40,하락,-0.17,242.10,242.30,240.45
2016-05-31,243.35,1.60,상승,0.66,241.50,243.65,240.30
2016-06-01,243.70,0.35,상승,0.14,242.65,244.10,242.35
2016-06-02,244.20,0.50,상승,0.21,243.70,244.30,243.25
2016-06-03,244.60,0.40,상승,0.16,244.70,244.95,243.85
2016-06-07,247.90,3.30,상승,1.35,245.45,248.05,245.35
2016-06-08,249.85,1.95,상승,0.79,248.05,250.25,247.75
2016-06-09,251.40,0.50,상승,0.20,251.00,252.70,250.00
2016-06-10,250.30,-1.10,하락,-0.44,251.15,251.20,250.05
2016-06-13,244.75,-5.55,하락,-2.22,248.25,248.55,244.75
2016-06-14,244.05,-0.70,하락,-0.29,244.55,245.30,243.20
2016-06-15,244.15,0.10,상승,0.04,243.60,244.85,242.80
2016-06-16,242.05,-2.10,하락,-0.86,244.10,244.35,241.10
2016-06-17,242.75,0.70,상승,0.29,243.90,244.80,242.20
2016-06-20,245.70,2.95,상승,1.22,245.60,246.10,244.45
2016-06-21,245.75,0.05,상승,0.02,245.40,246.00,244.50
2016-06-22,247.40,1.65,상승,0.67,245.75,247.80,245.25
2016-06-23,247.20,-0.20,하락,-0.08,247.20,247.65,246.55
2016-06-24,238.95,-8.25,하락,-3.34,248.00,248.90,235.65
2016-06-27,239.80,0.85,상승,0.36,238.25,239.95,237.50
2016-06-28,240.60,0.80,상승,0.33,237.45,240.95,237.10
2016-06-29,242.90,2.30,상승,0.96,241.50,244.40,240.90
2016-06-30,244.25,1.35,상승,0.56,244.65,244.65,242.95
2016-07-01,246.95,2.70,상승,1.11,244.80,247.75,244.75
2016-07-04,248.05,1.10,상승,0.45,247.05,248.25,246.50
2016-07-05,247.40,-0.65,하락,-0.26,247.60,247.90,246.75
2016-07-06,242.15,-5.25,하락,-2.12,246.35,246.50,241.35
2016-07-07,244.90,2.75,상승,1.14,243.70,245.75,242.90
2016-07-08,244.15,-0.75,하락,-0.31,244.45,245.80,243.20
2016-07-11,247.30,3.15,상승,1.29,246.20,248.15,246.10
2016-07-12,247.55,0.25,상승,0.10,247.85,249.10,246.95
2016-07-13,249.35,1.80,상승,0.73,249.55,250.55,248.35
2016-07-14,250.00,0.65,상승,0.26,249.35,250.30,248.90
2016-07-15,251.25,1.25,상승,0.50,251.00,252.20,250.20
2016-07-18,251.65,0.40,상승,0.16,251.25,252.10,251.00
2016-07-19,251.00,-0.65,하락,-0.26,251.90,251.95,250.40
2016-07-20,250.90,-0.10,하락,-0.04,251.00,251.05,249.25
2016-07-21,250.90,0.00,보합,0.00,251.70,251.85,250.40
2016-07-22,250.75,-0.15,하락,-0.06,249.75,251.15,249.10
2016-07-25,250.85,0.10,상승,0.04,251.35,251.95,250.25
2016-07-26,253.30,2.45,상승,0.98,250.70,253.30,250.35
2016-07-27,253.35,0.05,상승,0.02,253.30,253.80,252.90
2016-07-28,252.00,-1.35,하락,-0.53,253.25,253.60,251.60
2016-07-29,252.40,0.40,상승,0.16,252.30,253.80,251.80
2016-08-01,254.30,1.90,상승,0.75,253.10,254.45,253.05
2016-08-02,252.20,-2.10,하락,-0.83,253.55,253.75,252.05
2016-08-03,249.00,-3.20,하락,-1.27,250.50,250.75,248.75
2016-08-04,249.60,0.60,상승,0.24,250.10,250.50,248.80
2016-08-05,252.70,3.10,상승,1.24,250.00,252.70,249.90
2016-08-08,254.20,1.50,상승,0.59,253.95,254.70,252.85
2016-08-09,256.00,1.80,상승,0.71,254.60,256.65,254.30
2016-08-10,255.20,-0.80,하락,-0.31,255.90,256.70,255.20
2016-08-11,256.05,0.85,상승,0.33,255.50,256.15,254.60
2016-08-12,256.25,0.20,상승,0.08,256.70,258.20,256.15
2016-08-16,256.55,0.30,상승,0.12,257.45,258.25,256.30
2016-08-17,256.20,-0.35,하락,-0.14,256.10,256.70,255.10
2016-08-18,258.50,2.30,상승,0.90,256.25,258.50,255.90
2016-08-19,258.45,-0.05,하락,-0.02,258.40,258.80,257.60
2016-08-22,257.20,-1.25,하락,-0.48,258.35,258.45,256.95
2016-08-23,258.35,1.15,상승,0.45,257.40,258.50,257.25
2016-08-24,257.05,-1.30,하락,-0.50,258.25,258.55,256.70
2016-08-25,257.40,0.35,상승,0.14,257.00,258.05,256.20
2016-08-26,256.70,-0.70,하락,-0.27,256.60,256.85,255.25
2016-08-29,256.60,-0.10,하락,-0.04,255.00,256.90,254.40
2016-08-30,257.95,1.35,상승,0.53,257.40,259.10,257.30
2016-08-31,256.50,-1.45,하락,-0.56,257.65,257.80,256.15
2016-09-01,256.25,-0.25,하락,-0.10,255.15,256.25,254.05
2016-09-02,256.55,0.30,상승,0.12,256.20,256.55,255.50
2016-09-05,259.80,3.25,상승,1.27,257.80,259.85,257.75
2016-09-06,260.85,1.05,상승,0.40,259.70,260.90,259.60
2016-09-07,259.95,-0.90,하락,-0.35,260.85,262.10,259.90
2016-09-08,260.40,-0.65,하락,-0.25,261.80,262.50,260.40
2016-09-09,258.00,-2.40,하락,-0.92,259.20,259.65,257.20
2016-09-12,251.70,-6.30,하락,-2.44,253.50,254.50,251.15
2016-09-13,252.05,0.35,상승,0.14,254.60,254.60,251.90
2016-09-19,254.60,2.55,상승,1.01,251.05,254.85,251.00
2016-09-20,255.10,0.50,상승,0.20,253.80,255.35,253.60
2016-09-21,256.60,1.50,상승,0.59,254.90,256.85,254.70
2016-09-22,259.10,2.50,상승,0.97,258.60,260.10,258.35
2016-09-23,259.00,-0.10,하락,-0.04,259.80,259.80,258.55
2016-09-26,258.30,-0.70,하락,-0.27,259.05,260.00,257.65
2016-09-27,260.40,2.10,상승,0.81,257.30,260.40,255.90
2016-09-28,258.90,-1.50,하락,-0.58,259.60,259.80,258.80
2016-09-29,261.05,2.15,상승,0.83,260.15,261.65,260.05
2016-09-30,258.20,-2.85,하락,-1.09,259.00,259.75,257.80
2016-10-04,259.50,1.30,상승,0.50,259.45,260.40,259.00
2016-10-05,259.55,0.05,상승,0.02,257.75,260.00,257.00
2016-10-06,261.10,1.55,상승,0.60,261.35,261.80,260.05
2016-10-07,260.55,-0.55,하락,-0.21,261.15,261.55,260.30
2016-10-10,261.00,0.45,상승,0.17,259.55,261.15,258.35
2016-10-11,257.00,-4.00,하락,-1.53,260.35,261.10,256.85
2016-10-12,256.40,-0.60,하락,-0.23,255.50,257.35,255.35
2016-10-13,254.30,-2.10,하락,-0.82,256.40,256.80,254.10
2016-10-14,255.70,1.40,상승,0.55,255.05,256.50,255.05
2016-10-17,256.20,0.50,상승,0.20,256.20,257.10,253.95
2016-10-18,258.10,1.90,상승,0.74,256.40,258.20,256.30
2016-10-19,258.25,0.15,상승,0.06,257.50,259.65,257.30
2016-10-20,258.55,0.30,상승,0.12,258.60,259.65,258.35
2016-10-21,257.65,-0.90,하락,-0.35,258.50,258.90,257.15
2016-10-24,259.55,1.90,상승,0.74,258.25,259.65,258.25
2016-10-25,258.80,-0.75,하락,-0.29,258.85,259.40,258.30
2016-10-26,255.70,-3.10,하락,-1.20,257.60,257.75,254.40
2016-10-27,256.90,1.20,상승,0.47,256.45,257.15,255.90
2016-10-28,257.15,0.25,상승,0.10,256.20,257.60,256.20
2016-10-31,256.50,-0.65,하락,-0.25,255.75,257.05,255.25
2016-11-01,256.50,0.00,보합,0.00,256.05,256.50,253.80
2016-11-02,253.15,-3.35,하락,-1.31,254.50,254.95,252.80
2016-11-03,253.70,0.55,상승,0.22,252.70,254.00,252.10
2016-11-04,253.05,-0.65,하락,-0.26,253.05,253.60,252.25
2016-11-07,255.15,2.10,상승,0.83,255.80,255.90,254.30
2016-11-08,256.00,0.85,상승,0.33,256.25,256.40,254.35
2016-11-09,249.90,-6.10,하락,-2.38,256.80,257.45,246.80
2016-11-10,255.30,5.40,상승,2.16,253.90,255.65,253.10
2016-11-11,252.70,-2.60,하락,-1.02,253.40,254.00,252.15
2016-11-14,250.65,-2.05,하락,-0.81,252.20,252.80,250.35
2016-11-15,249.55,-1.10,하락,-0.44,250.35,251.30,249.55
2016-11-16,250.45,0.90,상승,0.36,251.15,251.70,250.40
2016-11-17,250.25,-0.20,하락,-0.08,249.90,250.85,248.80
2016-11-18,250.40,0.15,상승,0.06,250.95,251.05,249.30
2016-11-21,249.80,-0.60,하락,-0.24,249.80,250.80,249.25
2016-11-22,252.55,2.75,상승,1.10,250.50,253.05,250.45
2016-11-23,253.55,1.00,상승,0.40,252.70,254.65,252.30
2016-11-24,252.45,-1.10,하락,-0.43,253.65,253.90,251.65
2016-11-25,252.20,-0.25,하락,-0.10,252.80,253.00,251.90
2016-11-28,253.15,0.95,상승,0.38,252.30,253.50,250.80
2016-11-29,252.80,-0.35,하락,-0.14,253.15,253.65,252.55
2016-11-30,254.15,1.35,상승,0.53,253.05,254.95,253.00
2016-12-01,254.20,0.05,상승,0.02,254.55,255.05,253.85
2016-12-02,252.65,-1.55,하락,-0.61,253.40,253.95,252.25
2016-12-05,252.70,0.05,상승,0.02,252.20,252.95,251.45
2016-12-06,255.40,2.70,상승,1.07,254.10,256.05,254.10
2016-12-07,256.20,0.80,상승,0.31,256.20,256.65,255.60
2016-12-08,257.50,4.15,상승,1.64,255.65,258.00,255.50
2016-12-09,258.20,0.70,상승,0.27,257.85,258.20,257.20
2016-12-12,257.30,-0.90,하락,-0.35,259.00,259.00,256.95
2016-12-13,258.00,0.70,상승,0.27,257.75,258.40,257.35
2016-12-14,258.50,0.50,상승,0.19,259.30,260.00,258.20
2016-12-15,258.35,-0.15,하락,-0.06,256.80,258.90,256.50
2016-12-16,258.50,0.15,상승,0.06,257.90,259.15,257.70
2016-12-19,259.00,0.50,상승,0.19,258.20,259.45,258.15
2016-12-20,259.35,0.35,상승,0.14,259.15,259.90,258.95
2016-12-21,259.20,-0.15,하락,-0.06,260.15,260.95,259.15
2016-12-22,259.10,-0.10,하락,-0.04,259.40,259.65,258.80
2016-12-23,258.60,-0.50,하락,-0.19,258.80,259.10,258.45
2016-12-26,258.90,0.30,상승,0.12,258.85,259.10,258.50
2016-12-27,259.50,0.60,상승,0.23,258.90,259.50,258.85
2016-12-28,260.40,0.90,상승,0.35,260.05,260.75,259.95
2016-12-29,260.05,-0.35,하락,-0.13,259.90,260.35,259.25
2017-01-02,261.20,1.15,상승,0.44,260.05,261.90,259.25
2017-01-03,263.20,2.00,상승,0.77,261.75,263.20,261.35
2017-01-04,263.35,0.15,상승,0.06,263.00,263.55,262.80
2017-01-05,262.65,-0.70,하락,-0.27,263.05,263.35,262.30
2017-01-06,263.65,1.00,상승,0.38,262.95,264.15,262.90
2017-01-09,264.05,0.40,상승,0.15,263.95,264.65,263.70
2017-01-10,264.00,-0.05,하락,-0.02,263.20,264.30,263.20
2017-01-11,269.05,5.05,상승,1.91,264.20,269.60,264.15
2017-01-12,268.85,-0.20,하락,-0.07,268.85,269.90,268.65
2017-01-13,268.65,-0.20,하락,-0.07,268.85,269.30,268.55
2017-01-16,267.40,-1.25,하락,-0.47,268.35,269.15,266.35
2017-01-17,268.40,1.00,상승,0.37,267.45,269.25,267.40
2017-01-18,267.95,-0.45,하락,-0.17,268.15,268.80,266.10
2017-01-19,268.15,0.20,상승,0.07,269.20,270.80,266.85
2017-01-20,267.60,-0.55,하락,-0.21,267.25,268.00,266.95
2017-01-23,267.15,-0.45,하락,-0.17,267.25,268.45,265.90
2017-01-24,268.00,0.85,상승,0.32,267.55,268.90,267.00
2017-01-25,268.25,0.25,상승,0.09,269.50,269.50,267.55
2017-01-26,271.00,2.75,상승,1.03,269.50,271.50,268.75
2017-01-31,269.20,-1.80,하락,-0.66,269.90,270.30,268.95
2017-02-01,270.20,1.00,상승,0.37,269.60,270.30,269.45
2017-02-02,269.20,-1.00,하락,-0.37,269.95,271.60,268.50
2017-02-03,269.80,0.60,상승,0.22,269.70,269.95,267.90
2017-02-06,270.05,0.25,상승,0.09,271.30,271.70,269.20
2017-02-07,269.35,-0.70,하락,-0.26,270.35,270.35,268.85
2017-02-08,268.25,-1.10,하락,-0.41,268.85,268.90,266.15
2017-02-09,268.50,0.25,상승,0.09,268.30,269.20,267.45
2017-02-10,268.75,0.25,상승,0.09,269.55,270.25,268.70
2017-02-13,268.85,0.10,상승,0.04,268.55,269.15,268.20
2017-02-14,268.00,-0.85,하락,-0.32,269.75,269.75,267.45
2017-02-15,268.90,0.90,상승,0.34,267.95,269.50,267.45
2017-02-16,268.75,-0.15,하락,-0.06,269.50,270.35,268.55
2017-02-17,269.00,0.25,상승,0.09,267.90,269.25,267.85
2017-02-20,269.75,0.75,상승,0.28,269.15,269.95,268.70
2017-02-21,272.25,2.50,상승,0.93,270.00,273.50,269.80
2017-02-22,272.65,0.40,상승,0.15,272.60,273.20,272.35
2017-02-23,273.00,0.35,상승,0.13,272.65,273.10,272.25
2017-02-24,270.55,-2.45,하락,-0.90,272.65,273.05,270.20
2017-02-27,269.50,-1.05,하락,-0.39,270.65,271.05,268.90
2017-02-28,269.75,0.25,상승,0.09,269.70,270.60,269.40
2017-03-02,272.70,2.95,상승,1.09,271.90,273.40,271.35
2017-03-03,269.65,-3.05,하락,-1.12,271.40,271.60,269.00
2017-03-06,270.25,0.60,상승,0.22,268.90,270.45,268.35
2017-03-07,271.65,1.40,상승,0.52,270.55,272.30,270.15
2017-03-08,272.20,0.55,상승,0.20,271.40,272.95,271.00
2017-03-09,271.65,-1.05,하락,-0.39,272.90,273.40,271.65
2017-03-10,272.55,0.90,상승,0.33,271.65,273.30,270.55
2017-03-13,275.75,3.20,상승,1.17,272.95,276.45,272.80
2017-03-14,278.00,2.25,상승,0.82,276.75,278.15,276.45
2017-03-15,278.60,0.60,상승,0.22,277.85,278.65,277.45
2017-03-16,280.30,1.70,상승,0.61,281.30,281.95,279.80
2017-03-17,281.45,1.15,상승,0.41,280.50,281.95,280.15
2017-03-20,281.50,0.05,상승,0.02,281.60,281.65,280.25
2017-03-21,284.05,2.55,상승,0.91,282.15,284.80,281.60
2017-03-22,282.55,-1.50,하락,-0.53,281.85,282.85,281.35
2017-03-23,283.20,0.65,상승,0.23,283.80,284.50,282.80
2017-03-24,282.85,-0.35,하락,-0.12,283.30,284.35,282.05
2017-03-27,280.75,-2.10,하락,-0.74,281.20,282.20,280.35
2017-03-28,281.55,0.80,상승,0.28,282.15,282.40,281.00
2017-03-29,282.20,0.65,상승,0.23,282.70,282.80,281.45
2017-03-30,282.15,-0.05,하락,-0.02,282.55,283.60,281.45
2017-03-31,281.70,-0.45,하락,-0.16,282.30,282.60,281.25
2017-04-03,282.00,0.30,상승,0.11,282.10,283.20,281.55
2017-04-04,281.45,-0.55,하락,-0.20,281.80,282.35,280.85
2017-04-05,280.95,-0.50,하락,-0.18,281.50,281.85,279.15
2017-04-06,280.00,-0.95,하락,-0.34,280.00,280.10,278.50
2017-04-07,279.35,-0.65,하락,-0.23,280.25,280.45,278.15
2017-04-10,277.75,-1.60,하락,-0.57,279.30,279.40,277.10
2017-04-11,276.00,-1.75,하락,-0.63,276.95,277.75,275.45
2017-04-12,277.05,1.05,상승,0.38,276.40,277.05,275.75
2017-04-13,279.25,2.20,상승,0.79,276.95,279.25,276.30
2017-04-14,277.80,-1.45,하락,-0.52,278.15,278.55,276.20
2017-04-17,278.75,0.95,상승,0.34,278.45,279.60,277.85
2017-04-18,278.45,-0.30,하락,-0.11,279.90,280.10,277.55
2017-04-19,276.95,-1.50,하락,-0.54,277.75,278.55,276.25
2017-04-20,278.35,1.40,상승,0.51,276.45,278.35,276.00
2017-04-21,280.80,2.45,상승,0.88,279.40,281.15,279.00
2017-04-24,281.95,1.15,상승,0.41,282.00,282.60,281.30
2017-04-25,285.30,3.35,상승,1.19,282.15,285.40,282.10
2017-04-26,286.55,1.25,상승,0.44,286.10,287.35,285.85
2017-04-27,287.45,0.90,상승,0.31,286.55,287.55,286.15
2017-04-28,287.90,0.45,상승,0.16,287.50,288.90,287.30
2017-05-02,290.15,2.25,상승,0.78,289.10,291.65,288.65
2017-05-04,292.85,2.70,상승,0.93,290.95,292.85,290.80
2017-05-08,300.80,7.95,상승,2.71,293.05,300.80,292.95
2017-05-10,296.55,-4.25,하락,-1.41,300.80,305.60,295.85
2017-05-11,300.20,3.65,상승,1.23,298.10,300.60,296.85
2017-05-12,298.75,-1.45,하락,-0.48,300.20,300.50,298.20
2017-05-15,299.75,1.00,상승,0.33,299.05,300.30,297.85
2017-05-16,299.35,-0.40,하락,-0.13,301.25,302.10,298.30
2017-05-17,299.60,0.25,상승,0.08,298.90,300.15,298.20
2017-05-18,298.75,-0.85,하락,-0.28,296.40,298.90,295.80
2017-05-19,298.35,-0.40,하락,-0.13,298.50,299.25,297.85
2017-05-22,300.70,2.35,상승,0.79,300.35,300.90,299.00
2017-05-23,301.15,0.45,상승,0.15,301.15,303.80,300.70
2017-05-24,302.00,0.85,상승,0.28,302.25,302.95,301.40
2017-05-25,305.60,3.60,상승,1.19,303.35,305.60,302.40
2017-05-26,307.45,1.85,상승,0.61,305.60,308.75,305.20
2017-05-29,306.90,-0.55,하락,-0.18,308.20,309.50,305.25
2017-05-30,304.45,-2.45,하락,-0.80,307.00,307.15,303.20
2017-05-31,305.15,0.70,상승,0.23,304.15,306.40,303.80
2017-06-01,304.25,-0.90,하락,-0.29,304.70,305.45,303.15
2017-06-02,307.85,3.60,상승,1.18,305.20,308.10,305.05
2017-06-05,307.70,-0.15,하락,-0.05,308.05,308.70,306.95
2017-06-07,305.50,-2.20,하락,-0.71,307.05,307.65,305.40
2017-06-08,308.00,1.95,상승,0.64,306.30,308.00,304.70
2017-06-09,309.90,1.90,상승,0.62,307.90,310.60,307.65
2017-06-12,306.65,-3.25,하락,-1.05,308.00,308.85,306.30
2017-06-13,308.40,1.75,상승,0.57,306.95,308.85,306.70
2017-06-14,308.75,0.35,상승,0.11,309.60,310.70,307.65
2017-06-15,307.00,-1.75,하락,-0.57,308.30,309.35,305.50
2017-06-16,307.35,0.35,상승,0.11,307.10,308.00,306.50
2017-06-19,309.15,1.80,상승,0.59,307.20,309.80,306.60
2017-06-20,309.45,0.30,상승,0.10,310.50,310.80,309.15
2017-06-21,308.15,-1.30,하락,-0.42,308.00,308.45,306.65
2017-06-22,309.90,1.75,상승,0.57,308.70,310.00,307.80
2017-06-23,310.60,0.70,상승,0.23,309.70,311.20,309.50
2017-06-26,311.90,1.30,상승,0.42,311.00,312.65,310.70
2017-06-27,312.45,0.55,상승,0.18,311.75,313.30,311.60
2017-06-28,311.60,-0.85,하락,-0.27,311.00,312.35,310.85
2017-06-29,313.70,2.10,상승,0.67,313.20,314.60,313.10
2017-06-30,312.90,-0.80,하락,-0.26,311.45,312.90,311.20
2017-07-03,313.30,0.40,상승,0.13,313.25,313.65,311.80
2017-07-04,311.00,-2.30,하락,-0.73,313.30,313.60,310.85
2017-07-05,312.45,1.45,상승,0.47,310.60,312.80,310.35
2017-07-06,312.45,0.00,보합,0.00,313.25,313.30,311.55
2017-07-07,311.60,-0.85,하락,-0.27,311.05,312.15,310.45
2017-07-10,312.15,0.55,상승,0.18,312.40,313.30,311.50
2017-07-11,314.05,1.90,상승,0.61,312.75,314.35,312.35
2017-07-12,313.95,-0.10,하락,-0.03,314.10,314.85,313.75
2017-07-13,317.90,3.95,상승,1.26,315.85,319.10,315.75
2017-07-14,318.05,0.15,상승,0.05,318.35,318.80,317.65
2017-07-17,318.85,0.80,상승,0.25,320.05,320.30,318.65
2017-07-18,319.40,0.55,상승,0.17,319.15,319.40,318.45
2017-07-19,320.05,0.65,상승,0.20,319.80,320.05,318.40
2017-07-20,320.95,0.90,상승,0.28,320.55,321.55,319.55
2017-07-21,322.45,1.50,상승,0.47,320.70,322.65,320.70
2017-07-24,322.60,0.15,상승,0.05,322.55,322.65,321.65
2017-07-25,321.00,-1.60,하락,-0.50,322.55,322.75,320.70
2017-07-26,320.30,-0.70,하락,-0.22,321.45,321.60,319.50
2017-07-27,321.20,0.90,상승,0.28,321.20,322.15,320.35
2017-07-28,313.90,-7.30,하락,-2.27,320.00,320.20,313.90
2017-07-31,314.90,1.00,상승,0.32,313.35,315.50,313.25
2017-08-01,317.90,3.00,상승,0.95,314.15,319.45,313.85
2017-08-02,318.50,0.60,상승,0.19,318.75,319.45,318.10
2017-08-03,313.00,-5.50,하락,-1.73,317.55,317.65,310.70
2017-08-04,314.20,1.20,상승,0.38,312.90,314.90,312.55
2017-08-07,314.25,0.05,상승,0.02,314.65,316.30,314.10
2017-08-08,314.20,-0.05,하락,-0.02,315.10,316.20,312.25
2017-08-09,310.00,-4.20,하락,-1.34,311.70,312.70,309.65
2017-08-10,308.60,-1.40,하락,-0.45,309.00,310.35,306.40
2017-08-11,302.85,-5.75,하락,-1.86,303.90,305.40,302.30
2017-08-14,305.95,3.10,상승,1.02,305.20,306.40,304.45
2017-08-16,307.60,1.65,상승,0.54,308.75,309.15,307.10
2017-08-17,309.25,1.65,상승,0.54,308.20,309.85,307.30
2017-08-18,309.10,-0.15,하락,-0.05,306.50,309.30,306.30
2017-08-21,308.40,-0.70,하락,-0.23,309.75,309.80,307.90
2017-08-22,310.05,1.65,상승,0.54,308.90,310.35,308.90
2017-08-23,309.95,-0.10,하락,-0.03,311.50,311.70,309.25
2017-08-24,311.45,1.50,상승,0.48,310.00,312.05,309.95
2017-08-25,311.60,0.15,상승,0.05,312.25,312.55,310.75
2017-08-28,309.55,-2.05,하락,-0.66,311.10,312.05,309.35
2017-08-29,308.50,-1.05,하락,-0.34,307.95,309.10,304.45
2017-08-30,310.35,1.85,상승,0.60,309.50,310.35,308.65
2017-08-31,308.00,-2.35,하락,-0.76,309.90,310.55,307.40
2017-09-01,307.65,-0.35,하락,-0.11,309.10,309.50,306.85
2017-09-04,304.85,-2.80,하락,-0.91,303.10,306.60,303.00
2017-09-05,304.05,-0.80,하락,-0.26,305.95,306.00,303.50
2017-09-06,303.65,-0.40,하락,-0.13,304.10,304.20,302.70
2017-09-07,307.55,3.90,상승,1.28,304.55,307.70,304.30
2017-09-08,307.60,0.05,상승,0.02,307.80,308.10,306.85
2017-09-11,310.60,3.00,상승,0.98,308.85,311.50,308.65
2017-09-12,310.55,-0.05,하락,-0.02,311.85,311.90,309.85
2017-09-13,309.90,-0.65,하락,-0.21,311.00,312.35,309.75
2017-09-14,313.60,2.75,상승,0.88,311.70,313.60,310.90
2017-09-15,314.55,0.95,상승,0.30,312.55,314.60,311.75
2017-09-18,320.05,5.50,상승,1.75,314.85,320.05,314.65
2017-09-19,319.40,-0.65,하락,-0.20,319.65,320.20,319.10
2017-09-20,319.15,-0.25,하락,-0.08,320.10,321.60,318.15
2017-09-21,319.40,0.25,상승,0.08,318.70,319.85,318.35
2017-09-22,317.10,-2.30,하락,-0.72,318.95,320.10,316.40
2017-09-25,317.15,0.05,상승,0.02,317.65,317.95,316.20
2017-09-26,315.15,-2.00,하락,-0.63,315.80,316.50,314.65
2017-09-27,314.75,-0.40,하락,-0.13,315.55,315.60,314.30
2017-09-28,314.95,0.20,상승,0.06,314.80,315.90,313.95
2017-09-29,317.65,2.70,상승,0.86,315.10,317.65,315.05
2017-10-10,323.50,5.85,상승,1.84,322.30,324.85,321.40
2017-10-11,326.60,3.10,상승,0.96,324.50,326.90,324.10
2017-10-12,329.00,2.40,상승,0.73,326.95,329.10,326.80
2017-10-13,328.65,-0.35,하락,-0.11,328.40,329.30,327.90
2017-10-16,328.85,0.20,상승,0.06,329.00,330.25,328.15
2017-10-17,329.15,0.30,상승,0.09,328.90,329.85,328.70
2017-10-18,329.20,0.05,상승,0.02,328.85,330.10,328.30
2017-10-19,327.45,-1.75,하락,-0.53,330.05,330.25,327.10
2017-10-20,329.60,2.15,상승,0.66,327.60,329.65,327.60
2017-10-23,330.40,0.80,상승,0.24,330.55,331.10,329.25
2017-10-24,329.90,-0.50,하락,-0.15,330.20,330.80,329.80
2017-10-25,330.10,0.20,상승,0.06,330.05,330.65,328.70
2017-10-26,327.10,-3.00,하락,-0.91,329.85,330.10,327.10
2017-10-27,330.20,3.10,상승,0.95,327.75,330.35,327.45
2017-10-30,330.80,0.60,상승,0.18,331.95,332.10,330.30
2017-10-31,334.40,3.60,상승,1.09,331.00,334.85,330.20
2017-11-01,339.90,5.50,상승,1.64,336.45,339.90,335.90
2017-11-02,338.40,-1.50,하락,-0.44,339.50,339.85,337.55
2017-11-03,339.70,1.30,상승,0.38,339.30,339.95,336.80
2017-11-06,337.50,-2.20,하락,-0.65,339.00,339.50,335.05
2017-11-07,337.10,-0.40,하락,-0.12,337.50,338.95,336.75
2017-11-08,338.60,1.50,상승,0.44,335.70,339.55,335.40
2017-11-09,337.00,-1.60,하락,-0.47,339.15,339.25,335.65
2017-11-10,336.25,-0.75,하락,-0.22,335.45,337.20,335.20
2017-11-13,334.90,-1.35,하락,-0.40,336.30,337.90,334.40
2017-11-14,334.65,-0.25,하락,-0.07,334.80,335.30,333.80
2017-11-15,332.50,-2.15,하락,-0.64,334.00,334.20,332.05
2017-11-16,334.65,2.15,상승,0.65,333.40,335.25,332.55
2017-11-17,334.30,-0.35,하락,-0.10,336.25,338.60,334.20
2017-11-20,332.80,-1.50,하락,-0.45,335.05,335.60,332.55
2017-11-21,334.20,1.40,상승,0.42,334.25,335.20,333.15
2017-11-22,335.90,1.70,상승,0.51,336.00,337.50,334.90
2017-11-23,334.80,-1.10,하락,-0.33,336.25,336.30,334.50
2017-11-24,335.60,0.80,상승,0.24,335.30,335.80,334.05
2017-11-27,329.25,-6.35,하락,-1.89,335.85,336.00,329.25
2017-11-28,331.05,1.80,상승,0.55,330.15,331.75,328.95
2017-11-29,331.05,0.00,보합,0.00,331.50,332.55,330.40
2017-11-30,325.60,-5.45,하락,-1.65,328.75,329.85,324.45
2017-12-01,325.20,-0.40,하락,-0.12,326.50,326.85,324.55
2017-12-04,328.35,3.15,상승,0.97,326.55,328.60,325.05
2017-12-05,329.95,1.60,상승,0.49,327.00,330.35,326.30
2017-12-06,325.00,-4.95,하락,-1.50,329.90,329.95,324.70
2017-12-07,324.05,-0.95,하락,-0.29,325.80,325.85,322.65
2017-12-08,324.75,0.70,상승,0.22,324.75,325.60,323.55
2017-12-11,324.85,0.10,상승,0.03,325.10,325.45,323.50
2017-12-12,323.80,-1.05,하락,-0.32,324.95,325.30,323.20
2017-12-13,326.20,2.40,상승,0.74,324.35,326.75,323.35
2017-12-14,324.80,1.10,상승,0.34,324.20,328.50,323.00
2017-12-15,323.25,-1.55,하락,-0.48,325.30,326.25,323.25
2017-12-18,324.65,1.40,상승,0.43,324.25,324.90,323.40
2017-12-19,324.35,-0.30,하락,-0.09,325.15,327.25,323.65
2017-12-20,324.05,-0.30,하락,-0.09,323.90,325.30,323.60
2017-12-21,317.35,-6.70,하락,-2.07,323.00,323.55,317.35
2017-12-22,319.00,1.65,상승,0.52,318.65,319.85,317.40
2017-12-26,317.95,-1.05,하락,-0.33,319.80,321.75,317.50
2017-12-27,321.70,3.75,상승,1.18,319.00,321.70,318.20
2017-12-28,326.15,4.45,상승,1.38,321.50,326.15,321.40
2018-01-02,327.00,0.85,상승,0.26,326.60,327.50,325.45
2018-01-03,328.20,1.20,상승,0.37,328.00,329.10,327.25
2018-01-04,325.50,-2.70,하락,-0.82,329.95,330.15,325.05
2018-01-05,329.45,3.95,상승,1.21,326.50,329.70,326.25
2018-01-08,331.75,2.30,상승,0.70,331.40,332.65,329.25
2018-01-09,330.95,-0.80,하락,-0.24,331.20,333.50,329.45
2018-01-10,328.35,-2.60,하락,-0.79,331.85,331.95,328.05
2018-01-11,327.00,-1.35,하락,-0.41,328.20,328.85,326.00
2018-01-12,327.35,0.35,상승,0.11,327.80,328.20,325.10
2018-01-15,327.80,0.45,상승,0.14,329.00,329.75,327.05
2018-01-16,331.00,3.20,상승,0.98,328.00,331.30,327.35
2018-01-17,329.70,-1.30,하락,-0.39,329.95,330.90,328.90
2018-01-18,329.90,0.20,상승,0.06,331.30,332.70,329.45
2018-01-19,330.10,0.20,상승,0.06,330.40,331.15,329.55
2018-01-22,326.75,-3.35,하락,-1.01,330.00,330.05,325.30
2018-01-23,331.75,5.00,상승,1.53,328.15,331.75,327.85
2018-01-24,332.10,0.35,상승,0.11,330.95,333.35,330.90
2018-01-25,334.80,2.70,상승,0.81,331.05,335.40,331.00
2018-01-26,336.45,1.65,상승,0.49,334.50,336.45,333.80
2018-01-29,339.00,2.55,상승,0.76,338.15,340.30,337.70
2018-01-30,334.40,-4.60,하락,-1.36,338.35,338.95,334.00
2018-01-31,334.95,0.55,상승,0.16,333.40,339.25,332.80
2018-02-01,334.15,-0.80,하락,-0.24,335.30,336.30,333.60
2018-02-02,327.90,-6.25,하락,-1.87,333.20,333.60,326.85
2018-02-05,323.50,-4.40,하락,-1.34,323.60,324.90,321.45
2018-02-06,318.15,-5.35,하락,-1.65,317.45,319.70,313.15
2018-02-07,310.00,-8.15,하락,-2.56,322.00,322.30,310.00
2018-02-08,313.00,3.00,상승,0.97,311.10,314.60,310.00
2018-02-09,304.35,-8.65,하락,-2.76,303.30,306.50,302.10
2018-02-12,308.60,4.25,상승,1.40,306.80,309.80,305.20
2018-02-13,311.90,3.30,상승,1.07,310.75,314.35,309.20
2018-02-14,314.80,2.90,상승,0.93,312.65,315.70,312.60
2018-02-19,316.75,1.95,상승,0.62,319.10,319.30,314.70
2018-02-20,312.50,-4.25,하락,-1.34,315.55,315.80,312.20
2018-02-21,314.55,2.05,상승,0.66,313.00,315.05,310.75
2018-02-22,312.35,-2.20,하락,-0.70,312.60,313.35,311.00
2018-02-23,317.45,5.10,상승,1.63,313.75,317.45,313.60
2018-02-26,317.60,0.15,상승,0.05,318.70,318.85,316.35
2018-02-27,316.25,-1.35,하락,-0.43,319.40,320.95,316.25
2018-02-28,312.95,-3.30,하락,-1.04,316.10,317.25,312.65
2018-03-02,308.65,-4.30,하락,-1.37,309.60,310.15,306.65
2018-03-05,304.35,-4.30,하락,-1.39,307.70,308.60,304.05
2018-03-06,310.80,6.45,상승,2.12,307.15,310.80,306.75
2018-03-07,310.95,0.15,상승,0.05,311.55,314.10,308.80
2018-03-08,314.75,3.75,상승,1.21,314.45,315.15,312.05
2018-03-09,318.25,3.50,상승,1.11,316.25,321.30,315.35
2018-03-12,321.25,3.00,상승,0.94,321.85,322.55,320.15
2018-03-13,322.65,1.40,상승,0.44,321.35,323.15,320.80
2018-03-14,322.70,0.05,상승,0.02,320.30,322.80,320.25
2018-03-15,324.00,1.30,상승,0.40,323.40,324.10,320.35
2018-03-16,323.15,-0.85,하락,-0.26,323.20,323.95,320.80
2018-03-19,321.00,-2.15,하락,-0.67,322.80,323.20,320.15
2018-03-20,322.45,1.45,상승,0.45,319.00,322.45,318.30
2018-03-21,322.75,0.30,상승,0.09,322.35,323.35,321.80
2018-03-22,323.25,0.50,상승,0.15,322.75,325.50,322.40
2018-03-23,312.65,-10.60,하락,-3.28,316.55,317.80,311.80
2018-03-26,315.65,3.00,상승,0.96,311.70,315.65,310.10
2018-03-27,316.30,0.65,상승,0.21,317.30,317.70,315.70
2018-03-28,311.80,-4.50,하락,-1.42,312.85,313.25,310.55
2018-03-29,315.60,3.80,상승,1.22,312.95,315.60,311.55
2018-03-30,315.70,0.10,상승,0.03,317.15,318.00,315.40
2018-04-02,314.60,-1.10,하락,-0.35,315.70,318.10,314.60
2018-04-03,313.95,-0.65,하락,-0.21,312.10,314.30,311.00
2018-04-04,308.70,-5.25,하락,-1.67,314.65,314.70,308.70
2018-04-05,314.10,5.40,상승,1.75,311.75,315.10,311.05
2018-04-06,312.35,-1.75,하락,-0.56,311.75,312.95,310.30
2018-04-09,314.10,1.75,상승,0.56,311.75,314.70,311.40
2018-04-10,314.60,0.50,상승,0.16,313.00,315.50,310.30
2018-04-11,313.60,-1.00,하락,-0.32,314.85,315.85,313.20
2018-04-12,312.90,-0.70,하락,-0.22,314.75,315.35,312.85
2018-04-13,315.60,2.70,상승,0.86,314.30,315.95,313.85
2018-04-16,315.45,-0.15,하락,-0.05,317.15,317.40,314.75
2018-04-17,315.55,0.10,상승,0.03,315.80,316.95,314.70
2018-04-18,318.75,3.20,상승,1.01,317.30,319.95,317.10
2018-04-19,320.15,1.40,상승,0.44,320.00,321.20,319.20
2018-04-20,318.05,-2.10,하락,-0.66,318.50,319.80,318.00
2018-04-23,318.25,0.20,상승,0.06,317.70,318.80,317.10
2018-04-24,316.50,-1.75,하락,-0.55,318.70,318.80,314.90
2018-04-25,314.10,-2.40,하락,-0.76,314.00,314.75,312.65
2018-04-26,318.60,4.50,상승,1.43,315.30,319.50,315.10
2018-04-27,321.30,2.70,상승,0.85,321.50,323.40,320.05
2018-04-30,322.80,1.50,상승,0.47,322.50,323.45,321.60
2018-05-02,320.90,-1.90,하락,-0.59,322.25,322.80,320.35
2018-05-03,319.15,-1.75,하락,-0.55,320.10,320.80,318.60
2018-05-04,317.60,-1.55,하락,-0.49,319.80,320.15,317.05
2018-05-08,315.20,-2.40,하락,-0.76,318.50,319.30,315.20
2018-05-09,315.20,0.00,보합,0.00,315.70,316.25,312.80
2018-05-10,317.00,1.80,상승,0.57,316.35,317.30,315.45
2018-05-11,318.80,1.80,상승,0.57,318.50,319.95,318.00
2018-05-14,318.00,-0.80,하락,-0.25,319.25,319.75,317.50
2018-05-15,314.90,-3.10,하락,-0.97,317.50,318.50,314.70
2018-05-16,316.05,1.15,상승,0.37,313.90,316.95,313.65
2018-05-17,314.55,-1.50,하락,-0.47,317.35,318.15,314.55
2018-05-18,315.90,1.35,상승,0.43,315.50,316.00,314.80
2018-05-21,316.25,0.35,상승,0.11,316.15,317.30,313.65
2018-05-23,318.30,2.05,상승,0.65,316.20,318.75,315.85
2018-05-24,317.70,-0.60,하락,-0.19,319.00,319.30,316.55
2018-05-25,318.45,0.75,상승,0.24,315.95,318.75,315.75
2018-05-28,319.25,0.80,상승,0.25,319.20,319.80,318.50
2018-05-29,316.05,-3.20,하락,-1.00,318.75,319.30,316.05
2018-05-30,308.70,-7.35,하락,-2.33,314.80,315.00,307.55
2018-05-31,310.30,1.60,상승,0.52,311.00,311.20,309.30
2018-06-01,312.55,2.25,상승,0.73,310.30,313.65,309.45
2018-06-04,314.30,1.75,상승,0.56,313.00,314.90,312.55
2018-06-05,314.90,0.60,상승,0.19,314.20,315.15,312.25
2018-06-07,318.00,3.10,상승,0.98,316.75,318.70,316.30
2018-06-08,314.45,-3.55,하락,-1.12,316.60,317.15,314.15
2018-06-11,317.30,2.85,상승,0.91,314.85,317.30,314.20
2018-06-12,316.80,-0.50,하락,-0.16,317.85,318.50,316.20
2018-06-14,310.40,-6.25,하락,-1.97,315.10,315.10,310.40
2018-06-15,309.20,-1.20,하락,-0.39,312.20,312.20,308.90
2018-06-18,305.85,-3.35,하락,-1.08,309.50,309.55,304.20
2018-06-19,301.35,-4.50,하락,-1.47,305.00,305.85,300.85
2018-06-20,304.20,2.85,상승,0.95,302.85,305.65,301.80
2018-06-21,300.75,-3.45,하락,-1.13,303.70,304.85,300.55
2018-06-22,303.65,2.90,상승,0.96,298.20,303.65,298.05
2018-06-25,303.25,-0.40,하락,-0.13,303.15,304.00,300.20
2018-06-26,302.40,-0.85,하락,-0.28,300.30,303.70,299.40
2018-06-27,301.55,-0.85,하락,-0.28,301.85,303.85,301.55
2018-06-28,299.10,-2.45,하락,-0.81,300.80,301.60,298.30
2018-06-29,300.00,0.90,상승,0.30,299.45,300.55,296.25
2018-07-02,292.90,-7.10,하락,-2.37,299.00,300.10,292.85
2018-07-03,293.75,0.85,상승,0.29,295.15,295.20,291.30
2018-07-04,292.55,-1.20,하락,-0.41,293.75,294.90,292.25
2018-07-05,292.00,-0.55,하락,-0.19,292.50,293.90,290.20
2018-07-06,293.60,1.60,상승,0.55,291.50,295.25,290.60
2018-07-09,296.25,2.65,상승,0.90,294.25,297.20,293.00
2018-07-10,296.95,0.70,상승,0.24,297.20,298.40,296.40
2018-07-11,295.30,-1.65,하락,-0.56,294.20,295.70,292.05
2018-07-12,296.00,0.70,상승,0.24,295.65,297.35,294.25
2018-07-13,299.10,3.10,상승,1.05,296.00,299.75,296.00
2018-07-16,298.20,-0.90,하락,-0.30,299.20,299.95,297.75
2018-07-17,297.35,-0.85,하락,-0.29,297.95,298.75,296.20
2018-07-18,297.05,-0.30,하락,-0.10,299.25,300.60,296.55
2018-07-19,296.05,-1.00,하락,-0.34,298.30,298.50,295.90
2018-07-20,297.50,1.45,상승,0.49,296.50,298.05,294.50
2018-07-23,295.40,-2.10,하락,-0.71,297.50,297.55,294.65
2018-07-24,296.25,0.85,상승,0.29,295.55,296.70,294.05
2018-07-25,295.50,-0.75,하락,-0.25,296.70,297.90,295.25
2018-07-26,297.50,2.00,상승,0.68,297.10,298.80,295.90
2018-07-27,298.55,1.05,상승,0.35,298.10,298.55,296.95
2018-07-30,297.80,-0.75,하락,-0.25,297.40,298.55,296.40
2018-07-31,297.95,0.15,상승,0.05,297.75,298.30,296.80
2018-08-01,299.35,1.40,상승,0.47,298.55,300.35,298.50
2018-08-02,293.50,-5.85,하락,-1.95,299.20,299.25,293.35
2018-08-03,295.80,2.30,상승,0.78,294.70,296.15,293.75
2018-08-06,295.80,0.00,보합,0.00,296.30,297.80,295.55
2018-08-07,297.90,2.10,상승,0.71,296.10,297.90,294.70
2018-08-08,297.70,-0.20,하락,-0.07,298.10,298.75,297.25
2018-08-09,297.55,-0.15,하락,-0.05,297.65,297.95,296.10
2018-08-10,294.05,-3.50,하락,-1.18,296.60,296.90,293.55
2018-08-13,290.55,-3.50,하락,-1.19,292.15,292.50,288.70
2018-08-14,291.70,1.15,상승,0.40,290.60,292.10,290.20
2018-08-16,288.35,-3.35,하락,-1.15,287.15,289.55,285.95
2018-08-17,288.60,0.25,상승,0.09,288.35,289.55,287.95
2018-08-20,289.05,0.45,상승,0.16,289.85,291.30,288.50
2018-08-21,292.50,3.45,상승,1.19,288.60,292.50,288.10
2018-08-22,293.35,0.85,상승,0.29,292.65,293.90,291.85
2018-08-23,294.15,0.80,상승,0.27,294.60,294.65,292.65
2018-08-24,295.50,1.35,상승,0.46,293.80,296.10,292.65
2018-08-27,297.10,1.60,상승,0.54,296.70,297.50,295.50
2018-08-28,297.45,0.35,상승,0.12,298.40,299.05,297.05
2018-08-29,298.00,0.55,상승,0.18,297.75,298.40,297.05
2018-08-30,298.30,0.30,상승,0.10,298.25,299.95,297.35
2018-08-31,299.55,1.25,상승,0.42,296.90,299.55,296.20
2018-09-03,297.45,-2.10,하락,-0.70,299.00,299.15,297.05
2018-09-04,298.95,1.50,상승,0.50,297.65,299.15,296.90
2018-09-05,294.70,-4.25,하락,-1.42,297.85,298.40,294.40
2018-09-06,294.50,-0.20,하락,-0.07,294.30,295.90,293.75
2018-09-07,293.10,-1.40,하락,-0.48,292.75,293.95,290.75
2018-09-10,293.55,0.45,상승,0.15,292.60,294.10,292.30
2018-09-11,292.45,-1.10,하락,-0.37,293.10,294.65,291.50
2018-09-12,292.65,0.20,상승,0.07,292.70,293.25,291.05
2018-09-13,293.25,0.35,상승,0.12,293.15,293.80,292.40
2018-09-14,298.05,4.80,상승,1.64,295.45,298.15,295.30
2018-09-17,295.25,-2.80,하락,-0.94,297.00,297.10,294.55
2018-09-18,296.85,1.60,상승,0.54,293.65,296.95,293.20
2018-09-19,297.05,0.20,상승,0.07,297.90,297.95,295.75
2018-09-20,299.65,2.60,상승,0.88,297.75,300.85,297.35
2018-09-21,301.00,1.35,상승,0.45,300.45,301.15,299.40
2018-09-27,303.15,2.15,상승,0.71,300.05,303.70,300.00
2018-09-28,301.60,-1.55,하락,-0.51,303.30,303.60,301.20
2018-10-01,301.05,-0.55,하락,-0.18,302.10,302.70,300.05
2018-10-02,297.60,-3.45,하락,-1.15,300.70,301.80,297.25
2018-10-04,292.55,-5.05,하락,-1.70,297.60,297.75,292.15
2018-10-05,291.90,-0.65,하락,-0.22,292.20,293.35,290.30
2018-10-08,290.80,-1.10,하락,-0.38,290.75,293.05,290.55
2018-10-10,288.80,-2.00,하락,-0.69,291.35,291.45,287.75
2018-10-11,275.55,-13.25,하락,-4.59,281.05,283.40,275.55
2018-10-12,280.20,4.65,상승,1.69,276.75,281.80,276.25
2018-10-15,277.90,-2.30,하락,-0.82,279.45,279.60,277.20
2018-10-16,277.65,-0.25,하락,-0.09,278.90,280.10,276.80
2018-10-17,281.20,3.55,상승,1.28,281.00,282.50,279.65
2018-10-18,278.25,-2.95,하락,-1.05,279.60,280.60,278.00
2018-10-19,279.20,0.95,상승,0.34,276.40,279.70,274.50
2018-10-22,279.90,0.70,상승,0.25,277.20,280.60,276.65
2018-10-23,273.15,-6.75,하락,-2.41,277.70,278.10,271.60
2018-10-24,272.05,-1.10,하락,-0.40,275.30,275.30,271.55
2018-10-25,267.70,-4.35,하락,-1.60,266.20,267.85,263.75
2018-10-26,263.45,-4.25,하락,-1.59,267.80,268.05,260.95
2018-10-29,260.55,-2.90,하락,-1.10,264.65,266.10,260.55
2018-10-30,262.75,2.20,상승,0.84,260.30,265.40,259.70
2018-10-31,264.10,1.35,상승,0.51,263.75,264.60,261.50
2018-11-01,263.60,-0.50,하락,-0.19,264.30,267.55,262.80
2018-11-02,272.85,9.25,상승,3.51,266.45,273.30,266.00
2018-11-05,270.05,-2.80,하락,-1.03,270.75,271.15,266.90
2018-11-06,272.05,2.00,상승,0.74,271.60,272.35,268.95
2018-11-07,270.75,-1.30,하락,-0.48,271.55,274.35,269.90
2018-11-08,273.05,2.30,상승,0.85,275.00,276.60,272.35
2018-11-09,271.50,-1.55,하락,-0.57,272.60,273.80,271.10
2018-11-12,272.10,0.60,상승,0.22,269.20,272.50,268.70
2018-11-13,269.40,-2.70,하락,-0.99,267.95,270.20,265.05
2018-11-14,269.30,-0.10,하락,-0.04,269.90,270.30,268.30
2018-11-15,272.10,2.80,상승,1.04,268.70,272.30,267.90
2018-11-16,271.70,-0.40,하락,-0.15,272.90,273.60,271.25
2018-11-19,272.60,0.90,상승,0.33,271.80,274.40,271.25
2018-11-20,269.60,-3.00,하락,-1.10,269.65,271.10,269.00
2018-11-21,268.55,-1.05,하락,-0.39,266.20,268.80,265.50
2018-11-22,268.40,-0.15,하락,-0.06,268.50,269.40,267.70
2018-11-23,266.40,-2.00,하락,-0.75,268.00,268.85,265.25
2018-11-26,270.50,4.10,상승,1.54,267.10,270.50,266.80
2018-11-27,272.45,1.95,상승,0.72,270.95,272.75,269.45
2018-11-28,274.00,1.55,상승,0.57,273.00,274.00,271.70
2018-11-29,274.30,0.30,상승,0.11,277.70,278.00,273.75
2018-11-30,271.60,-2.70,하락,-0.98,275.35,275.50,271.05
2018-12-03,276.40,4.80,상승,1.77,275.55,277.20,273.80
2018-12-04,273.75,-2.65,하락,-0.96,275.15,275.75,272.05
2018-12-05,271.90,-1.85,하락,-0.68,269.90,272.75,269.70
2018-12-06,267.40,-4.50,하락,-1.66,270.00,270.40,267.05
2018-12-10,265.40,-3.10,하락,-1.15,264.75,266.55,264.00
2018-12-11,265.15,-0.25,하락,-0.09,266.50,266.50,264.30
2018-12-12,268.80,3.65,상승,1.38,266.25,269.10,265.75
2018-12-13,267.80,1.90,상승,0.71,266.40,268.25,265.30
2018-12-14,262.70,-5.10,하락,-1.90,266.95,267.20,261.35
2018-12-17,263.65,0.95,상승,0.36,263.20,264.50,263.05
2018-12-18,262.55,-1.10,하락,-0.42,261.50,264.00,261.50
2018-12-19,264.45,1.90,상승,0.72,263.40,264.70,262.65
2018-12-20,261.45,-3.00,하락,-1.13,262.75,263.30,260.20
2018-12-21,261.65,0.20,상승,0.08,261.30,262.00,260.35
2018-12-24,261.55,-0.10,하락,-0.04,261.00,261.60,259.80
2018-12-26,257.30,-4.25,하락,-1.62,257.90,259.50,256.15
2018-12-27,261.45,4.15,상승,1.61,261.45,262.35,260.40
2018-12-28,262.00,0.55,상승,0.21,261.70,263.50,261.50
2019-01-02,258.85,-3.15,하락,-1.20,264.30,264.75,258.30
2019-01-03,256.60,-2.25,하락,-0.87,258.85,259.50,256.20
2019-01-04,258.85,2.25,상승,0.88,256.50,258.95,255.60
2019-01-07,262.80,3.95,상승,1.53,262.00,264.25,261.55
2019-01-08,260.75,-2.05,하락,-0.78,262.40,263.25,260.35
2019-01-09,266.05,5.30,상승,2.03,261.30,266.95,261.25
2019-01-10,265.80,-0.25,하락,-0.09,266.20,267.45,265.20
2019-01-11,267.95,2.15,상승,0.81,267.40,268.35,266.05
2019-01-14,265.40,-2.55,하락,-0.95,266.95,267.30,265.00
2019-01-15,270.85,5.45,상승,2.05,266.60,271.00,266.05
2019-01-16,272.10,1.25,상승,0.46,270.25,272.10,269.70
2019-01-17,272.35,0.25,상승,0.09,272.45,273.65,271.35
2019-01-18,274.75,2.40,상승,0.88,273.90,274.85,273.20
2019-01-21,274.80,0.05,상승,0.02,276.50,276.55,273.00
2019-01-22,273.10,-1.70,하락,-0.62,274.90,275.35,272.25
2019-01-23,274.80,1.70,상승,0.62,272.00,275.40,271.95
2019-01-24,277.10,2.30,상승,0.84,274.80,277.15,274.25
2019-01-25,282.40,5.30,상승,1.91,277.90,282.50,277.55
2019-01-28,282.15,-0.25,하락,-0.09,282.45,284.10,281.15
2019-01-29,283.55,1.40,상승,0.50,281.65,283.65,280.35
2019-01-30,287.60,4.05,상승,1.43,283.60,287.60,282.95
2019-01-31,286.95,-0.65,하락,-0.23,290.00,290.35,286.40
2019-02-01,286.30,-0.65,하락,-0.23,287.80,289.05,285.90
2019-02-07,286.00,-0.30,하락,-0.10,288.05,288.25,285.30
2019-02-08,281.90,-4.10,하락,-1.43,284.50,284.80,281.50
2019-02-11,282.65,0.75,상승,0.27,282.20,282.65,280.60
2019-02-12,284.30,1.65,상승,0.58,282.40,284.80,282.05
2019-02-13,285.70,1.40,상승,0.49,285.40,285.85,284.60
2019-02-14,288.35,2.65,상승,0.93,284.45,288.45,283.20
2019-02-15,284.15,-4.20,하락,-1.46,286.80,287.15,283.35
2019-02-18,286.75,2.60,상승,0.92,286.00,287.60,285.35
2019-02-19,285.65,-1.10,하락,-0.38,286.05,286.65,283.50
2019-02-20,288.40,2.75,상승,0.96,287.05,289.75,286.35
2019-02-21,288.60,0.20,상승,0.07,287.50,289.75,286.40
2019-02-22,288.75,0.15,상승,0.05,288.25,289.05,287.00
2019-02-25,289.55,0.80,상승,0.28,290.30,290.80,288.20
2019-02-26,287.75,-1.80,하락,-0.62,288.90,289.50,287.50
2019-02-27,288.45,0.70,상승,0.24,289.30,289.80,288.40
2019-02-28,283.85,-4.60,하락,-1.59,288.55,289.00,283.80
2019-03-04,282.60,-1.25,하락,-0.44,286.10,287.15,282.60
2019-03-05,280.70,-1.90,하락,-0.67,281.50,282.15,279.75
2019-03-06,280.50,-0.20,하락,-0.07,280.60,280.65,279.25
2019-03-07,278.90,-1.60,하락,-0.57,279.75,281.15,277.90
2019-03-08,275.05,-3.85,하락,-1.38,277.35,278.10,274.90
2019-03-11,275.25,0.20,상승,0.07,275.40,276.15,274.25
2019-03-12,278.00,2.75,상승,1.00,277.20,278.70,277.10
2019-03-13,275.70,-2.30,하락,-0.83,277.05,277.20,273.95
2019-03-14,277.70,1.20,상승,0.43,277.45,278.25,275.60
2019-03-15,280.75,3.05,상승,1.10,276.90,281.50,276.80
2019-03-18,280.75,0.00,보합,0.00,281.35,281.60,280.05
2019-03-19,280.55,-0.20,하락,-0.07,280.90,281.30,279.45
2019-03-20,280.90,0.35,상승,0.12,280.00,280.95,277.20
2019-03-21,282.80,1.90,상승,0.68,281.65,285.20,281.30
2019-03-22,283.35,0.55,상승,0.19,284.20,285.00,282.75
2019-03-25,277.80,-5.55,하락,-1.96,279.30,280.00,277.70
2019-03-26,278.00,0.20,상승,0.07,278.80,278.90,277.55
2019-03-27,278.00,0.00,보합,0.00,277.00,278.75,275.40
2019-03-28,276.40,-1.60,하락,-0.58,275.95,277.25,274.90
2019-03-29,277.20,0.80,상승,0.29,276.60,277.95,275.60
2019-04-01,281.45,4.25,상승,1.53,279.40,281.85,279.25
2019-04-02,282.50,1.05,상승,0.37,282.20,283.40,281.95
2019-04-03,286.85,4.35,상승,1.54,282.95,287.05,282.20
2019-04-04,287.30,0.45,상승,0.16,286.65,289.05,286.30
2019-04-05,288.00,0.70,상승,0.24,287.50,288.70,286.95
2019-04-08,287.25,-0.75,하락,-0.26,289.00,289.15,286.20
2019-04-09,287.75,0.50,상승,0.17,287.60,289.05,286.40
2019-04-10,289.20,1.45,상승,0.50,286.65,289.25,286.30
2019-04-11,288.30,-0.90,하락,-0.31,289.50,289.70,287.45
2019-04-12,289.45,1.15,상승,0.40,287.90,289.80,286.80
2019-04-15,290.75,1.30,상승,0.45,290.05,291.80,290.00
2019-04-16,291.65,0.90,상승,0.31,290.15,291.70,289.80
2019-04-17,291.55,-0.10,하락,-0.03,291.65,292.10,290.85
2019-04-18,286.50,-5.05,하락,-1.73,291.75,291.90,286.25
2019-04-19,286.55,0.05,상승,0.02,287.75,288.35,286.55
2019-04-22,286.50,-0.05,하락,-0.02,287.10,288.45,285.35
2019-04-23,287.00,0.50,상승,0.17,286.85,287.65,286.00
2019-04-24,284.25,-2.75,하락,-0.96,288.45,288.45,282.60
2019-04-25,283.25,-1.00,하락,-0.35,283.50,284.90,282.75
2019-04-26,281.75,-1.50,하락,-0.53,282.20,282.95,280.30
2019-04-29,287.65,5.90,상승,2.09,282.45,287.65,282.30
2019-04-30,285.40,-2.25,하락,-0.78,287.15,287.35,283.20
2019-05-02,286.85,1.45,상승,0.51,284.00,287.50,283.45
2019-05-03,283.95,-2.90,하락,-1.01,286.60,286.65,283.50
2019-05-07,281.80,-2.15,하락,-0.76,281.00,282.05,279.10
2019-05-08,280.15,-1.65,하락,-0.59,278.05,282.10,277.95
2019-05-09,272.25,-7.90,하락,-2.82,279.20,279.75,270.25
2019-05-10,271.95,-0.30,하락,-0.11,272.20,274.60,269.90
2019-05-13,269.05,-2.90,하락,-1.07,269.55,271.65,268.85
2019-05-14,268.65,-0.40,하락,-0.15,266.00,270.65,266.00
2019-05-15,270.20,1.55,상승,0.58,268.85,271.10,267.55
2019-05-16,266.35,-3.85,하락,-1.42,269.50,269.80,265.65
2019-05-17,264.80,-1.55,하락,-0.58,267.95,268.25,264.10
2019-05-20,265.30,0.50,상승,0.19,266.10,267.80,264.65
2019-05-21,266.65,1.35,상승,0.51,264.70,268.70,264.65
2019-05-22,267.20,0.55,상승,0.21,267.40,267.70,264.05
2019-05-23,266.15,-1.05,하락,-0.39,266.75,267.20,264.60
2019-05-24,264.95,-1.20,하락,-0.45,265.45,266.45,263.25
2019-05-27,264.50,-0.45,하락,-0.17,264.35,266.00,263.35
2019-05-28,264.90,0.40,상승,0.15,264.50,266.10,263.50
2019-05-29,261.10,-3.80,하락,-1.43,264.00,264.40,260.20
2019-05-30,264.30,3.20,상승,1.23,262.20,264.30,261.75
2019-05-31,263.50,-0.80,하락,-0.30,263.00,265.15,261.55
2019-06-03,268.05,4.55,상승,1.73,262.95,268.05,261.90
2019-06-04,267.05,-1.00,하락,-0.37,267.80,268.15,266.50
2019-06-05,267.95,0.90,상승,0.34,269.55,270.35,267.20
2019-06-07,267.60,-0.35,하락,-0.13,267.75,269.75,265.80
2019-06-10,271.70,4.10,상승,1.53,269.70,272.25,268.40
2019-06-11,273.15,1.45,상승,0.53,271.25,273.55,270.85
2019-06-12,272.15,-1.00,하락,-0.37,273.25,274.15,272.00
2019-06-13,269.60,-2.85,하락,-1.05,271.90,272.65,268.25
2019-06-14,269.95,0.35,상승,0.13,270.05,271.60,268.60
2019-06-17,270.25,0.30,상승,0.11,269.70,271.65,269.25
2019-06-18,271.65,1.40,상승,0.52,269.55,272.05,269.55
2019-06-19,274.85,3.20,상승,1.18,274.70,275.75,274.15
2019-06-20,276.10,1.25,상승,0.45,275.30,276.25,274.55
2019-06-21,275.70,-0.40,하락,-0.14,276.15,276.40,274.70
2019-06-24,275.70,0.00,보합,0.00,276.05,276.80,275.25
2019-06-25,275.05,-0.65,하락,-0.24,275.45,277.10,274.20
2019-06-26,275.75,0.70,상승,0.25,274.90,276.35,274.75
2019-06-27,279.20,3.45,상승,1.25,276.50,279.45,275.80
2019-06-28,278.40,-0.80,하락,-0.29,278.85,279.40,277.50
2019-07-01,278.10,-0.30,하락,-0.11,280.85,281.00,277.75
2019-07-02,277.00,-1.10,하락,-0.40,276.10,278.30,275.40
2019-07-03,273.00,-4.00,하락,-1.44,276.50,277.40,272.65
2019-07-04,275.55,2.55,상승,0.93,273.40,275.55,272.65
2019-07-05,274.85,-0.70,하락,-0.25,275.35,276.05,273.20
2019-07-08,269.20,-5.65,하락,-2.06,272.70,272.85,269.00
2019-07-09,268.00,-1.20,하락,-0.45,270.00,270.90,268.00
2019-07-10,269.65,1.65,상승,0.62,270.15,270.95,269.45
2019-07-11,273.00,3.35,상승,1.24,270.85,273.75,270.85
2019-07-12,273.45,0.45,상승,0.16,272.95,273.95,272.00
2019-07-15,273.50,0.05,상승,0.02,272.70,274.00,271.70
2019-07-16,274.70,1.20,상승,0.44,273.50,275.15,272.80
2019-07-17,271.85,-2.85,하락,-1.04,273.35,273.55,271.05
2019-07-18,271.10,-0.75,하락,-0.28,271.25,272.30,270.30
2019-07-19,275.15,4.05,상승,1.49,272.95,275.85,272.85
2019-07-22,275.15,0.00,보합,0.00,274.25,276.00,274.05
2019-07-23,276.45,1.30,상승,0.47,275.65,277.30,275.20
2019-07-24,274.05,-2.40,하락,-0.87,276.00,277.10,273.35
2019-07-25,273.80,-0.25,하락,-0.09,275.00,275.05,271.80
2019-07-26,272.55,-1.25,하락,-0.46,271.90,272.90,271.25
2019-07-29,268.40,-4.15,하락,-1.52,272.10,272.30,267.75
2019-07-30,269.40,1.00,상승,0.37,269.05,270.30,268.90
2019-07-31,266.85,-2.55,하락,-0.95,268.90,269.80,265.75
2019-08-01,266.20,-0.65,하락,-0.24,264.75,267.85,264.65
2019-08-02,263.15,-3.05,하락,-1.15,263.00,264.00,261.95
2019-08-05,256.95,-6.20,하락,-2.36,261.40,261.85,256.95
2019-08-06,253.65,-3.30,하락,-1.28,251.10,257.15,250.90
2019-08-07,253.00,-0.65,하락,-0.26,253.60,255.00,251.40
2019-08-08,253.60,0.60,상승,0.24,254.50,255.60,252.50
2019-08-09,255.25,1.65,상승,0.65,255.00,256.30,254.55
2019-08-12,255.45,0.20,상승,0.08,255.35,256.40,254.45
2019-08-13,252.05,-3.40,하락,-1.33,253.60,254.60,252.05
2019-08-14,255.20,3.15,상승,1.25,255.60,256.95,254.65
2019-08-16,254.05,-1.15,하락,-0.45,252.65,254.05,251.50
2019-08-19,255.75,1.70,상승,0.67,255.40,255.90,254.30
2019-08-20,258.00,2.25,상승,0.88,255.00,258.50,254.85
2019-08-21,258.40,0.40,상승,0.16,257.30,259.45,257.15
2019-08-22,256.40,-2.00,하락,-0.77,258.60,258.70,256.20
2019-08-23,256.35,-0.05,하락,-0.02,255.15,256.90,255.05
2019-08-26,252.60,-3.75,하락,-1.46,251.50,253.15,250.95
2019-08-27,254.00,1.40,상승,0.55,253.20,254.90,252.75
2019-08-28,255.85,1.85,상승,0.73,254.60,255.95,253.65
2019-08-29,254.20,-1.65,하락,-0.64,255.80,256.05,253.70
2019-08-30,259.15,4.95,상승,1.95,256.20,259.65,256.20
2019-09-02,259.35,0.20,상승,0.08,258.10,259.75,257.95
2019-09-03,257.95,-1.40,하락,-0.54,258.15,259.75,257.55
2019-09-04,261.90,3.95,상승,1.53,257.85,262.10,257.60
2019-09-05,264.70,2.80,상승,1.07,262.30,266.10,262.10
2019-09-06,265.75,1.05,상승,0.40,265.80,266.20,264.80
2019-09-09,267.65,1.90,상승,0.71,266.30,268.70,265.90
2019-09-10,268.80,1.15,상승,0.43,267.85,269.05,267.40
2019-09-11,271.20,2.30,상승,0.86,270.35,271.40,269.80
2019-09-16,272.05,0.85,상승,0.31,272.00,272.10,269.85
2019-09-17,271.75,-0.30,하락,-0.11,271.65,272.35,270.90
2019-09-18,273.35,1.60,상승,0.59,272.35,273.75,271.15
2019-09-19,275.05,1.70,상승,0.62,273.05,276.20,272.80
2019-09-20,276.60,1.55,상승,0.56,274.90,276.75,274.40
2019-09-23,276.90,0.30,상승,0.11,276.20,277.10,275.75
2019-09-24,278.25,1.35,상승,0.49,276.70,278.40,275.75
2019-09-25,274.55,-3.70,하락,-1.33,276.85,277.25,274.35
2019-09-26,275.10,0.55,상승,0.20,275.45,276.55,273.60
2019-09-27,271.75,-3.35,하락,-1.22,274.10,274.15,271.10
2019-09-30,274.15,2.40,상승,0.88,271.20,274.50,270.70
2019-10-01,275.20,1.05,상승,0.38,273.75,276.15,273.50
2019-10-02,268.65,-6.55,하락,-2.38,272.75,272.95,268.55
2019-10-04,267.45,-1.20,하락,-0.45,267.95,270.75,267.45
2019-10-07,268.70,1.25,상승,0.47,269.40,270.25,267.50
2019-10-08,272.25,3.55,상승,1.32,268.85,272.50,268.70
2019-10-10,270.35,-1.90,하락,-0.70,268.20,271.30,266.55
2019-10-11,272.30,1.95,상승,0.72,272.50,273.15,271.10
2019-10-14,274.80,2.50,상승,0.92,275.30,276.25,274.60
2019-10-15,275.35,0.55,상승,0.20,274.60,275.60,274.30
2019-10-16,276.95,1.60,상승,0.58,276.70,278.15,275.80
2019-10-17,275.80,-1.15,하락,-0.42,277.35,277.40,275.25
2019-10-18,273.40,-2.40,하락,-0.87,276.45,277.60,272.95
2019-10-21,274.55,1.15,상승,0.42,273.90,274.75,273.40
2019-10-22,278.20,3.65,상승,1.33,276.00,278.70,275.65
2019-10-23,276.65,-1.55,하락,-0.56,277.50,278.00,275.95
2019-10-24,277.60,0.95,상승,0.34,277.80,278.10,274.90
2019-10-25,277.30,-0.30,하락,-0.11,277.90,278.30,276.25
2019-10-28,278.45,1.15,상승,0.41,279.00,279.90,277.85
2019-10-29,277.80,-0.65,하락,-0.23,279.80,279.95,277.40
2019-10-30,275.70,-2.10,하락,-0.76,278.10,278.25,275.40
2019-10-31,276.50,0.80,상승,0.29,277.45,279.50,276.05
2019-11-01,278.80,2.30,상승,0.83,276.50,278.90,275.90
2019-11-04,283.20,4.40,상승,1.58,280.50,283.20,280.40
2019-11-05,284.55,1.35,상승,0.48,283.50,285.00,282.80
2019-11-06,284.95,0.40,상승,0.14,284.75,286.80,284.30
2019-11-07,284.65,-0.30,하락,-0.11,284.40,285.30,283.50
2019-11-08,283.55,-1.10,하락,-0.39,286.10,286.55,283.25
2019-11-11,281.20,-2.35,하락,-0.83,283.50,283.75,280.85
2019-11-12,284.10,2.90,상승,1.03,282.45,284.30,281.30
2019-11-13,281.85,-2.25,하락,-0.79,283.00,283.15,280.90
2019-11-14,284.00,2.15,상승,0.76,281.95,284.15,281.50
2019-11-15,288.10,4.10,상승,1.44,284.85,288.20,283.75
2019-11-18,287.50,-0.60,하락,-0.21,288.00,288.05,286.60
2019-11-19,286.20,-1.30,하락,-0.45,286.05,286.70,284.15
2019-11-20,282.65,-3.55,하락,-1.24,284.70,285.60,282.45
2019-11-21,278.30,-4.35,하락,-1.54,282.10,282.50,277.55
2019-11-22,280.00,1.70,상승,0.61,278.85,280.25,278.55
2019-11-25,282.80,2.80,상승,1.00,281.20,283.85,281.15
2019-11-26,283.20,0.40,상승,0.14,283.25,285.30,282.50
2019-11-27,283.05,-0.15,하락,-0.05,284.00,284.65,281.65
2019-11-28,281.95,-1.10,하락,-0.39,281.70,283.00,281.15
2019-11-29,277.55,-4.40,하락,-1.56,282.45,282.80,276.60
2019-12-02,277.85,0.30,상승,0.11,278.50,279.65,277.45
2019-12-03,276.25,-1.60,하락,-0.58,275.30,276.85,274.00
2019-12-04,274.80,-1.45,하락,-0.52,274.15,274.95,272.90
2019-12-05,274.10,-0.70,하락,-0.25,275.85,276.75,272.70
2019-12-06,276.70,2.60,상승,0.95,274.80,277.25,274.70
2019-12-09,277.90,1.20,상승,0.43,278.00,278.80,277.05
2019-12-10,279.45,1.55,상승,0.56,277.55,279.65,276.80
2019-12-11,280.75,1.30,상승,0.47,279.50,281.00,278.60
2019-12-12,282.85,4.75,상승,1.71,279.90,283.10,279.80
2019-12-13,288.00,5.15,상승,1.82,286.50,288.00,285.85
2019-12-16,287.25,-0.75,하락,-0.26,287.50,288.45,287.15
2019-12-17,291.70,4.45,상승,1.55,288.50,291.90,288.05
2019-12-18,291.30,-0.40,하락,-0.14,291.90,293.20,290.60
2019-12-19,291.60,0.30,상승,0.10,292.35,293.15,290.20
2019-12-20,292.25,0.65,상승,0.22,292.50,292.90,291.20
2019-12-23,292.00,-0.25,하락,-0.09,293.65,293.75,291.25
2019-12-24,289.70,-2.30,하락,-0.79,292.50,292.50,289.70
2019-12-26,291.50,1.80,상승,0.62,289.95,291.50,289.05
2019-12-27,296.65,5.15,상승,1.77,292.70,298.10,291.95
2019-12-30,295.20,-1.45,하락,-0.49,295.80,296.55,294.85
2020-01-02,290.75,-4.45,하락,-1.51,294.65,295.55,290.75
2020-01-03,291.50,0.75,상승,0.26,293.75,295.55,289.65
2020-01-06,289.00,-2.50,하락,-0.86,289.00,290.10,288.35
2020-01-07,292.40,3.40,상승,1.18,290.35,293.10,290.10
2020-01-08,290.15,-2.25,하락,-0.77,289.90,291.65,288.05
2020-01-09,295.00,4.85,상승,1.67,293.95,295.40,292.90
2020-01-10,297.65,2.65,상승,0.90,295.00,297.70,294.80
2020-01-13,300.65,3.00,상승,1.01,298.15,300.75,297.15
2020-01-14,302.00,1.35,상승,0.45,302.60,303.95,301.60
2020-01-15,300.20,-1.80,하락,-0.60,300.95,301.55,299.50
2020-01-16,303.15,2.95,상승,0.98,300.10,303.40,299.65
2020-01-17,303.80,0.65,상승,0.21,304.95,306.50,303.15
2020-01-20,306.35,2.55,상승,0.84,305.20,307.95,304.90
2020-01-21,302.00,-4.35,하락,-1.42,305.90,306.45,302.00
2020-01-22,306.75,4.75,상승,1.57,301.85,306.95,301.35
2020-01-23,302.85,-3.90,하락,-1.27,304.75,305.05,302.30
2020-01-28,293.00,-9.85,하락,-3.25,296.00,296.95,291.80
2020-01-29,294.15,1.15,상승,0.39,294.30,295.80,292.75
2020-01-30,288.00,-6.15,하락,-2.09,294.00,294.40,287.60
2020-01-31,285.15,-2.85,하락,-0.99,290.75,291.50,284.80
2020-02-03,285.20,0.05,상승,0.02,281.90,286.65,280.50
2020-02-04,291.40,6.20,상승,2.17,285.25,291.40,285.20
2020-02-05,292.30,0.90,상승,0.31,293.80,294.30,290.50
2020-02-06,301.40,9.10,상승,3.11,295.40,301.40,294.75
2020-02-07,298.00,-3.40,하락,-1.13,299.90,300.15,296.35
2020-02-10,296.45,-1.55,하락,-0.52,294.40,296.90,293.55
2020-02-11,299.80,3.35,상승,1.13,297.35,301.45,297.00
2020-02-12,301.85,2.05,상승,0.68,299.30,302.55,298.25
2020-02-13,300.45,-1.40,하락,-0.46,302.85,304.55,300.10
2020-02-14,303.35,2.90,상승,0.97,300.35,304.40,299.20
2020-02-17,302.95,-0.40,하락,-0.13,302.85,304.25,301.30
2020-02-18,297.80,-5.15,하락,-1.70,301.00,301.35,297.50
2020-02-19,298.75,0.95,상승,0.32,299.75,300.30,295.60
2020-02-20,297.40,-1.35,하락,-0.45,300.60,301.30,295.05
2020-02-21,291.90,-5.50,하락,-1.85,292.10,295.25,291.80
2020-02-24,281.15,-10.75,하락,-3.68,286.20,286.65,281.00
2020-02-25,284.70,3.55,상승,1.26,280.00,284.75,279.70
2020-02-26,280.00,-4.70,하락,-1.65,278.85,282.00,277.90
2020-02-27,277.75,-2.25,하락,-0.80,278.95,281.00,276.25
2020-02-28,267.85,-9.90,하락,-3.56,273.55,274.15,267.55
2020-03-02,270.90,3.05,상승,1.14,269.50,272.45,266.05
2020-03-03,272.30,1.40,상승,0.52,276.50,277.45,270.65
2020-03-04,278.25,5.95,상승,2.19,270.00,278.75,269.70
2020-03-05,281.25,3.00,상승,1.08,280.05,282.15,277.55
2020-03-06,274.20,-7.05,하락,-2.51,277.00,278.20,273.70
2020-03-09,262.35,-11.85,하락,-4.32,265.40,267.35,261.25
2020-03-10,265.00,2.65,상승,1.01,262.35,265.50,260.85
2020-03-11,256.90,-8.10,하락,-3.06,263.50,264.90,255.70
2020-03-12,243.80,-12.55,하락,-4.90,254.50,254.90,243.00
2020-03-13,240.55,-3.25,하락,-1.33,225.55,246.25,225.00
2020-03-16,229.55,-11.00,하락,-4.57,241.75,245.45,229.55
2020-03-17,224.40,-5.15,하락,-2.24,220.00,233.70,219.60
2020-03-18,211.60,-12.80,하락,-5.70,225.50,228.45,211.60
2020-03-19,197.50,-14.10,하락,-6.66,218.00,220.35,194.70
2020-03-20,215.55,18.05,상승,9.14,204.20,215.55,199.25
2020-03-23,199.40,-16.15,하락,-7.49,198.35,205.50,197.20
2020-03-24,220.00,20.60,상승,10.33,206.95,221.45,203.10
2020-03-25,232.50,12.50,상승,5.68,225.05,232.60,222.20
2020-03-26,227.60,-4.90,하락,-2.11,232.05,235.20,227.15
2020-03-27,233.40,5.80,상승,2.55,238.50,238.55,225.15
2020-03-30,230.30,-3.10,하락,-1.33,226.15,234.20,224.00
2020-03-31,236.00,5.70,상승,2.48,233.10,236.55,231.45
2020-04-01,225.15,-10.85,하락,-4.60,233.65,236.40,223.95
2020-04-02,231.65,6.50,상승,2.89,225.85,231.65,222.40
2020-04-03,231.65,0.00,보합,0.00,231.45,233.45,228.25
2020-04-06,240.70,9.05,상승,3.91,233.30,241.30,233.25
2020-04-07,245.25,4.55,상승,1.89,244.80,247.15,240.25
2020-04-08,241.50,-3.75,하락,-1.53,243.85,246.70,240.25
2020-04-09,245.05,3.55,상승,1.47,246.00,246.00,242.25
2020-04-10,247.10,2.05,상승,0.84,244.00,247.10,243.15
2020-04-13,242.00,-5.10,하락,-2.06,245.55,246.25,242.00
2020-04-14,246.80,4.80,상승,1.98,244.80,248.20,243.40
2020-04-16,247.20,0.40,상승,0.16,244.60,247.25,242.65
2020-04-17,254.75,7.55,상승,3.05,252.00,256.70,251.60
2020-04-20,251.20,-3.55,하락,-1.39,253.90,255.00,250.65
2020-04-21,248.40,-2.80,하락,-1.11,249.25,251.15,244.15
2020-04-22,250.75,2.35,상승,0.95,245.20,251.45,243.60
2020-04-23,254.15,3.40,상승,1.36,252.20,254.40,250.30
2020-04-24,248.95,-5.20,하락,-2.05,251.50,252.05,247.95
2020-04-27,254.55,5.60,상승,2.25,250.15,255.60,249.60
2020-04-28,256.00,1.45,상승,0.57,254.75,256.60,252.60
2020-04-29,258.10,2.10,상승,0.82,256.25,259.45,255.40
2020-05-04,249.60,-8.50,하락,-3.29,251.55,253.15,249.20
2020-05-06,255.20,5.60,상승,2.24,253.45,255.20,250.50
2020-05-07,253.55,-1.65,하락,-0.65,253.15,255.65,252.50
2020-05-08,256.40,2.85,상승,1.12,255.30,257.95,255.05
2020-05-11,254.25,-2.15,하락,-0.84,256.90,258.40,254.00
2020-05-12,252.80,-1.45,하락,-0.57,254.40,254.90,250.25
2020-05-13,255.65,2.85,상승,1.13,249.40,255.80,249.10
2020-05-14,252.35,-3.30,하락,-1.29,253.20,253.80,251.25
2020-05-15,253.60,1.25,상승,0.50,254.65,254.85,251.40
2020-05-18,255.95,2.35,상승,0.93,254.85,255.95,252.45
2020-05-19,261.95,6.00,상승,2.34,260.65,262.40,259.95
2020-05-20,262.15,0.20,상승,0.08,260.60,263.15,260.50
2020-05-21,263.55,1.40,상승,0.53,264.00,264.45,262.75
2020-05-22,258.80,-4.75,하락,-1.80,263.65,263.85,257.85
2020-05-25,263.00,4.20,상승,1.62,260.95,263.00,258.55
2020-05-26,266.65,3.65,상승,1.39,262.95,267.30,262.60
2020-05-27,267.10,0.45,상승,0.17,265.45,268.85,265.45
2020-05-28,268.30,1.20,상승,0.45,269.65,271.10,265.00
2020-05-29,267.00,-1.30,하락,-0.48,266.95,269.45,265.10
2020-06-01,273.00,6.00,상승,2.25,268.50,273.35,268.35
2020-06-02,275.80,2.80,상승,1.03,272.85,276.40,272.30
2020-06-03,286.25,10.45,상승,3.79,278.70,287.85,278.50
2020-06-04,286.40,0.15,상승,0.05,290.00,292.90,285.40
2020-06-05,291.55,5.15,상승,1.80,285.55,291.55,284.75
2020-06-08,290.70,-0.85,하락,-0.29,296.50,296.75,289.70
2020-06-09,290.85,0.15,상승,0.05,292.95,294.90,287.85
2020-06-10,291.50,0.65,상승,0.22,290.85,293.00,289.65
2020-06-11,286.30,-4.65,하락,-1.60,288.40,291.35,283.30
2020-06-12,278.40,-7.90,하락,-2.76,277.40,281.35,275.50
2020-06-15,265.00,-13.40,하락,-4.81,276.10,279.40,265.00
2020-06-16,279.80,14.80,상승,5.58,273.05,282.95,272.65
2020-06-17,281.85,2.05,상승,0.73,280.55,283.95,277.15
2020-06-18,281.65,-0.20,하락,-0.07,280.75,282.35,278.80
2020-06-19,282.20,0.55,상승,0.20,284.30,284.65,277.30
2020-06-22,279.90,-2.30,하락,-0.82,279.20,282.65,279.05
2020-06-23,281.50,1.60,상승,0.57,282.95,284.95,278.10
2020-06-24,286.00,4.50,상승,1.60,282.05,287.35,282.05
2020-06-25,277.95,-8.05,하락,-2.81,280.80,283.15,277.30
2020-06-26,281.65,3.70,상승,1.33,281.95,283.30,278.90
2020-06-29,278.15,-3.50,하락,-1.24,278.35,280.95,276.25
2020-06-30,280.80,2.65,상승,0.95,282.15,283.25,279.55
2020-07-01,279.85,-0.95,하락,-0.34,282.90,283.25,279.20
2020-07-02,283.40,3.55,상승,1.27,281.05,283.60,280.50
2020-07-03,286.50,3.10,상승,1.09,284.60,286.50,283.05
2020-07-06,290.70,4.20,상승,1.47,286.95,291.20,286.10
2020-07-07,287.50,-3.20,하락,-1.10,294.00,294.00,286.65
2020-07-08,286.15,-1.35,하락,-0.47,287.10,288.40,285.30
2020-07-09,288.00,1.85,상승,0.65,287.90,289.70,287.15
2020-07-10,284.55,-3.45,하락,-1.20,288.00,288.25,283.30
2020-07-13,289.80,5.25,상승,1.85,288.00,290.35,286.50
2020-07-14,289.35,-0.45,하락,-0.16,288.30,289.90,286.80
2020-07-15,292.55,3.20,상승,1.11,292.50,294.65,291.05
2020-07-16,289.20,-3.35,하락,-1.15,292.05,292.75,288.45
2020-07-17,291.85,2.65,상승,0.92,289.65,292.05,289.45
2020-07-20,290.90,-0.95,하락,-0.33,292.50,292.90,288.90
2020-07-21,295.05,4.15,상승,1.43,293.85,296.30,293.25
2020-07-22,294.30,-0.75,하락,-0.25,295.05,296.20,293.55
2020-07-23,292.00,-2.30,하락,-0.78,294.25,294.45,290.20
2020-07-24,290.30,-1.70,하락,-0.58,290.05,292.55,289.25
2020-07-27,294.05,3.75,상승,1.29,290.20,295.20,290.00
2020-07-28,299.20,5.15,상승,1.75,296.50,301.40,295.90
2020-07-29,301.20,2.00,상승,0.67,300.15,303.25,299.40
2020-07-30,301.80,0.60,상승,0.20,303.00,304.00,301.55
2020-07-31,299.35,-2.45,하락,-0.81,303.00,304.20,298.80
2020-08-03,299.20,-0.15,하락,-0.05,299.60,300.15,297.30
2020-08-04,303.00,3.80,상승,1.27,301.00,303.95,300.80
2020-08-05,306.70,3.70,상승,1.22,303.40,306.70,302.50
2020-08-06,311.55,4.85,상승,1.58,307.65,312.80,307.20
2020-08-07,312.10,0.55,상승,0.18,312.00,314.00,309.50
2020-08-10,316.95,4.85,상승,1.55,312.05,317.40,311.45
2020-08-11,320.80,3.85,상승,1.21,317.05,322.75,316.95
2020-08-12,322.50,1.70,상승,0.53,319.95,323.30,317.35
2020-08-13,323.10,0.60,상승,0.19,325.10,326.25,319.25
2020-08-14,318.75,-4.35,하락,-1.35,322.00,322.65,316.35
2020-08-18,313.05,-5.70,하락,-1.79,320.70,321.80,311.70
2020-08-19,313.45,0.40,상승,0.13,314.90,316.90,313.30
2020-08-20,301.45,-12.00,하락,-3.83,311.05,312.60,301.10
2020-08-21,306.95,5.50,상승,1.82,305.40,309.90,303.15
2020-08-24,310.70,3.75,상승,1.22,306.95,310.70,303.55
2020-08-25,314.25,3.55,상승,1.14,311.90,314.25,310.40
2020-08-26,314.00,-0.25,하락,-0.08,313.95,314.95,309.65
2020-08-27,310.80,-3.20,하락,-1.02,314.50,314.90,310.70
2020-08-28,312.95,2.15,상승,0.69,313.25,316.05,310.70
2020-08-31,306.70,-6.25,하락,-2.00,314.95,316.20,306.70
2020-09-01,310.45,3.75,상승,1.22,307.35,311.00,307.30
2020-09-02,311.75,1.30,상승,0.42,312.00,312.90,308.35
2020-09-03,315.90,4.15,상승,1.33,314.50,317.35,314.10
2020-09-04,311.05,-4.85,하락,-1.54,308.00,312.35,307.50
2020-09-07,313.55,2.50,상승,0.80,312.15,314.00,310.45
2020-09-08,317.35,3.80,상승,1.21,315.90,317.45,314.45
2020-09-09,313.35,-4.00,하락,-1.26,313.25,315.65,312.75
2020-09-10,315.55,4.10,상승,1.32,316.00,317.00,314.80
2020-09-11,315.75,0.20,상승,0.06,314.00,316.25,312.25
2020-09-14,320.00,4.25,상승,1.35,318.65,320.50,317.85
2020-09-15,322.15,2.15,상승,0.67,321.20,322.80,319.65
2020-09-16,321.25,-0.90,하락,-0.28,322.15,323.50,320.90
2020-09-17,316.75,-4.50,하락,-1.40,320.95,321.20,316.10
2020-09-18,318.45,1.70,상승,0.54,318.50,318.75,315.80
2020-09-21,315.45,-3.00,하락,-0.94,317.00,320.30,314.25
2020-09-22,307.45,-8.00,하락,-2.54,314.45,315.20,306.20
2020-09-23,309.30,1.85,상승,0.60,309.55,310.25,302.55
2020-09-24,301.45,-7.85,하락,-2.54,304.90,305.80,301.15
2020-09-25,303.40,1.95,상승,0.65,303.85,304.40,301.45
2020-09-28,307.65,4.25,상승,1.40,306.10,308.15,304.50
2020-09-29,309.95,2.30,상승,0.75,311.35,311.40,308.60
2020-10-05,313.90,3.95,상승,1.27,310.05,314.70,309.35
2020-10-06,314.40,0.50,상승,0.16,314.95,316.45,313.25
2020-10-07,317.70,3.30,상승,1.05,312.55,317.70,311.85
2020-10-08,318.00,0.30,상승,0.09,320.30,320.50,316.55
2020-10-12,319.30,1.30,상승,0.41,319.65,320.05,317.80
2020-10-13,318.80,-0.50,하락,-0.16,320.90,321.20,316.70
2020-10-14,316.10,-2.70,하락,-0.85,319.55,319.70,315.35
2020-10-15,313.30,-2.80,하락,-0.89,315.60,315.80,312.20
2020-10-16,312.15,-1.15,하락,-0.37,314.25,315.10,309.70
2020-10-19,312.45,0.30,상승,0.10,312.70,315.05,312.20
2020-10-20,315.00,2.55,상승,0.82,311.35,315.05,310.00
2020-10-21,316.10,1.10,상승,0.35,315.00,316.65,314.20
2020-10-22,313.70,-2.40,하락,-0.76,314.00,314.20,311.65
2020-10-23,315.30,1.60,상승,0.51,315.35,315.85,312.25
2020-10-26,313.80,-1.50,하락,-0.48,315.70,316.85,313.75
2020-10-27,311.10,-2.70,하락,-0.86,312.20,313.75,310.65
2020-10-28,313.10,2.00,상승,0.64,310.00,313.45,309.25
2020-10-29,309.20,-3.90,하락,-1.25,308.85,310.15,306.05
2020-10-30,301.80,-7.40,하락,-2.39,307.85,308.55,301.10
2020-11-02,305.60,3.80,상승,1.26,302.10,306.00,301.45
2020-11-03,312.10,6.50,상승,2.13,307.00,312.30,306.70
2020-11-04,313.80,1.70,상승,0.54,314.70,315.70,311.35
2020-11-05,320.90,7.10,상승,2.26,316.40,321.20,315.20
2020-11-06,321.85,0.95,상승,0.30,323.00,324.25,320.85
2020-11-09,325.75,3.90,상승,1.21,325.20,328.35,324.70
2020-11-10,326.15,0.40,상승,0.12,327.40,327.50,323.50
2020-11-11,331.25,5.10,상승,1.56,326.55,331.65,326.50
2020-11-12,329.60,-1.65,하락,-0.50,330.95,331.55,328.60
2020-11-13,333.10,3.50,상승,1.06,328.55,333.25,328.10
2020-11-16,340.10,7.00,상승,2.10,335.50,341.15,334.35
2020-11-17,340.25,0.15,상승,0.04,341.10,342.40,339.20
2020-11-18,339.95,-0.30,하락,-0.09,340.20,341.75,338.90
2020-11-19,340.25,0.30,상승,0.09,338.80,340.35,337.45
2020-11-20,340.30,0.05,상승,0.01,338.85,341.70,338.55
2020-11-23,348.50,8.20,상승,2.41,342.00,348.75,340.45
2020-11-24,350.00,1.50,상승,0.43,350.00,352.35,348.45
2020-11-25,348.10,-1.90,하락,-0.54,352.60,353.65,346.30
2020-11-26,351.95,3.85,상승,1.11,348.00,352.05,347.10
2020-11-27,352.65,0.70,상승,0.20,351.50,352.95,350.45
2020-11-30,347.25,-5.40,하락,-1.53,353.65,355.00,346.65
2020-12-01,352.40,5.15,상승,1.48,349.45,353.35,348.95
2020-12-02,358.75,6.35,상승,1.80,354.00,359.00,353.50
2020-12-03,361.30,2.55,상승,0.71,360.00,361.40,358.15
2020-12-04,368.10,6.80,상승,1.88,362.05,369.55,362.00
2020-12-07,369.85,1.75,상승,0.48,370.15,371.10,364.95
2020-12-08,363.45,-6.40,하락,-1.73,368.90,369.20,363.25
2020-12-09,371.25,7.80,상승,2.15,364.80,371.80,364.70
2020-12-10,363.55,-2.70,하락,-0.74,362.75,366.85,360.35
2020-12-11,367.65,4.10,상승,1.13,366.80,368.80,365.80
2020-12-14,365.30,-2.35,하락,-0.64,368.45,368.95,364.95
2020-12-15,365.30,0.00,보합,0.00,365.50,366.25,361.30
2020-12-16,367.30,2.00,상승,0.55,368.00,369.15,365.65
2020-12-17,366.85,-0.45,하락,-0.12,366.60,367.15,362.50
2020-12-18,366.30,-0.55,하락,-0.15,366.85,367.75,365.15
2020-12-21,366.35,0.05,상승,0.01,367.05,367.05,361.90
2020-12-22,360.75,-5.60,하락,-1.53,364.65,365.90,360.25
2020-12-23,365.65,4.90,상승,1.36,362.40,365.95,358.90
2020-12-24,374.10,8.45,상승,2.31,366.95,374.35,366.35
2020-12-28,376.15,2.05,상승,0.55,376.00,378.40,373.40
2020-12-29,380.95,4.80,상승,1.28,377.90,381.75,376.15
2020-12-30,389.15,8.20,상승,2.15,379.50,390.45,378.40
2021-01-04,400.60,11.45,상승,2.94,389.15,400.60,388.20
2021-01-05,405.55,4.95,상승,1.24,397.00,406.30,396.30
2021-01-06,403.40,-2.15,하락,-0.53,407.00,411.15,400.30
2021-01-07,411.80,8.40,상승,2.08,406.90,414.80,406.15
2021-01-08,430.35,18.55,상승,4.50,417.00,432.20,415.45
2021-01-11,432.55,2.20,상승,0.51,434.45,448.10,423.55
2021-01-12,427.70,-4.85,하락,-1.12,428.30,431.35,415.30
2021-01-13,428.75,1.05,상승,0.25,427.50,433.20,424.35
2021-01-14,430.15,1.40,상승,0.33,427.10,431.20,426.55
2021-01-15,419.40,-10.75,하락,-2.50,432.05,436.10,419.35
2021-01-18,409.10,-10.30,하락,-2.46,415.05,419.20,408.65
2021-01-19,422.55,13.45,상승,3.29,411.65,423.80,410.05
2021-01-20,423.60,1.05,상승,0.25,429.00,429.75,418.65
2021-01-21,429.70,6.10,상승,1.44,426.80,430.20,424.25
2021-01-22,426.75,-2.95,하락,-0.69,431.05,433.50,426.10
2021-01-25,436.60,9.85,상승,2.31,428.30,437.45,426.75
2021-01-26,424.90,-11.70,하락,-2.68,435.70,436.55,422.65
2021-01-27,422.95,-1.95,하락,-0.46,427.50,432.30,421.90
2021-01-28,414.05,-8.90,하락,-2.10,412.50,420.10,411.65
2021-01-29,404.45,-9.60,하락,-2.32,420.15,420.35,402.50
2021-02-01,415.30,10.85,상승,2.68,403.60,415.30,400.35
2021-02-02,422.10,6.80,상승,1.64,419.00,427.55,416.75
2021-02-03,425.30,3.20,상승,0.76,424.20,427.40,419.15
2021-02-04,417.05,-8.25,하락,-1.94,423.95,424.00,414.30
2021-02-05,422.50,5.45,상승,1.31,420.35,423.65,417.10
2021-02-08,418.50,-4.00,하락,-0.95,422.05,424.25,417.90
2021-02-09,417.10,-1.40,하락,-0.33,421.00,424.80,416.90
2021-02-10,421.25,4.15,상승,0.99,419.10,421.40,414.30
2021-02-15,426.55,5.30,상승,1.26,426.95,428.50,424.75
2021-02-16,428.00,1.45,상승,0.34,427.30,432.15,426.10
2021-02-17,423.45,-4.55,하락,-1.06,425.95,426.95,420.20
2021-02-18,417.35,-6.10,하락,-1.44,421.70,424.35,416.70
2021-02-19,421.45,4.10,상승,0.98,417.20,421.45,410.10
2021-02-22,416.90,-4.55,하락,-1.08,424.30,425.65,415.80
2021-02-23,416.30,-0.60,하락,-0.14,413.00,419.25,410.30
2021-02-24,407.35,-8.95,하락,-2.15,415.05,419.80,406.40
2021-02-25,422.95,15.60,상승,3.83,414.65,422.95,412.65
2021-02-26,409.95,-13.00,하락,-3.07,412.15,412.95,406.20
2021-03-02,415.00,5.05,상승,1.23,420.05,422.35,411.45
2021-03-03,419.40,4.40,상승,1.06,414.00,420.00,412.30
2021-03-04,413.35,-6.05,하락,-1.44,414.35,417.60,411.05
2021-03-05,411.75,-1.60,하락,-0.39,408.30,413.50,405.55
2021-03-08,408.20,-3.55,하락,-0.86,415.55,415.85,407.30
2021-03-09,404.60,-3.60,하락,-0.88,408.45,409.00,399.00
2021-03-10,403.50,-1.10,하락,-0.27,411.30,411.65,402.15
2021-03-11,411.30,8.75,상승,2.17,403.65,412.50,403.65
2021-03-12,415.15,3.85,상승,0.94,415.45,417.35,413.30
2021-03-15,412.50,-2.65,하락,-0.64,415.55,416.25,412.25
2021-03-16,417.00,4.50,상승,1.09,414.20,417.25,413.75
2021-03-17,412.80,-4.20,하락,-1.01,416.45,416.60,410.05
2021-03-18,416.95,4.15,상승,1.01,416.15,420.20,415.85
2021-03-19,410.75,-6.20,하락,-1.49,410.40,413.60,409.25
2021-03-22,412.40,1.65,상승,0.40,413.00,413.70,408.80
2021-03-23,408.15,-4.25,하락,-1.03,414.50,415.65,407.55
2021-03-24,407.00,-1.15,하락,-0.28,405.25,407.95,402.85
2021-03-25,408.10,1.10,상승,0.27,405.75,410.80,404.90
2021-03-26,411.95,3.85,상승,0.94,409.90,412.45,408.55
2021-03-29,411.80,-0.15,하락,-0.04,414.00,414.00,409.45
2021-03-30,415.55,3.75,상승,0.91,413.60,417.55,412.20
2021-03-31,414.65,-0.90,하락,-0.22,417.50,420.00,414.60
2021-04-01,419.20,4.55,상승,1.10,418.05,419.60,416.15
2021-04-02,423.60,4.40,상승,1.05,422.45,424.95,422.00
2021-04-05,424.05,0.45,상승,0.11,425.00,425.70,421.80
2021-04-06,425.05,1.00,상승,0.24,427.35,427.45,422.60
2021-04-07,425.50,0.45,상승,0.11,426.25,427.55,424.25
2021-04-08,424.50,-1.00,하락,-0.24,425.30,426.40,423.35
2021-04-09,423.25,-1.25,하락,-0.29,425.45,427.50,422.00
2021-04-12,423.50,0.25,상승,0.06,424.85,425.10,422.00
2021-04-13,427.90,4.40,상승,1.04,423.90,429.60,423.00
2021-04-14,431.05,3.15,상승,0.74,429.45,431.80,427.45
2021-04-15,431.40,0.35,상승,0.08,430.35,434.20,430.05
2021-04-16,431.10,-0.30,하락,-0.07,433.00,433.25,429.80
2021-04-19,431.20,0.10,상승,0.02,431.05,433.85,429.90
2021-04-20,433.20,2.00,상승,0.46,430.60,434.45,430.30
2021-04-21,425.65,-7.55,하락,-1.74,431.20,431.45,424.45
2021-04-22,427.30,1.65,상승,0.39,427.60,429.50,426.00
2021-04-23,426.90,-0.40,하락,-0.09,424.90,428.20,421.70
2021-04-26,431.10,4.20,상승,0.98,428.65,431.10,427.50
2021-04-27,431.60,0.50,상승,0.12,431.80,431.90,429.35
2021-04-28,426.50,-5.10,하락,-1.18,431.05,431.30,425.75
2021-04-29,425.40,-1.10,하락,-0.26,428.20,429.55,424.40
2021-04-30,422.10,-3.30,하락,-0.78,424.00,425.85,420.60
2021-05-03,419.75,-2.35,하락,-0.56,422.00,425.70,419.10
2021-05-04,423.20,3.45,상승,0.82,419.65,423.20,418.60
2021-05-06,425.45,2.25,상승,0.53,421.00,426.15,420.65
2021-05-07,429.10,3.65,상승,0.86,426.30,429.85,425.70
2021-05-10,435.95,6.85,상승,1.60,431.30,436.90,429.85
2021-05-11,427.85,-8.10,하락,-1.86,433.00,433.45,426.35
2021-05-12,420.50,-7.35,하락,-1.72,427.85,428.30,417.90
2021-05-13,415.10,-5.40,하락,-1.28,415.00,420.30,414.20
2021-05-14,419.85,4.75,상승,1.14,417.40,421.45,417.05
2021-05-17,418.10,-1.75,하락,-0.42,422.40,422.65,415.65
2021-05-18,422.90,4.80,상승,1.15,419.35,423.80,419.15
2021-05-20,421.40,-1.50,하락,-0.35,420.35,422.80,418.85
2021-05-21,421.60,0.20,상승,0.05,424.75,427.80,420.60
2021-05-24,419.65,-1.95,하락,-0.46,421.30,422.80,419.15
2021-05-25,424.95,5.30,상승,1.26,422.00,424.95,421.30
2021-05-26,423.40,-1.55,하락,-0.36,424.95,426.15,422.60
2021-05-27,422.60,-0.80,하락,-0.19,424.05,424.35,419.75
2021-05-28,426.35,3.75,상승,0.89,425.00,427.70,423.65
2021-05-31,427.70,1.35,상승,0.32,427.30,427.95,424.25
2021-06-01,430.10,2.40,상승,0.56,428.00,432.45,427.05
2021-06-02,429.50,-0.60,하락,-0.14,430.20,432.80,429.35
2021-06-03,433.45,3.95,상승,0.92,431.20,435.75,430.65
2021-06-04,432.45,-1.00,하락,-0.23,432.45,433.20,429.35
2021-06-07,433.65,1.20,상승,0.28,435.00,435.95,430.75
2021-06-08,432.95,-0.70,하락,-0.16,433.50,435.20,432.30
2021-06-09,428.30,-4.65,하락,-1.07,432.10,432.55,428.05
2021-06-10,428.85,1.45,상승,0.34,427.85,430.30,426.90
2021-06-11,432.05,3.20,상승,0.75,430.30,433.15,430.10
2021-06-14,432.30,0.25,상승,0.06,432.95,433.05,430.55
2021-06-15,433.45,1.15,상승,0.27,432.80,433.95,431.70
2021-06-16,436.15,2.70,상승,0.62,433.10,436.60,432.70
2021-06-17,432.85,-3.30,하락,-0.76,433.80,434.15,431.60
2021-06-18,434.50,1.65,상승,0.38,434.50,435.75,433.30
2021-06-21,430.35,-4.15,하락,-0.96,430.30,431.85,428.25
2021-06-22,433.40,3.05,상승,0.71,432.75,433.95,432.05
2021-06-23,435.85,2.45,상승,0.57,435.00,436.35,433.70
2021-06-24,437.70,1.85,상승,0.42,436.50,438.55,436.35
2021-06-25,439.70,2.00,상승,0.46,439.60,441.85,438.75
2021-06-28,438.85,-0.85,하락,-0.19,440.00,440.60,437.95
2021-06-29,437.05,-1.80,하락,-0.41,439.65,439.70,435.90
2021-06-30,438.85,1.80,상승,0.41,438.50,439.95,437.85
2021-07-01,435.90,-2.95,하락,-0.67,438.65,438.85,435.20
2021-07-02,435.70,-0.20,하락,-0.05,434.90,437.55,434.90
2021-07-05,438.25,2.55,상승,0.59,437.05,438.55,436.45
2021-07-06,439.15,0.90,상승,0.21,438.75,440.60,438.50
2021-07-07,436.45,-2.70,하락,-0.61,437.75,438.20,435.35
2021-07-08,430.85,-5.60,하락,-1.28,436.80,438.20,430.85
2021-07-09,426.25,-4.60,하락,-1.07,427.15,429.60,423.15
2021-07-12,431.50,5.25,상승,1.23,429.15,431.50,429.10
2021-07-13,434.60,3.10,상승,0.72,433.25,434.90,433.10
2021-07-14,433.65,-0.95,하락,-0.22,433.00,433.85,431.30
2021-07-15,436.25,2.60,상승,0.60,434.70,436.50,433.00
2021-07-16,434.10,-2.15,하락,-0.49,434.15,434.80,432.50
2021-07-19,429.30,-4.80,하락,-1.11,430.50,430.60,428.25
2021-07-20,428.50,-0.80,하락,-0.19,426.00,428.50,425.60
2021-07-21,425.65,-2.85,하락,-0.67,430.20,430.50,425.10
2021-07-22,431.50,5.85,상승,1.37,428.35,431.85,428.00
2021-07-23,431.50,0.00,보합,0.00,432.00,432.95,430.35
2021-07-26,428.00,-3.50,하락,-0.81,432.80,432.90,426.90
2021-07-27,428.15,0.15,상승,0.04,429.95,431.05,427.80
2021-07-28,428.65,0.50,상승,0.12,426.90,429.80,425.50
2021-07-29,429.40,0.75,상승,0.17,430.00,431.20,428.15
2021-07-30,424.40,-5.00,하락,-1.16,428.00,428.05,423.80
2021-08-02,426.45,2.05,상승,0.48,426.40,427.05,423.25
2021-08-03,430.30,3.85,상승,0.90,425.85,430.40,425.60
2021-08-04,436.20,5.90,상승,1.37,431.25,436.90,430.55
2021-08-05,435.20,-1.00,하락,-0.23,436.65,438.15,434.80
2021-08-06,433.55,-1.65,하락,-0.38,435.60,436.60,432.50
2021-08-09,432.00,-1.55,하락,-0.36,431.60,433.25,429.90
2021-08-10,429.00,-3.00,하락,-0.69,433.05,433.45,427.20
2021-08-11,425.00,-4.00,하락,-0.93,427.20,428.90,424.45
2021-08-12,423.35,-1.65,하락,-0.39,424.25,425.55,421.65
2021-08-13,416.10,-7.25,하락,-1.71,421.75,422.50,414.20
2021-08-17,411.75,-4.35,하락,-1.05,415.50,417.35,410.40
2021-08-18,413.05,1.30,상승,0.32,411.30,415.30,409.00
2021-08-19,404.85,-8.20,하락,-1.99,410.40,412.60,404.65
2021-08-20,400.90,-3.95,하락,-0.98,406.35,408.20,399.25
2021-08-23,405.15,4.25,상승,1.06,404.00,407.85,402.10
2021-08-24,413.00,7.85,상승,1.94,408.00,413.00,408.00
2021-08-25,413.45,0.45,상승,0.11,414.20,415.80,410.90
2021-08-26,410.50,-2.95,하락,-0.71,414.50,415.65,409.80
2021-08-27,410.60,0.10,상승,0.02,408.95,412.05,407.25
2021-08-30,411.90,1.30,상승,0.32,415.00,415.40,410.30
2021-08-31,419.50,7.60,상승,1.85,412.25,419.80,409.70
2021-09-01,419.80,0.30,상승,0.07,418.75,421.40,417.20
2021-09-02,416.60,-3.20,하락,-0.76,419.10,420.15,414.85
2021-09-03,419.15,2.55,상승,0.61,417.40,419.95,416.30
2021-09-06,420.15,1.00,상승,0.24,419.40,420.95,418.00
2021-09-07,418.50,-1.65,하락,-0.39,420.00,420.10,416.35
2021-09-08,414.50,-4.00,하락,-0.96,416.50,417.70,413.55
2021-09-09,406.45,-7.25,하락,-1.75,412.25,413.35,406.45
2021-09-10,408.20,1.75,상승,0.43,407.55,409.75,406.20
2021-09-13,409.70,1.50,상승,0.37,406.90,411.20,406.75
2021-09-14,412.60,2.90,상승,0.71,411.90,415.00,411.30
2021-09-15,413.00,0.40,상승,0.10,412.75,414.75,410.80
2021-09-16,409.10,-3.90,하락,-0.94,414.50,414.80,408.65
2021-09-17,410.75,1.65,상승,0.40,409.10,411.30,406.55
2021-09-23,409.55,-1.20,하락,-0.29,407.70,410.90,407.20
2021-09-24,409.25,-0.30,하락,-0.07,411.20,412.50,408.80
2021-09-27,410.70,1.45,상승,0.35,408.30,412.75,408.30
2021-09-28,404.90,-5.80,하락,-1.41,410.10,410.30,404.90
2021-09-29,399.15,-5.75,하락,-1.42,400.00,402.10,396.20
2021-09-30,401.50,2.35,상승,0.59,398.75,402.35,397.50
2021-10-01,393.60,-7.90,하락,-1.97,399.00,400.15,393.50
2021-10-05,388.75,-4.85,하락,-1.23,390.00,391.90,384.65
2021-10-06,382.40,-6.35,하락,-1.63,390.05,392.00,381.75
2021-10-07,388.20,5.80,상승,1.52,385.00,389.35,384.50
2021-10-08,388.05,-0.15,하락,-0.04,390.70,390.75,386.80
2021-10-12,380.25,-7.80,하락,-2.01,386.00,386.70,379.10
2021-10-13,384.60,4.35,상승,1.14,380.30,386.05,379.55
2021-10-14,389.40,4.80,상승,1.25,387.35,389.80,386.80
2021-10-15,394.60,5.20,상승,1.34,391.75,394.75,391.70
2021-10-18,392.90,-1.70,하락,-0.43,393.80,394.40,389.55
2021-10-19,395.80,2.90,상승,0.74,395.85,396.45,393.65
2021-10-20,394.00,-1.80,하락,-0.45,397.15,398.40,393.90
2021-10-21,393.40,-0.60,하락,-0.15,394.00,395.80,392.75
2021-10-22,394.40,1.00,상승,0.25,392.45,395.25,391.90
2021-10-25,395.85,1.45,상승,0.37,392.50,396.30,390.30
2021-10-26,399.35,3.50,상승,0.88,397.90,400.05,396.70
2021-10-27,395.45,-3.90,하락,-0.98,398.20,398.75,394.50
2021-10-28,394.35,-1.10,하락,-0.28,395.35,397.60,394.35
2021-10-29,388.15,-6.20,하락,-1.57,395.40,396.65,387.50
2021-11-01,390.90,2.75,상승,0.71,390.50,392.00,389.60
2021-11-02,395.60,4.70,상승,1.20,392.65,398.50,392.15
2021-11-03,389.05,-6.55,하락,-1.66,396.45,396.50,388.55
2021-11-04,392.45,3.40,상승,0.87,393.00,395.75,391.15
2021-11-05,390.65,-1.80,하락,-0.46,394.70,395.60,387.90
2021-11-08,389.95,-0.70,하락,-0.18,391.15,391.35,385.70
2021-11-09,390.50,0.55,상승,0.14,390.00,393.80,388.50
2021-11-10,386.45,-4.05,하락,-1.04,388.85,390.80,385.95
2021-11-11,386.55,0.10,상승,0.03,383.55,386.70,382.85
2021-11-12,391.15,4.60,상승,1.19,388.55,392.10,387.45
2021-11-15,395.30,4.15,상승,1.06,394.10,395.95,392.50
2021-11-16,394.60,-0.70,하락,-0.18,394.00,396.80,392.80
2021-11-17,389.85,-4.75,하락,-1.20,394.70,395.35,388.85
2021-11-18,388.35,-1.50,하락,-0.38,388.60,390.15,386.75
2021-11-19,390.85,2.50,상승,0.64,387.55,391.35,387.10
2021-11-22,400.00,9.15,상승,2.34,393.80,400.15,392.60
2021-11-23,396.05,-3.95,하락,-0.99,399.30,399.65,395.65
2021-11-24,395.40,-0.65,하락,-0.16,397.20,399.35,393.25
2021-11-25,392.60,-2.80,하락,-0.71,395.90,396.20,391.70
2021-11-26,384.85,-7.75,하락,-1.97,390.90,392.55,384.20
2021-11-29,381.95,-2.90,하락,-0.75,380.00,385.00,380.00
2021-11-30,373.35,-8.60,하락,-2.25,384.80,386.00,370.45
2021-12-01,383.00,9.65,상승,2.58,376.15,383.75,373.80
2021-12-02,389.00,6.00,상승,1.57,380.15,389.35,379.55
2021-12-03,392.25,3.25,상승,0.84,387.45,393.20,385.90
2021-12-06,392.30,0.05,상승,0.01,390.15,394.55,387.20
2021-12-07,396.15,3.85,상승,0.98,392.30,396.40,390.50
2021-12-08,398.25,2.10,상승,0.53,399.75,402.50,396.55
2021-12-09,395.95,0.95,상승,0.24,393.55,396.40,393.10
2021-12-10,393.00,-2.95,하락,-0.75,394.10,395.00,392.15
2021-12-13,393.90,0.90,상승,0.23,394.80,399.70,393.00
2021-12-14,390.45,-3.45,하락,-0.88,390.30,393.20,389.30
2021-12-15,390.85,0.40,상승,0.10,388.85,391.25,388.30
2021-12-16,393.50,2.65,상승,0.68,394.05,395.30,390.70
2021-12-17,393.95,0.45,상승,0.11,389.85,394.60,389.60
2021-12-20,386.60,-7.35,하락,-1.87,392.20,392.30,385.70
2021-12-21,389.50,2.90,상승,0.75,389.50,391.05,386.90
2021-12-22,391.60,2.10,상승,0.54,391.50,393.60,390.35
2021-12-23,393.60,2.00,상승,0.51,393.65,394.05,391.50
2021-12-24,397.00,3.40,상승,0.86,394.95,398.40,394.90
2021-12-27,394.30,-2.70,하락,-0.68,397.00,397.15,394.25
2021-12-28,398.30,4.00,상승,1.01,395.50,398.30,392.80
2021-12-29,396.30,-2.00,하락,-0.50,398.80,399.30,396.30
2021-12-30,394.25,-2.05,하락,-0.52,397.15,398.30,393.65
2022-01-03,395.30,1.05,상승,0.27,396.00,399.25,393.95
2022-01-04,394.65,-0.65,하락,-0.16,395.50,396.30,392.75
2022-01-05,389.10,-5.55,하락,-1.41,394.15,394.45,386.85
2022-01-06,385.25,-3.85,하락,-0.99,386.00,390.05,385.10
2022-01-07,390.50,5.25,상승,1.36,388.60,391.10,387.20
2022-01-10,386.70,-3.80,하락,-0.97,390.00,390.10,384.30
2022-01-11,388.30,1.60,상승,0.41,387.70,390.00,386.00
2022-01-12,395.00,6.70,상승,1.73,391.05,395.15,391.00
2022-01-13,392.50,-2.50,하락,-0.63,396.15,396.25,392.35
2022-01-14,386.50,-6.00,하락,-1.53,390.55,390.60,385.90
2022-01-17,384.30,-2.20,하락,-0.57,385.30,387.10,381.50
2022-01-18,380.65,-3.65,하락,-0.95,384.05,385.60,379.65
2022-01-19,378.00,-2.65,하락,-0.70,377.95,381.80,376.70
2022-01-20,380.05,2.05,상승,0.54,377.80,380.45,376.40
2022-01-21,376.35,-3.70,하락,-0.97,376.35,377.30,373.25
2022-01-24,370.85,-5.50,하락,-1.46,374.55,375.90,369.80
2022-01-25,361.00,-9.85,하락,-2.66,369.00,370.75,359.85
2022-01-26,360.70,-0.30,하락,-0.08,363.40,365.35,360.35
2022-01-27,347.45,-13.25,하락,-3.67,361.95,362.45,347.45
2022-01-28,356.60,9.15,상승,2.63,350.40,358.85,347.45
2022-02-03,361.50,4.90,상승,1.37,364.80,366.35,361.40
2022-02-04,366.40,4.90,상승,1.36,363.40,366.65,361.70
2022-02-07,363.25,-3.15,하락,-0.86,363.95,364.65,359.00
2022-02-08,363.20,-0.05,하락,-0.01,366.00,367.25,360.65
2022-02-09,368.90,5.70,상승,1.57,367.00,368.95,365.65
2022-02-10,371.75,2.85,상승,0.77,370.70,372.45,369.00
2022-02-11,368.00,-3.75,하락,-1.01,368.45,370.80,366.30
2022-02-14,363.65,-4.35,하락,-1.18,365.00,365.95,360.30
2022-02-15,360.55,-3.10,하락,-0.85,363.90,364.70,358.90
2022-02-16,367.35,6.80,상승,1.89,364.85,367.65,364.50
2022-02-17,370.20,2.85,상승,0.78,368.50,373.05,365.70
2022-02-18,368.40,-1.80,하락,-0.49,366.25,369.45,364.65
2022-02-21,369.05,0.65,상승,0.18,362.40,369.05,360.80
2022-02-22,363.60,-5.45,하락,-1.48,361.90,364.75,360.60
2022-02-23,364.05,0.45,상승,0.12,366.45,366.60,362.50
2022-02-24,354.40,-9.65,하락,-2.65,359.45,360.60,353.60
2022-02-25,359.40,5.00,상승,1.41,358.00,360.80,356.90
2022-02-28,361.20,1.80,상승,0.50,357.05,361.60,355.50
2022-03-02,360.20,-1.00,하락,-0.28,362.00,362.75,359.60
2022-03-03,366.45,6.25,상승,1.74,363.00,367.30,362.70
2022-03-04,361.15,-5.30,하락,-1.45,365.90,366.10,359.60
2022-03-07,352.80,-8.35,하락,-2.31,354.00,354.90,350.50
2022-03-08,347.90,-4.90,하락,-1.39,347.35,352.35,346.60
2022-03-10,356.90,9.90,상승,2.85,357.00,358.75,354.90
2022-03-11,354.15,-2.75,하락,-0.77,355.00,355.80,352.45
2022-03-14,354.00,-0.15,하락,-0.04,354.25,355.95,352.20
2022-03-15,350.30,-3.70,하락,-1.05,352.20,353.05,349.30
2022-03-16,356.10,5.80,상승,1.66,354.00,356.20,351.45
2022-03-17,361.75,5.65,상승,1.59,362.95,364.15,360.70
2022-03-18,362.00,0.25,상승,0.07,360.15,362.45,359.20
2022-03-21,358.75,-3.25,하락,-0.90,363.15,363.75,357.90
2022-03-22,361.40,2.65,상승,0.74,358.40,361.95,358.20
2022-03-23,364.25,2.85,상승,0.79,363.60,366.40,362.70
2022-03-24,362.50,-1.75,하락,-0.48,361.50,363.20,360.15
2022-03-25,361.75,-0.75,하락,-0.21,363.50,364.10,360.75
2022-03-28,362.45,0.70,상승,0.19,359.55,362.85,358.30
2022-03-29,363.55,1.10,상승,0.30,364.30,365.45,362.25
2022-03-30,364.75,1.20,상승,0.33,367.00,367.50,364.30
2022-03-31,365.70,0.95,상승,0.26,364.75,367.75,364.45
2022-04-01,363.50,-2.20,하락,-0.60,364.10,364.50,361.50
2022-04-04,365.50,2.00,상승,0.55,361.90,365.50,360.70
2022-04-05,365.30,-0.20,하락,-0.05,366.20,367.10,363.75
2022-04-06,361.35,-3.95,하락,-1.08,361.80,363.00,360.65
2022-04-07,356.20,-5.15,하락,-1.43,358.30,358.70,355.05
2022-04-08,356.40,0.20,상승,0.06,356.95,357.10,353.95
2022-04-11,356.05,-0.35,하락,-0.10,354.50,357.50,353.35
2022-04-12,352.65,-3.40,하락,-0.95,353.50,355.05,351.20
2022-04-13,358.80,6.15,상승,1.74,354.10,359.55,353.15
2022-04-14,357.35,-1.45,하락,-0.40,358.45,359.05,356.05
2022-04-15,352.95,-4.40,하락,-1.23,354.95,355.00,352.20
2022-04-18,353.70,0.75,상승,0.21,350.40,354.45,350.20
2022-04-19,357.20,3.50,상승,0.99,355.25,358.40,354.65
2022-04-20,356.95,-0.25,하락,-0.07,356.75,358.00,354.50
2022-04-21,358.90,1.95,상승,0.55,358.80,360.80,358.05
2022-04-22,354.55,-4.35,하락,-1.21,355.30,355.80,353.15
2022-04-25,348.35,-6.20,하락,-1.75,350.35,351.70,348.35
2022-04-26,350.05,1.70,상승,0.49,350.00,352.00,349.55
2022-04-27,345.40,-4.65,하락,-1.33,343.90,346.45,343.05
2022-04-28,349.90,4.50,상승,1.30,347.75,349.90,345.20
2022-04-29,355.60,5.70,상승,1.63,349.55,355.60,348.45
2022-05-02,353.45,-2.15,하락,-0.60,351.20,354.05,351.15
2022-05-03,352.85,-0.60,하락,-0.17,353.30,356.15,352.50
2022-05-04,353.55,0.70,상승,0.20,354.30,355.45,352.10
2022-05-06,348.30,-5.25,하락,-1.48,349.65,349.70,347.35
2022-05-09,345.30,-3.00,하락,-0.86,346.05,348.65,344.50
2022-05-10,343.10,-2.20,하락,-0.64,342.20,343.95,338.00
2022-05-11,343.05,-0.05,하락,-0.01,341.50,343.65,340.50
2022-05-12,337.80,-5.25,하락,-1.53,339.35,342.40,337.10
2022-05-13,345.70,7.90,상승,2.34,339.80,345.95,339.35
2022-05-16,344.15,-1.55,하락,-0.45,347.75,348.85,343.45
2022-05-17,347.60,3.45,상승,1.00,345.00,348.00,344.70
2022-05-18,348.40,0.80,상승,0.23,349.20,351.05,347.15
2022-05-19,342.10,-6.30,하락,-1.81,340.05,343.90,340.00
2022-05-20,349.65,7.55,상승,2.21,344.95,349.75,344.25
2022-05-23,350.70,1.05,상승,0.30,351.55,351.85,348.65
2022-05-24,344.20,-6.50,하락,-1.85,348.85,349.75,344.05
2022-05-25,346.15,1.95,상승,0.57,346.65,347.80,343.75
2022-05-26,344.80,-1.35,하락,-0.39,345.20,349.05,343.00
2022-05-27,348.90,4.10,상승,1.19,348.15,349.40,347.40
2022-05-30,352.95,4.05,상승,1.16,351.95,352.95,350.25
2022-05-31,354.15,1.20,상승,0.34,352.40,354.60,350.25
2022-06-02,350.00,-4.15,하락,-1.17,351.85,352.35,349.30
2022-06-03,352.40,2.40,상승,0.69,353.25,353.85,351.15
2022-06-07,345.70,-6.70,하락,-1.90,349.65,350.25,344.70
2022-06-08,346.65,0.95,상승,0.27,345.65,347.95,345.40
2022-06-09,345.00,-1.40,하락,-0.40,345.00,346.30,343.50
2022-06-10,341.10,-3.90,하락,-1.13,342.30,342.75,339.90
2022-06-13,329.25,-11.85,하락,-3.47,334.00,335.30,329.10
2022-06-14,327.00,-2.25,하락,-0.68,324.60,328.80,323.55
2022-06-15,321.40,-5.60,하락,-1.71,326.80,327.80,319.80
2022-06-16,321.60,0.20,상승,0.06,325.40,328.45,321.40
2022-06-17,319.00,-2.60,하락,-0.81,315.45,320.30,314.75
2022-06-20,313.85,-5.15,하락,-1.61,321.35,321.70,311.75
2022-06-21,316.70,2.85,상승,0.91,315.95,318.75,314.00
2022-06-22,308.30,-8.40,하락,-2.65,318.00,318.20,307.75
2022-06-23,306.10,-2.20,하락,-0.71,308.45,310.95,304.50
2022-06-24,312.70,6.60,상승,2.16,307.10,313.70,306.40
2022-06-27,316.60,3.90,상승,1.25,314.05,318.85,311.75
2022-06-28,318.95,2.35,상승,0.74,317.05,319.10,315.00
2022-06-29,313.30,-5.65,하락,-1.77,315.20,316.05,313.05
2022-06-30,307.45,-5.85,하락,-1.87,311.40,312.10,307.30
2022-07-01,304.95,-2.50,하락,-0.81,310.00,311.25,302.65
2022-07-04,305.05,0.10,상승,0.03,304.95,306.75,301.80
2022-07-05,309.95,4.90,상승,1.61,307.50,310.95,306.35
2022-07-06,303.30,-6.65,하락,-2.15,307.00,308.50,302.45
2022-07-07,308.95,5.65,상승,1.86,305.30,310.80,304.50
2022-07-08,310.80,1.85,상승,0.60,311.00,313.70,310.30
2022-07-11,309.10,-1.70,하락,-0.55,311.95,312.60,308.50
2022-07-12,305.55,-3.55,하락,-1.15,308.10,308.40,304.15
2022-07-13,307.90,2.35,상승,0.77,306.70,309.55,305.80
2022-07-14,306.60,-1.30,하락,-0.42,304.95,308.65,304.25
2022-07-15,308.00,1.40,상승,0.46,308.10,308.80,302.50
2022-07-18,316.00,8.00,상승,2.60,311.45,316.00,310.85
2022-07-19,313.70,-2.30,하락,-0.73,314.05,314.25,312.10
2022-07-20,316.50,2.80,상승,0.89,318.90,319.95,315.65
2022-07-21,318.80,2.30,상승,0.73,316.90,320.05,316.40
2022-07-22,318.20,-0.60,하락,-0.19,318.80,321.15,317.35
2022-07-25,319.10,0.90,상승,0.28,316.45,320.60,316.25
2022-07-26,320.50,1.40,상승,0.44,318.00,320.50,317.20
2022-07-27,320.25,-0.25,하락,-0.08,320.15,320.35,317.85
2022-07-28,322.80,2.55,상승,0.80,322.80,324.60,321.20
2022-07-29,323.45,0.65,상승,0.20,324.95,326.50,322.55
2022-08-01,323.90,0.45,상승,0.14,323.00,324.95,321.25
2022-08-02,321.50,-2.40,하락,-0.74,323.00,323.35,320.60
2022-08-03,324.15,2.65,상승,0.82,321.85,324.15,320.60
2022-08-04,325.75,1.60,상승,0.49,326.10,326.70,324.40
2022-08-05,327.35,1.60,상승,0.49,327.40,328.75,326.75
2022-08-08,326.85,-0.50,하락,-0.15,325.25,327.45,325.10
2022-08-09,328.20,1.35,상승,0.41,327.80,328.75,325.60
2022-08-10,324.50,-3.70,하락,-1.13,326.15,326.95,324.05
2022-08-11,330.20,5.70,상승,1.76,328.25,330.20,328.00
2022-08-12,330.70,0.50,상승,0.15,329.15,331.50,329.05
2022-08-16,332.05,1.35,상승,0.41,333.10,333.70,331.45
2022-08-17,329.80,-2.25,하락,-0.68,332.75,333.50,329.80
2022-08-18,328.35,-1.45,하락,-0.44,327.40,329.70,326.30
2022-08-19,326.80,-1.55,하락,-0.47,329.00,329.30,326.50
2022-08-22,322.20,-4.60,하락,-1.41,323.60,324.50,321.95
2022-08-23,318.15,-4.05,하락,-1.26,320.40,321.70,318.15
2022-08-24,319.60,1.45,상승,0.46,319.65,320.75,318.40
2022-08-25,323.85,4.25,상승,1.33,321.05,323.90,320.70
2022-08-26,324.50,0.65,상승,0.20,325.00,326.50,323.55
2022-08-29,315.70,-8.80,하락,-2.71,315.90,317.25,315.35
2022-08-30,319.45,3.75,상승,1.19,317.50,319.60,316.95
2022-08-31,321.00,1.55,상승,0.49,316.30,323.10,315.90
2022-09-01,314.50,-6.50,하락,-2.02,317.10,317.85,314.05
2022-09-02,313.85,-0.65,하락,-0.21,315.70,315.85,311.15
2022-09-05,312.10,-1.75,하락,-0.56,312.85,315.25,311.15
2022-09-06,312.90,0.80,상승,0.26,313.15,314.80,311.35
2022-09-07,308.30,-4.60,하락,-1.47,310.40,310.50,306.20
2022-09-08,309.35,1.30,상승,0.42,310.80,311.15,308.45
2022-09-13,320.20,10.85,상승,3.51,315.45,320.20,314.65
2022-09-14,312.70,-7.50,하락,-2.34,310.20,314.30,309.25
2022-09-15,311.40,-1.30,하락,-0.42,314.00,314.15,310.75
2022-09-16,307.90,-3.50,하락,-1.12,308.10,309.35,307.00
2022-09-19,306.90,-1.00,하락,-0.32,309.30,310.10,305.90
2022-09-20,307.55,0.65,상승,0.21,308.95,310.35,307.15
2022-09-21,304.40,-3.15,하락,-1.02,305.35,306.40,304.05
2022-09-22,301.05,-3.35,하락,-1.10,301.10,302.20,299.35
2022-09-23,297.85,-3.20,하락,-1.06,301.50,302.00,296.80
2022-09-26,290.30,-7.55,하락,-2.53,293.35,294.35,289.65
2022-09-27,290.60,0.30,상승,0.10,290.40,291.45,287.45
2022-09-28,283.00,-7.60,하락,-2.62,287.80,289.75,281.35
2022-09-29,284.75,1.75,상승,0.62,287.00,289.15,283.55
2022-09-30,282.45,-2.30,하락,-0.81,282.70,285.70,280.00
2022-10-04,290.00,7.55,상승,2.67,286.10,290.15,285.90
2022-10-05,290.40,0.40,상승,0.14,294.20,294.50,288.20
2022-10-06,292.15,1.75,상승,0.60,291.55,294.15,290.70
2022-10-07,290.85,-1.30,하락,-0.44,289.00,292.95,288.70
2022-10-11,284.90,-5.95,하락,-2.05,285.75,285.95,282.85
2022-10-12,287.85,2.95,상승,1.04,284.60,287.90,284.55
2022-10-13,282.80,-5.05,하락,-1.75,286.40,286.80,282.40
2022-10-14,290.90,8.10,상승,2.86,287.30,291.05,287.00
2022-10-17,289.35,-1.55,하락,-0.53,286.65,290.65,285.40
2022-10-18,294.50,5.15,상승,1.78,294.00,294.50,290.30
2022-10-19,291.30,-3.20,하락,-1.09,294.30,295.80,291.30
2022-10-20,288.60,-2.70,하락,-0.93,289.40,290.35,286.85
2022-10-21,289.55,0.95,상승,0.33,288.00,290.95,287.55
2022-10-24,292.90,3.35,상승,1.16,294.15,295.00,291.00
2022-10-25,292.45,-0.45,하락,-0.15,292.50,294.55,291.45
2022-10-26,294.70,2.25,상승,0.77,291.95,296.05,291.70
2022-10-27,299.65,4.95,상승,1.68,297.00,300.00,295.90
2022-10-28,295.80,-3.85,하락,-1.28,297.35,299.35,295.50
2022-10-31,300.70,4.90,상승,1.66,299.10,300.85,297.20
2022-11-01,303.90,3.20,상승,1.06,301.65,304.75,300.50
2022-11-02,304.45,0.55,상승,0.18,303.50,305.50,302.45
2022-11-03,302.05,-2.40,하락,-0.79,298.85,304.20,297.75
2022-11-04,305.40,3.35,상승,1.11,301.05,305.45,299.90
2022-11-07,309.00,3.60,상승,1.18,306.05,309.00,305.20
2022-11-08,312.95,3.95,상승,1.28,310.45,313.35,309.85
2022-11-09,316.25,3.30,상승,1.05,314.55,317.05,313.40
2022-11-10,311.45,-4.80,하락,-1.52,313.55,315.65,311.45
2022-11-11,324.95,13.50,상승,4.33,322.00,324.95,321.40
2022-11-14,322.60,-2.35,하락,-0.72,324.65,325.75,322.10
2022-11-15,323.00,0.40,상승,0.12,324.25,324.25,321.05
2022-11-16,322.95,-0.05,하락,-0.02,324.00,324.10,319.05
2022-11-17,319.25,-3.70,하락,-1.15,320.45,321.30,317.85
2022-11-18,317.45,-1.80,하락,-0.56,317.55,321.45,317.35
2022-11-21,314.45,-3.00,하락,-0.95,317.90,318.50,314.00
2022-11-22,312.35,-2.10,하락,-0.67,314.20,315.90,312.35
2022-11-23,315.05,2.70,상승,0.86,314.75,315.85,313.55
2022-11-24,318.05,3.00,상승,0.95,317.00,318.25,315.80
2022-11-25,316.50,-1.55,하락,-0.49,318.40,318.45,316.30
2022-11-28,312.90,-3.60,하락,-1.14,314.15,314.90,311.60
2022-11-29,315.70,2.80,상승,0.89,312.35,316.00,311.60
2022-11-30,319.65,3.95,상승,1.25,314.05,320.80,314.05
2022-12-01,323.10,3.45,상승,1.08,324.65,325.95,321.75
2022-12-02,315.00,-8.10,하락,-2.51,321.50,321.80,314.95
2022-12-05,314.35,-0.65,하락,-0.21,316.15,317.10,313.20
2022-12-06,310.15,-4.20,하락,-1.34,311.20,313.30,309.70
2022-12-07,308.20,-1.95,하락,-0.63,309.15,310.30,308.10
2022-12-08,307.00,0.50,상승,0.16,307.05,307.45,304.50
2022-12-09,310.65,3.65,상승,1.19,308.30,310.70,306.95
2022-12-12,308.05,-2.60,하락,-0.84,308.15,309.00,307.25
2022-12-13,308.30,0.25,상승,0.08,309.15,310.25,306.90
2022-12-14,311.40,3.10,상승,1.01,309.50,311.85,309.05
2022-12-15,306.15,-5.25,하락,-1.69,309.35,310.00,305.75
2022-12-16,304.05,-2.10,하락,-0.69,301.60,305.15,301.45
2022-12-19,304.35,0.30,상승,0.10,304.05,306.00,303.40
2022-12-20,301.90,-2.45,하락,-0.80,303.75,304.45,300.70
2022-12-21,301.00,-0.90,하락,-0.30,303.60,303.70,300.70
2022-12-22,305.05,4.05,상승,1.35,302.15,305.25,301.75
2022-12-23,299.45,-5.60,하락,-1.84,301.60,302.35,299.10
2022-12-26,299.95,0.50,상승,0.17,299.45,300.30,298.55
2022-12-27,302.30,2.35,상승,0.78,301.35,302.85,300.55
2022-12-28,298.45,-3.85,하락,-1.27,300.55,300.90,298.20
2022-12-29,292.85,-5.60,하락,-1.88,295.90,297.20,292.70
2023-01-02,291.25,-1.60,하락,-0.55,293.65,295.30,290.95
2023-01-03,290.95,-0.30,하락,-0.10,291.65,292.30,285.40
2023-01-04,297.00,6.05,상승,2.08,289.55,297.95,289.10
2023-01-05,298.45,1.45,상승,0.49,299.20,301.05,297.25
2023-01-06,303.25,4.80,상승,1.61,297.50,304.40,297.30
2023-01-09,311.50,8.25,상승,2.72,306.50,311.50,305.70
2023-01-10,310.90,-0.60,하락,-0.19,310.35,313.60,309.80
2023-01-11,312.00,1.10,상승,0.35,312.95,313.90,310.50
2023-01-12,313.30,1.30,상승,0.42,313.90,314.35,311.30
2023-01-13,315.30,2.00,상승,0.64,314.00,317.15,313.60
2023-01-16,317.70,2.40,상승,0.76,316.00,319.30,315.60
2023-01-17,315.55,-2.15,하락,-0.68,317.95,318.10,314.80
2023-01-18,313.70,-1.85,하락,-0.59,315.00,315.55,311.40
2023-01-19,314.75,1.05,상승,0.33,311.85,315.30,311.30
2023-01-20,316.85,2.10,상승,0.67,315.00,317.20,313.85
2023-01-25,322.55,5.70,상승,1.80,321.10,323.05,321.00
2023-01-26,326.65,4.10,상승,1.27,322.55,326.85,321.50
2023-01-27,328.75,2.10,상승,0.64,326.70,331.20,325.70
2023-01-30,323.85,-4.90,하락,-1.49,328.90,329.85,323.50
2023-01-31,318.65,-5.20,하락,-1.61,324.25,324.40,318.10
2023-02-01,322.85,4.20,상승,1.32,320.80,322.85,319.65
2023-02-02,325.10,2.25,상승,0.70,326.65,327.85,322.85
2023-02-03,326.05,0.95,상승,0.29,324.75,327.70,323.45
2023-02-06,318.80,-7.25,하락,-2.22,323.90,324.60,318.80
2023-02-07,321.30,2.50,상승,0.78,319.10,322.15,318.60
2023-02-08,326.35,5.05,상승,1.57,323.50,327.15,323.10
2023-02-09,324.85,-1.50,하락,-0.46,324.60,326.35,323.25
2023-02-10,323.75,-1.10,하락,-0.34,323.50,324.35,321.55
2023-02-13,322.60,-1.15,하락,-0.36,322.65,323.10,319.75
2023-02-14,324.85,2.25,상승,0.70,324.65,326.35,323.30
2023-02-15,317.40,-7.45,하락,-2.29,324.90,324.90,317.40
2023-02-16,324.10,6.70,상승,2.11,320.15,324.90,319.70
2023-02-17,321.55,-2.55,하락,-0.79,320.60,324.00,320.00
2023-02-20,323.20,1.65,상승,0.51,322.05,323.35,318.20
2023-02-21,322.00,-1.20,하락,-0.37,321.95,323.15,320.05
2023-02-22,316.20,-5.80,하락,-1.80,318.50,318.85,315.85
2023-02-23,320.10,3.90,상승,1.23,317.40,321.40,317.05
2023-02-24,317.70,-2.40,하락,-0.75,319.50,321.40,317.00
2023-02-27,314.00,-3.70,하락,-1.16,314.25,314.50,311.45
2023-02-28,315.80,1.80,상승,0.57,315.45,317.90,314.20
2023-03-02,315.30,-0.50,하락,-0.16,315.25,318.80,314.20
2023-03-03,316.80,1.50,상승,0.48,317.40,318.20,315.10
2023-03-06,321.00,4.20,상승,1.33,319.45,321.20,317.80
2023-03-07,319.40,-1.60,하락,-0.50,320.50,322.05,319.10
2023-03-08,314.65,-4.75,하락,-1.49,316.20,316.70,314.25
2023-03-09,314.90,-0.80,하락,-0.25,318.00,318.25,314.80
2023-03-10,311.35,-3.55,하락,-1.13,311.85,312.75,310.00
2023-03-13,314.15,2.80,상승,0.90,313.30,314.95,309.35
2023-03-14,306.90,-7.25,하락,-2.31,311.25,311.35,306.15
2023-03-15,310.10,3.20,상승,1.04,310.50,312.60,309.05
2023-03-16,309.60,-0.50,하락,-0.16,306.40,310.35,305.70
2023-03-17,313.40,3.80,상승,1.23,313.05,313.85,310.75
2023-03-20,310.00,-3.40,하락,-1.08,312.85,314.50,310.00
2023-03-21,311.85,1.85,상승,0.60,312.55,313.25,310.80
2023-03-22,315.40,3.55,상승,1.14,314.45,315.50,313.20
2023-03-23,316.10,0.70,상승,0.22,313.25,316.60,312.65
2023-03-24,315.30,-0.80,하락,-0.25,316.00,316.70,313.45
2023-03-27,314.25,-1.05,하락,-0.33,316.30,316.45,311.95
2023-03-28,317.45,3.20,상승,1.02,314.90,317.50,314.40
2023-03-29,317.90,0.45,상승,0.14,316.70,318.15,315.90
2023-03-30,319.90,2.00,상승,0.63,319.45,321.35,318.20
2023-03-31,323.70,3.80,상승,1.19,321.35,324.55,320.65
2023-04-03,322.10,-1.60,하락,-0.49,324.20,324.55,321.35
2023-04-04,323.70,1.60,상승,0.50,322.65,324.45,321.70
2023-04-05,325.75,2.05,상승,0.63,324.00,325.75,322.95
2023-04-06,319.75,-6.00,하락,-1.84,324.00,324.20,319.15
2023-04-07,324.85,5.10,상승,1.59,321.60,325.40,321.55
2023-04-10,327.95,3.10,상승,0.95,324.65,329.50,324.25
2023-04-11,332.15,4.20,상승,1.28,329.25,333.20,328.60
2023-04-12,333.45,1.30,상승,0.39,331.85,334.40,331.55
2023-04-13,334.30,0.85,상승,0.25,331.55,334.60,331.05
2023-04-14,335.20,0.90,상승,0.27,336.20,337.25,334.10
2023-04-17,335.40,0.20,상승,0.06,335.00,335.75,333.60
2023-04-18,335.15,-0.25,하락,-0.07,334.95,336.00,332.55
2023-04-19,335.10,-0.05,하락,-0.01,334.50,336.25,334.25
2023-04-20,334.15,-0.95,하락,-0.28,333.65,334.90,332.65
2023-04-21,331.95,-2.20,하락,-0.66,333.35,333.80,330.90
2023-04-24,329.95,-2.00,하락,-0.60,331.00,331.60,329.60
2023-04-25,325.75,-4.20,하락,-1.27,330.90,331.10,323.90
2023-04-26,325.25,-0.50,하락,-0.15,324.90,326.70,324.55
2023-04-27,325.85,0.60,상승,0.18,324.35,326.35,322.05
2023-04-28,326.40,0.55,상승,0.17,327.50,329.40,325.30
2023-05-02,330.00,3.60,상승,1.10,327.75,330.10,327.10
2023-05-03,326.80,-3.20,하락,-0.97,327.90,328.50,326.40
2023-05-04,325.80,-1.00,하락,-0.31,325.70,326.65,324.70
2023-05-08,330.00,4.20,상승,1.29,329.20,330.85,328.90
2023-05-09,328.60,-1.40,하락,-0.42,329.15,329.40,327.70
2023-05-10,326.50,-2.10,하락,-0.64,328.60,328.65,325.45
2023-05-11,325.40,-1.10,하락,-0.34,327.55,329.00,325.40
2023-05-12,324.30,-1.10,하락,-0.34,324.35,325.75,323.45
2023-05-15,325.15,0.85,상승,0.26,322.70,325.20,322.05
2023-05-16,325.55,0.40,상승,0.12,326.95,328.25,325.15
2023-05-17,326.50,0.95,상승,0.29,325.45,327.95,325.10
2023-05-18,329.80,3.30,상승,1.01,328.60,330.25,327.90
2023-05-19,334.75,4.95,상승,1.50,332.30,334.90,332.25
2023-05-22,337.00,2.25,상승,0.67,335.00,338.15,333.95
2023-05-23,338.00,1.00,상승,0.30,338.20,338.95,336.80
2023-05-24,336.85,-1.15,하락,-0.34,335.90,337.85,335.55
2023-05-25,336.00,-0.85,하락,-0.25,338.00,338.35,335.25
2023-05-26,337.80,1.80,상승,0.54,336.40,338.30,335.95
2023-05-30,342.05,4.25,상승,1.26,340.65,342.05,339.85
2023-05-31,339.00,-3.05,하락,-0.89,341.30,342.65,338.95
2023-06-01,338.05,-0.95,하락,-0.28,338.55,339.75,337.30
2023-06-02,342.95,4.90,상승,1.45,340.50,343.00,340.10
2023-06-05,344.00,1.05,상승,0.31,344.90,345.00,343.30
2023-06-07,343.25,-0.75,하락,-0.22,345.10,345.75,343.10
2023-06-08,344.45,-0.15,하락,-0.04,343.50,344.60,342.45
2023-06-09,349.50,5.05,상승,1.47,346.05,349.50,344.80
2023-06-12,346.65,-2.85,하락,-0.82,349.70,350.10,345.60
2023-06-13,348.40,1.75,상승,0.50,348.75,349.30,347.15
2023-06-14,346.40,-2.00,하락,-0.57,348.30,348.55,345.80
2023-06-15,345.15,-1.25,하락,-0.36,347.40,348.45,344.75
2023-06-16,347.30,2.15,상승,0.62,346.65,347.35,344.90
2023-06-19,345.10,-2.20,하락,-0.63,346.20,346.40,343.85
2023-06-20,344.15,-0.95,하락,-0.28,343.85,344.75,342.85
2023-06-21,341.15,-3.00,하락,-0.87,343.50,343.80,340.90
2023-06-22,342.25,1.10,상승,0.32,340.35,343.10,340.20
2023-06-23,340.25,-2.00,하락,-0.58,343.05,343.45,339.65
2023-06-26,341.40,1.15,상승,0.34,339.50,342.10,339.05
2023-06-27,341.55,0.15,상승,0.04,341.15,341.75,339.85
2023-06-28,339.55,-2.00,하락,-0.59,342.70,342.80,338.95
2023-06-29,339.20,-0.35,하락,-0.10,340.40,342.60,339.20
2023-06-30,340.50,1.30,상승,0.38,339.35,341.25,336.95
2023-07-03,345.75,5.25,상승,1.54,341.65,345.80,341.65
2023-07-04,343.85,-1.90,하락,-0.55,345.50,345.95,343.85
2023-07-05,340.60,-3.25,하락,-0.95,343.55,344.95,340.60
2023-07-06,338.10,-2.50,하락,-0.73,340.75,340.80,337.70
2023-07-07,332.85,-5.25,하락,-1.55,336.20,336.40,332.20
2023-07-10,332.85,0.00,보합,0.00,334.00,335.30,332.00
2023-07-11,338.85,6.00,상승,1.80,335.20,339.00,334.70
2023-07-12,340.80,1.95,상승,0.58,339.00,341.10,337.80
2023-07-13,343.65,2.85,상승,0.84,343.80,344.90,343.25
2023-07-14,348.20,4.55,상승,1.32,345.40,349.25,344.80
2023-07-17,347.90,-0.30,하락,-0.09,347.00,349.00,346.70
2023-07-18,345.60,-2.30,하락,-0.66,348.55,348.85,344.80
2023-07-19,344.40,-1.20,하락,-0.35,347.05,347.45,343.65
2023-07-20,343.30,-1.10,하락,-0.32,342.35,344.95,342.10
2023-07-21,344.15,0.85,상승,0.25,341.30,344.15,338.90
2023-07-24,346.00,1.85,상승,0.54,344.00,347.25,342.05
2023-07-25,346.40,0.40,상승,0.12,347.00,347.70,344.30
2023-07-26,342.45,-3.95,하락,-1.14,346.40,347.20,341.60
2023-07-27,346.35,3.90,상승,1.14,342.95,346.80,342.40
2023-07-28,345.25,-1.10,하락,-0.32,344.65,345.90,342.75
2023-07-31,347.25,2.00,상승,0.58,347.05,348.50,346.15
2023-08-01,352.35,5.10,상승,1.47,347.20,352.90,346.75
2023-08-02,344.80,-7.55,하락,-2.14,350.60,351.05,344.45
2023-08-03,342.70,-2.10,하락,-0.61,344.60,345.85,341.15
2023-08-04,342.30,-0.40,하락,-0.12,343.45,343.85,341.40
2023-08-07,340.95,-1.35,하락,-0.39,341.30,344.20,340.20
2023-08-08,339.15,-1.80,하락,-0.53,342.30,343.40,337.95
2023-08-09,342.50,3.35,상승,0.99,338.65,343.20,338.55
2023-08-10,340.45,-2.05,하락,-0.60,341.50,341.65,339.85
2023-08-11,340.45,0.00,보합,0.00,340.60,343.85,339.85
2023-08-14,337.25,-3.20,하락,-0.94,339.30,340.05,335.80
2023-08-16,332.35,-4.90,하락,-1.45,335.05,335.50,331.30
2023-08-17,331.00,-1.35,하락,-0.41,329.95,331.00,326.25
2023-08-18,328.50,-2.50,하락,-0.76,327.95,330.65,326.30
2023-08-21,328.95,0.45,상승,0.14,328.95,331.45,328.55
2023-08-22,330.00,1.05,상승,0.32,331.00,332.55,328.85
2023-08-23,329.65,-0.35,하락,-0.11,328.65,330.35,328.00
2023-08-24,333.90,4.25,상승,1.29,333.00,334.15,332.40
2023-08-25,330.20,-3.70,하락,-1.11,329.40,331.55,328.65
2023-08-28,332.65,2.45,상승,0.74,332.05,332.75,330.90
2023-08-29,333.45,0.80,상승,0.24,333.90,334.50,332.75
2023-08-30,334.75,1.30,상승,0.39,336.55,337.70,334.75
2023-08-31,334.95,0.20,상승,0.06,335.35,336.10,333.55
2023-09-01,337.85,2.90,상승,0.87,334.00,339.05,333.85
2023-09-04,340.75,2.90,상승,0.86,338.85,340.80,337.75
2023-09-05,340.50,-0.25,하락,-0.07,341.15,341.25,339.40
2023-09-06,337.80,-2.70,하락,-0.79,339.45,340.50,337.40
2023-09-07,336.30,-1.50,하락,-0.44,336.20,337.80,335.20
2023-09-08,336.75,0.45,상승,0.13,336.10,336.75,334.05
2023-09-11,338.05,1.30,상승,0.39,336.55,338.05,335.35
2023-09-12,335.75,-2.30,하락,-0.68,339.00,339.20,335.50
2023-09-13,336.10,0.35,상승,0.10,335.00,337.55,334.85
2023-09-14,342.65,5.05,상승,1.50,338.05,342.65,338.05
2023-09-15,346.90,4.25,상승,1.24,343.10,348.35,342.65
2023-09-18,342.95,-3.95,하락,-1.14,345.00,345.95,342.75
2023-09-19,340.75,-2.20,하락,-0.64,342.70,343.65,339.75
2023-09-20,340.60,-0.15,하락,-0.04,340.70,341.35,339.25
2023-09-21,334.20,-6.40,하락,-1.88,338.00,338.75,334.00
2023-09-22,332.85,-1.35,하락,-0.40,331.45,333.75,330.10
2023-09-25,333.10,0.25,상승,0.08,332.20,333.65,331.25
2023-09-26,328.35,-4.75,하락,-1.43,333.00,333.20,328.25
2023-09-27,329.00,0.65,상승,0.20,326.10,329.15,325.90
2023-10-04,320.10,-8.90,하락,-2.71,324.80,325.05,319.75
2023-10-05,319.75,-0.35,하락,-0.11,322.00,323.15,319.70
2023-10-06,320.50,0.75,상승,0.23,319.90,322.10,319.75
2023-10-10,321.45,0.95,상승,0.30,323.95,326.55,321.05
2023-10-11,327.00,5.55,상승,1.73,324.20,329.05,324.15
2023-10-12,330.45,3.45,상승,1.06,328.70,330.60,328.10
2023-10-13,327.85,-2.60,하락,-0.79,327.45,328.60,326.60
2023-10-16,324.85,-3.00,하락,-0.92,326.20,327.30,322.85
2023-10-17,328.80,3.95,상승,1.22,327.15,329.65,326.45
2023-10-18,330.20,1.40,상승,0.43,327.95,330.60,327.65
2023-10-19,323.70,-6.50,하락,-1.97,326.50,326.70,323.70
2023-10-20,318.85,-4.85,하락,-1.50,321.00,321.60,317.55
2023-10-23,317.00,-1.85,하락,-0.58,317.15,319.25,316.45
2023-10-24,319.55,2.55,상승,0.80,318.55,319.65,312.90
2023-10-25,317.85,-1.70,하락,-0.53,320.30,320.75,317.55
2023-10-26,309.15,-8.70,하락,-2.74,312.95,313.50,309.15
2023-10-27,309.20,0.05,상승,0.02,309.95,311.50,308.50
2023-10-30,310.20,1.00,상승,0.32,307.25,311.25,306.75
2023-10-31,307.10,-3.10,하락,-1.00,311.65,312.80,306.25
2023-11-01,311.05,3.95,상승,1.29,308.40,311.65,307.65
2023-11-02,316.15,5.10,상승,1.64,316.05,317.65,315.25
2023-11-03,319.60,3.45,상승,1.09,319.70,319.95,317.75
2023-11-06,335.30,15.70,상승,4.91,324.00,335.30,323.20
2023-11-07,328.40,-6.90,하락,-2.06,334.90,335.00,324.95
2023-11-08,325.10,-3.30,하락,-1.00,331.10,331.65,324.25
2023-11-09,326.70,1.60,상승,0.49,325.95,327.90,324.45
2023-11-10,324.70,-2.00,하락,-0.61,324.00,324.95,322.15
2023-11-13,325.10,0.40,상승,0.12,328.25,328.75,323.25
2023-11-14,327.80,2.70,상승,0.83,326.60,328.90,326.25
2023-11-15,335.25,7.45,상승,2.27,334.80,335.95,332.20
2023-11-16,334.55,-0.70,하락,-0.21,334.35,335.80,333.10
2023-11-17,333.10,-1.45,하락,-0.43,334.20,335.15,331.85
2023-11-20,335.55,2.45,상승,0.74,332.35,336.50,331.50
2023-11-21,337.45,1.90,상승,0.57,338.00,338.55,336.40
2023-11-22,338.00,0.55,상승,0.16,335.00,338.30,333.80
2023-11-23,337.95,-0.05,하락,-0.01,337.45,338.75,336.25
2023-11-24,334.70,-3.25,하락,-0.96,337.20,338.40,334.70
2023-11-27,334.20,-0.50,하락,-0.15,334.35,336.70,333.30
2023-11-28,338.40,4.20,상승,1.26,335.75,338.40,335.35
2023-11-29,337.55,-0.85,하락,-0.25,338.35,338.35,334.80
2023-11-30,339.15,1.60,상승,0.47,337.05,339.20,335.35
2023-12-01,335.50,-3.65,하락,-1.08,337.75,338.15,334.60
2023-12-04,336.70,1.20,상승,0.36,337.05,338.30,336.00
2023-12-05,332.65,-4.05,하락,-1.20,334.15,335.35,332.65
2023-12-06,333.50,0.85,상승,0.26,333.80,335.95,333.50
2023-12-07,332.40,-1.10,하락,-0.33,331.80,334.10,331.50
2023-12-08,337.25,4.85,상승,1.46,334.80,337.65,334.70
2023-12-11,338.25,1.00,상승,0.30,338.00,338.50,335.85
2023-12-12,340.50,2.25,상승,0.67,340.05,341.00,339.25
2023-12-13,337.00,-3.50,하락,-1.03,340.95,341.00,336.70
2023-12-14,341.20,5.20,상승,1.55,340.50,342.90,339.50
2023-12-15,343.25,2.05,상승,0.60,341.30,346.25,341.30
2023-12-18,344.45,1.20,상승,0.35,343.25,344.85,342.40
2023-12-19,344.75,0.30,상승,0.09,343.80,345.00,342.40
2023-12-20,351.65,6.90,상승,2.00,347.20,351.70,347.05
2023-12-21,348.90,-2.75,하락,-0.78,349.00,350.50,347.60
2023-12-22,350.70,1.80,상승,0.52,351.45,353.35,350.20
2023-12-26,352.00,1.30,상승,0.37,352.45,352.80,350.05
2023-12-27,355.90,3.90,상승,1.11,352.15,356.15,351.85
2023-12-28,362.70,6.80,상승,1.91,355.50,362.70,355.20
2024-01-02,363.80,1.10,상승,0.30,360.70,365.40,358.60
2024-01-03,353.60,-10.20,하락,-2.80,359.70,359.90,353.40
2024-01-04,350.30,-3.30,하락,-0.93,350.20,353.20,349.25
2024-01-05,348.70,-1.60,하락,-0.46,349.35,351.10,348.50
2024-01-08,347.40,-1.30,하락,-0.37,350.35,351.90,347.40
2024-01-09,346.30,-1.10,하락,-0.32,351.40,353.00,345.50
2024-01-10,342.70,-3.60,하락,-1.04,345.35,347.15,342.25
2024-01-11,343.55,0.85,상승,0.25,344.45,345.10,342.00
2024-01-12,340.00,-3.55,하락,-1.03,341.50,343.20,338.95
2024-01-15,341.30,1.30,상승,0.38,340.00,342.50,339.75
2024-01-16,336.00,-5.30,하락,-1.55,339.55,340.30,335.70
2024-01-17,327.30,-8.70,하락,-2.59,336.45,337.95,327.30
2024-01-18,329.10,1.80,상승,0.55,328.70,330.30,326.80
2024-01-19,333.65,4.55,상승,1.38,333.00,334.80,332.25
2024-01-22,334.50,0.85,상승,0.25,337.05,338.50,334.35
2024-01-23,336.45,1.95,상승,0.58,334.00,336.85,333.95
2024-01-24,334.85,-1.60,하락,-0.48,337.10,337.80,332.05
2024-01-25,335.05,0.20,상승,0.06,334.70,335.70,333.10
2024-01-26,335.15,0.10,상승,0.03,333.50,338.95,331.90
2024-01-29,339.25,4.10,상승,1.22,336.25,341.50,335.80
2024-01-30,338.70,-0.55,하락,-0.16,340.55,342.50,337.85
2024-01-31,337.00,-1.70,하락,-0.50,335.15,337.80,335.15
2024-02-01,342.15,5.15,상승,1.53,335.80,342.95,335.00
2024-02-02,354.05,11.90,상승,3.48,344.60,354.35,344.60
2024-02-05,349.25,-4.80,하락,-1.36,353.70,354.05,344.80
2024-02-06,348.05,-1.20,하락,-0.34,348.05,350.75,345.65
2024-02-07,352.70,4.65,상승,1.34,349.75,355.50,349.05
2024-02-08,353.40,0.70,상승,0.20,355.10,355.80,352.10
2024-02-13,357.25,3.85,상승,1.09,355.55,359.40,355.30
2024-02-14,352.50,-4.75,하락,-1.33,352.00,353.75,350.55
2024-02-15,352.15,-0.35,하락,-0.10,355.65,356.50,351.60
2024-02-16,355.80,3.65,상승,1.04,354.30,355.80,352.75
2024-02-19,361.10,5.30,상승,1.49,355.30,361.70,354.90
2024-02-20,356.65,-4.45,하락,-1.23,360.30,360.90,354.60
2024-02-21,355.95,-0.70,하락,-0.20,357.05,359.05,354.65
2024-02-22,357.90,1.95,상승,0.55,360.00,360.20,356.20
2024-02-23,359.05,1.15,상승,0.32,360.40,362.95,358.10
2024-02-26,355.25,-3.80,하락,-1.06,359.25,359.30,352.75
2024-02-27,352.60,-2.65,하락,-0.75,356.45,356.70,352.20
2024-02-28,357.20,4.60,상승,1.30,353.90,358.10,352.70
2024-02-29,355.75,-1.45,하락,-0.41,355.60,356.85,353.55
2024-03-04,361.40,5.65,상승,1.59,359.20,362.80,358.80
2024-03-05,357.65,-3.75,하락,-1.04,360.10,362.85,357.45
2024-03-06,356.60,-1.05,하락,-0.29,354.60,357.25,354.50
2024-03-07,357.10,0.50,상승,0.14,358.30,359.15,354.95
2024-03-08,362.15,5.05,상승,1.41,360.55,363.30,360.10
2024-03-11,359.05,-3.10,하락,-0.86,359.90,361.00,358.20
2024-03-12,361.70,2.65,상승,0.74,360.00,362.35,357.95
2024-03-13,363.55,1.85,상승,0.51,363.40,364.60,361.40
2024-03-14,368.40,3.40,상승,0.93,365.00,368.40,364.75
2024-03-15,361.10,-7.30,하락,-1.98,365.70,366.05,360.65
2024-03-18,362.95,1.85,상승,0.51,361.10,363.15,359.80
2024-03-19,358.95,-4.00,하락,-1.10,361.00,361.25,356.60
2024-03-20,365.05,6.10,상승,1.70,361.00,365.10,360.95
2024-03-21,375.45,10.40,상승,2.85,371.70,375.75,370.50
2024-03-22,373.40,-2.05,하락,-0.55,373.95,376.95,372.40
2024-03-25,372.60,-0.80,하락,-0.21,373.80,376.80,371.60
2024-03-26,376.00,3.40,상승,0.91,375.05,380.00,374.25
2024-03-27,376.30,0.30,상승,0.08,375.30,377.35,373.55
2024-03-28,375.70,-0.60,하락,-0.16,376.75,377.85,374.90
2024-03-29,376.95,1.25,상승,0.33,376.95,378.65,375.20
2024-04-01,377.00,0.05,상승,0.01,379.95,381.40,377.00
2024-04-02,378.55,1.55,상승,0.41,375.40,380.20,375.40
2024-04-03,373.05,-5.50,하락,-1.45,376.30,377.05,372.30
2024-04-04,378.25,5.20,상승,1.39,376.25,378.50,376.05
2024-04-05,373.75,-4.50,하락,-1.19,375.00,376.50,372.40
2024-04-08,375.20,1.45,상승,0.39,376.00,376.65,373.55
2024-04-09,372.80,-2.40,하락,-0.64,376.95,378.20,372.50
2024-04-11,372.80,0.00,보합,0.00,365.85,374.35,365.85
2024-04-12,369.35,-3.45,하락,-0.93,373.65,374.20,368.55
2024-04-15,367.20,-2.15,하락,-0.58,366.50,367.55,362.55
2024-04-16,358.15,-9.05,하락,-2.46,362.95,363.50,356.75
2024-04-17,354.70,-3.45,하락,-0.96,360.00,360.45,354.35
2024-04-18,360.35,5.65,상승,1.59,353.50,361.40,353.45
2024-04-19,354.05,-6.30,하락,-1.75,357.00,357.30,348.15
2024-04-22,358.80,4.75,상승,1.34,355.15,359.30,354.70
2024-04-23,358.50,-0.30,하락,-0.08,359.10,360.00,357.05
2024-04-24,364.55,6.05,상승,1.69,363.30,365.75,362.65
2024-04-25,358.60,-5.95,하락,-1.63,360.00,361.45,358.00
2024-04-26,361.90,3.30,상승,0.92,362.00,363.55,359.90
2024-04-29,365.65,3.75,상승,1.04,364.35,366.05,363.70
2024-04-30,367.45,1.80,상승,0.49,365.05,369.20,365.05
2024-05-02,365.35,-2.10,하락,-0.57,365.10,366.60,363.35
2024-05-03,364.50,-0.85,하락,-0.23,369.30,370.25,364.50
2024-05-07,373.70,9.20,상승,2.52,370.75,374.15,370.60
2024-05-08,375.30,1.60,상승,0.43,374.35,375.45,373.10
2024-05-09,370.95,-4.35,하락,-1.16,376.40,376.60,370.15
2024-05-10,372.40,1.45,상승,0.39,373.95,375.35,371.90
2024-05-13,371.65,-0.75,하락,-0.20,373.10,374.40,370.05
2024-05-14,371.85,0.20,상승,0.05,372.40,373.30,371.25
2024-05-16,376.00,4.15,상승,1.12,379.05,379.80,375.60
2024-05-17,371.35,-4.65,하락,-1.24,374.35,375.60,371.20
2024-05-20,374.65,3.30,상승,0.89,374.10,376.95,373.45
2024-05-21,373.25,-1.40,하락,-0.37,373.85,374.20,372.00
2024-05-22,372.85,-0.40,하락,-0.11,373.45,373.85,369.25
2024-05-23,372.75,-0.10,하락,-0.03,372.60,374.30,369.60
2024-05-24,366.55,-6.20,하락,-1.66,367.25,367.95,365.65
2024-05-27,371.75,5.20,상승,1.42,368.50,372.40,366.60
2024-05-28,372.05,0.30,상승,0.08,372.45,372.85,369.85
2024-05-29,366.35,-5.70,하락,-1.53,371.65,371.70,365.60
2024-05-30,360.10,-6.25,하락,-1.71,362.20,363.35,359.25
2024-05-31,360.05,-0.05,하락,-0.01,361.75,363.45,358.90
2024-06-03,366.10,6.05,상승,1.68,362.70,367.25,361.30
2024-06-04,363.30,-2.80,하락,-0.76,365.05,365.10,362.30
2024-06-05,366.50,3.20,상승,0.88,366.00,367.80,363.40
2024-06-07,371.90,5.40,상승,1.47,369.80,373.15,369.15
2024-06-10,368.00,-3.90,하락,-1.05,367.85,370.30,365.90
2024-06-11,368.85,0.85,상승,0.23,367.35,369.25,366.45
2024-06-12,371.70,2.85,상승,0.77,368.00,371.85,367.35
2024-06-13,376.95,2.90,상승,0.78,377.85,381.00,376.35
2024-06-14,377.45,0.50,상승,0.13,375.50,379.05,375.50
2024-06-17,375.95,-1.50,하락,-0.40,376.00,377.40,374.80
2024-06-18,379.60,3.65,상승,0.97,379.15,380.20,377.15
2024-06-19,385.70,6.10,상승,1.61,382.60,385.90,382.25
2024-06-20,386.80,1.10,상승,0.29,385.20,387.90,384.45
2024-06-21,383.45,-3.35,하락,-0.87,383.25,384.65,381.40
2024-06-24,380.70,-2.75,하락,-0.72,381.45,381.90,378.85
2024-06-25,381.95,1.25,상승,0.33,379.65,382.40,379.15
2024-06-26,384.75,2.80,상승,0.73,380.50,384.75,378.95
2024-06-27,383.80,-0.95,하락,-0.25,381.70,384.30,379.50
2024-06-28,386.35,2.55,상승,0.66,385.55,386.35,383.65
2024-07-01,386.70,0.35,상승,0.09,384.30,387.05,383.70
2024-07-02,383.50,-3.20,하락,-0.83,384.20,386.30,382.70
2024-07-03,385.30,1.80,상승,0.47,386.00,386.55,382.20
2024-07-04,391.05,5.75,상승,1.49,388.70,391.10,388.15
2024-07-05,398.00,6.95,상승,1.78,390.70,399.55,390.55
2024-07-08,396.70,-1.30,하락,-0.33,397.10,398.90,396.50
2024-07-09,398.05,1.35,상승,0.34,398.90,399.70,395.70
2024-07-10,398.35,0.30,상승,0.08,396.50,398.50,395.80
2024-07-11,400.55,2.20,상승,0.55,401.70,402.45,399.10
2024-07-12,395.25,-5.30,하락,-1.32,396.25,397.85,392.95
2024-07-15,397.25,2.00,상승,0.51,396.60,397.35,393.60
2024-07-16,397.20,-0.05,하락,-0.01,395.55,398.65,395.35
2024-07-17,394.20,-3.00,하락,-0.76,397.80,398.45,393.60
2024-07-18,390.30,-3.90,하락,-0.99,390.00,391.20,387.10
2024-07-19,386.00,-4.30,하락,-1.10,387.30,387.45,383.45
2024-07-22,382.20,-3.80,하락,-0.98,383.35,386.30,380.20
2024-07-23,383.20,1.00,상승,0.26,384.50,386.70,382.40
2024-07-24,380.95,-2.25,하락,-0.59,380.25,383.80,379.15
2024-07-25,374.35,-6.60,하락,-1.73,375.35,376.00,372.40
2024-07-26,375.95,1.60,상승,0.43,373.50,377.15,373.10
2024-07-29,380.25,4.30,상승,1.14,378.95,381.85,377.25
2024-07-30,376.90,-3.35,하락,-0.88,375.90,377.55,375.20
2024-07-31,382.00,5.10,상승,1.35,375.70,382.15,374.75
2024-08-01,382.55,0.55,상승,0.14,386.00,386.25,382.10
2024-08-02,366.70,-15.85,하락,-4.14,374.10,374.70,365.15
2024-08-05,330.45,-36.25,하락,-9.89,359.65,360.00,324.60
2024-08-06,340.00,9.55,상승,2.89,343.90,352.15,338.40
2024-08-07,350.50,10.50,상승,3.09,335.10,353.75,334.30
2024-08-08,346.05,-4.45,하락,-1.27,343.40,349.60,341.05
2024-08-09,352.95,6.90,상승,1.99,356.45,356.95,350.05
2024-08-12,355.85,2.90,상승,0.82,353.25,357.40,352.55
2024-08-13,357.35,1.50,상승,0.42,358.15,359.10,355.40
2024-08-14,360.95,3.60,상승,1.01,362.95,363.15,359.35
2024-08-16,369.25,8.30,상승,2.30,368.10,370.00,367.10
2024-08-19,365.05,-4.20,하락,-1.14,371.00,371.80,364.30
2024-08-20,369.65,4.60,상승,1.26,371.00,371.45,368.15
2024-08-21,369.20,-0.45,하락,-0.12,367.45,369.80,366.70
2024-08-22,369.45,0.25,상승,0.07,371.20,371.25,367.45
2024-08-23,368.85,-0.60,하락,-0.16,366.00,370.60,365.95
2024-08-26,367.10,-1.75,하락,-0.47,369.40,370.80,366.00
2024-08-27,366.35,-0.75,하락,-0.20,366.20,367.00,364.40
2024-08-28,367.45,1.10,상승,0.30,364.95,367.45,362.75
2024-08-29,361.65,-5.80,하락,-1.58,361.50,362.35,359.05
2024-08-30,362.80,1.15,상승,0.32,362.60,364.15,361.50
2024-09-02,362.70,-0.10,하락,-0.03,362.00,363.25,358.35
2024-09-03,359.25,-3.45,하락,-0.95,363.05,364.00,359.15
2024-09-04,346.80,-12.45,하락,-3.47,349.00,351.20,346.10
2024-09-05,346.10,-0.70,하락,-0.20,348.70,351.55,344.20
2024-09-06,342.20,-3.90,하락,-1.13,347.00,347.75,340.45
2024-09-09,341.50,-0.70,하락,-0.20,334.00,341.80,333.55
2024-09-10,339.15,-2.35,하락,-0.69,341.75,342.75,337.75
2024-09-11,335.85,-3.30,하락,-0.97,339.80,339.80,332.85
2024-09-12,346.00,8.55,상승,2.53,342.15,346.00,341.30
2024-09-13,345.95,-0.05,하락,-0.01,345.40,347.55,343.45
2024-09-19,345.75,-0.20,하락,-0.06,347.15,348.75,340.60
2024-09-20,346.65,0.90,상승,0.26,349.25,351.15,346.10
2024-09-23,347.45,0.80,상승,0.23,347.40,348.15,345.70
2024-09-24,352.00,4.55,상승,1.31,347.90,352.00,346.20
2024-09-25,346.30,-5.70,하락,-1.62,354.60,356.40,346.00
2024-09-26,358.50,12.20,상승,3.52,352.00,358.60,351.00
2024-09-27,355.85,-2.65,하락,-0.74,361.20,361.40,355.80
2024-09-30,347.90,-7.95,하락,-2.23,358.50,359.25,346.60
2024-10-02,342.75,-5.15,하락,-1.48,342.75,347.05,340.80
2024-10-04,344.10,1.35,상승,0.39,344.20,346.75,341.60
2024-10-07,349.25,5.15,상승,1.50,346.15,349.80,341.80
2024-10-08,346.15,-3.10,하락,-0.89,347.20,347.55,344.40
2024-10-10,346.85,0.70,상승,0.20,350.05,350.90,346.10
2024-10-11,347.25,0.40,상승,0.12,350.20,350.65,346.60
2024-10-14,351.05,3.80,상승,1.09,348.85,352.65,347.20
2024-10-15,352.65,1.60,상승,0.46,352.75,353.80,350.25
2024-10-16,349.30,-3.35,하락,-0.95,347.15,350.70,346.65
2024-10-17,350.10,0.80,상승,0.23,349.80,350.65,348.05
2024-10-18,348.10,-2.00,하락,-0.57,351.50,351.70,346.15
2024-10-21,348.30,0.20,상승,0.06,348.00,350.40,346.70
2024-10-22,343.90,-4.40,하락,-1.26,346.75,347.75,342.60
2024-10-23,347.95,4.05,상승,1.18,343.10,349.35,342.60
2024-10-24,344.90,-3.05,하락,-0.88,347.40,347.45,344.35
2024-10-25,345.25,0.35,상승,0.10,345.05,348.45,344.00
2024-10-28,348.25,3.00,상승,0.87,346.45,349.05,345.30
2024-10-29,349.55,1.30,상승,0.37,347.55,349.65,345.85
2024-10-30,346.60,-2.95,하락,-0.84,349.20,349.45,344.90
2024-10-31,341.00,-5.60,하락,-1.62,342.50,344.25,340.45
2024-11-01,338.30,-2.70,하락,-0.79,339.00,340.85,337.40
2024-11-04,343.60,5.30,상승,1.57,338.90,344.65,338.50
2024-11-05,343.00,-0.60,하락,-0.17,342.05,343.80,340.55
2024-11-06,342.20,-0.80,하락,-0.23,344.70,345.00,338.70
2024-11-07,341.35,-0.85,하락,-0.25,340.60,343.85,338.25
2024-11-08,340.80,-0.55,하락,-0.16,343.80,345.80,340.00
2024-11-11,335.95,-4.85,하락,-1.42,339.30,339.65,334.20
2024-11-12,328.00,-7.95,하락,-2.37,333.55,334.60,327.90
2024-11-13,318.90,-9.10,하락,-2.77,325.75,327.50,318.90
2024-11-14,318.05,-0.85,하락,-0.27,319.75,322.45,317.30
2024-11-15,320.50,2.45,상승,0.77,319.75,322.70,316.65
2024-11-18,327.65,7.15,상승,2.23,322.90,330.75,322.50
2024-11-19,329.40,1.75,상승,0.53,327.70,329.90,327.05
2024-11-20,330.00,0.60,상승,0.18,328.15,330.60,327.55
2024-11-21,330.35,0.35,상승,0.11,327.65,331.95,327.40
2024-11-22,332.65,2.30,상승,0.70,332.05,334.60,330.95
2024-11-25,336.85,4.20,상승,1.26,335.25,338.30,334.70
2024-11-26,335.90,-0.95,하락,-0.28,335.70,336.05,334.10
2024-11-27,333.50,-2.40,하락,-0.71,334.80,336.00,332.05
2024-11-28,331.80,-1.70,하락,-0.51,333.25,333.55,331.30
2024-11-29,326.30,-5.50,하락,-1.66,332.95,332.95,323.40
2024-12-02,325.95,-0.35,하락,-0.11,328.85,329.95,325.00
2024-12-03,331.00,5.05,상승,1.55,327.95,331.90,327.20
2024-12-04,325.65,-5.35,하락,-1.62,324.50,328.95,323.10
2024-12-05,323.95,-1.70,하락,-0.52,325.95,327.30,322.85
2024-12-06,322.65,-1.30,하락,-0.40,325.00,326.55,317.50
2024-12-09,314.10,-8.55,하락,-2.65,317.70,319.15,313.85
2024-12-10,320.85,6.75,상승,2.15,316.00,321.45,315.60
2024-12-11,324.05,3.20,상승,1.00,318.60,324.20,318.25
2024-12-12,328.80,4.80,상승,1.48,326.35,329.60,324.65
2024-12-13,329.90,1.10,상승,0.33,327.70,331.45,326.90
2024-12-16,328.15,-1.75,하락,-0.53,331.05,333.20,328.10
2024-12-17,325.35,-2.80,하락,-0.85,329.20,329.40,324.50
2024-12-18,329.55,4.20,상승,1.29,325.05,330.60,324.85
2024-12-19,321.60,-7.95,하락,-2.41,321.90,323.70,319.95
2024-12-20,318.10,-3.50,하락,-1.09,320.35,320.65,314.75
2024-12-23,322.60,4.50,상승,1.41,320.40,323.80,318.75
2024-12-24,323.15,0.55,상승,0.17,322.60,324.40,321.40
2024-12-26,321.10,-2.05,하락,-0.63,324.80,325.15,320.65
2024-12-27,319.55,-1.55,하락,-0.48,321.25,321.90,317.40
2024-12-30,318.90,-0.65,하락,-0.20,319.50,323.00,317.90
2025-01-02,317.60,-1.30,하락,-0.41,317.70,319.25,315.60
2025-01-03,324.95,7.35,상승,2.31,316.40,326.80,316.20
2025-01-06,330.80,5.85,상승,1.80,325.15,332.20,324.15
2025-01-07,331.55,0.75,상승,0.23,334.50,336.75,331.25
2025-01-08,334.25,2.70,상승,0.81,329.20,336.50,328.00
2025-01-09,334.00,-0.25,하락,-0.07,332.60,337.75,332.40
2025-01-10,334.40,0.40,상승,0.12,333.90,336.25,332.45
2025-01-13,329.45,-4.95,하락,-1.48,331.95,333.10,328.55
2025-01-14,330.95,1.50,상승,0.46,331.25,332.00,328.20
2025-01-15,330.25,-0.70,하락,-0.21,331.80,334.75,329.55
2025-01-16,335.45,5.20,상승,1.57,334.85,336.35,333.80
2025-01-17,334.35,-1.10,하락,-0.33,335.10,335.25,332.50
2025-01-20,333.95,-0.40,하락,-0.12,335.75,336.25,333.00
2025-01-21,334.05,0.10,상승,0.03,335.85,338.50,332.05
2025-01-22,338.00,3.95,상승,1.18,336.50,339.05,334.65
2025-01-23,334.00,-4.00,하락,-1.18,337.80,338.20,333.65
2025-01-24,335.85,1.85,상승,0.55,335.60,337.50,334.30
2025-01-31,332.50,-3.35,하락,-1.00,333.00,334.35,329.70
2025-02-03,323.20,-9.30,하락,-2.80,326.50,326.85,320.80
2025-02-04,327.60,4.40,상승,1.36,328.70,332.20,326.20
2025-02-05,331.20,3.60,상승,1.10,330.05,333.10,329.80
2025-02-06,334.50,3.30,상승,1.00,333.85,335.00,332.10
2025-02-07,332.70,-1.80,하락,-0.54,334.65,335.30,332.05
2025-02-10,332.40,-0.30,하락,-0.09,330.30,333.75,329.00
2025-02-11,335.65,3.25,상승,0.98,333.30,337.20,333.15
2025-02-12,336.35,0.70,상승,0.21,336.90,337.05,333.05
2025-02-13,339.35,3.00,상승,0.89,337.50,339.75,336.70
2025-02-14,341.70,2.35,상승,0.69,341.10,343.05,339.80
2025-02-17,343.75,2.05,상승,0.60,341.70,344.25,341.45
2025-02-18,346.40,2.65,상승,0.77,344.75,346.95,343.20
2025-02-19,353.75,7.35,상승,2.12,347.40,354.90,347.30
2025-02-20,350.70,-3.05,하락,-0.86,353.10,353.10,349.80
2025-02-21,350.90,0.20,상승,0.06,352.20,352.25,348.15
2025-02-24,347.50,-3.40,하락,-0.97,347.10,348.35,346.00
2025-02-25,346.55,-0.95,하락,-0.27,345.20,347.65,343.60
2025-02-26,347.85,1.30,상승,0.38,346.45,349.25,344.50
2025-02-27,346.55,-1.30,하락,-0.37,348.55,349.15,344.70
2025-02-28,333.60,-12.95,하락,-3.74,342.00,342.05,333.60
2025-03-04,333.05,-0.55,하락,-0.16,331.85,336.10,330.00
2025-03-05,336.35,3.30,상승,0.99,335.50,338.25,333.45
2025-03-06,339.70,3.35,상승,1.00,338.85,340.75,337.20
2025-03-07,338.15,-1.55,하락,-0.46,336.05,339.65,334.65
2025-03-10,339.20,1.05,상승,0.31,335.65,339.85,334.70
2025-03-11,334.85,-4.35,하락,-1.28,331.20,335.80,329.05
2025-03-12,340.70,5.85,상승,1.75,334.30,341.25,333.20
2025-03-13,337.40,-2.55,하락,-0.75,340.70,343.65,337.25
2025-03-14,340.20,2.80,상승,0.83,339.80,340.95,337.70
2025-03-17,346.60,6.40,상승,1.88,342.00,347.35,341.85
2025-03-18,348.00,1.40,상승,0.40,351.20,352.10,346.85
2025-03-19,350.50,2.50,상승,0.72,348.35,352.75,347.30
2025-03-20,353.30,2.80,상승,0.80,351.50,354.45,351.25
2025-03-21,354.95,1.65,상승,0.47,351.00,355.30,350.20
2025-03-24,353.65,-1.30,하락,-0.37,354.55,355.70,352.20
2025-03-25,352.35,-1.30,하락,-0.37,354.65,355.55,351.00
2025-03-26,354.90,2.55,상승,0.72,352.90,356.00,351.95
2025-03-27,350.05,-4.85,하락,-1.37,351.80,353.60,350.05
2025-03-28,344.65,-5.40,하락,-1.54,349.95,350.00,343.00
2025-03-31,333.80,-10.85,하락,-3.15,338.00,338.25,333.55
2025-04-01,339.95,6.15,상승,1.84,335.45,340.70,335.15
2025-04-02,337.40,-2.55,하락,-0.75,341.80,342.50,336.10
2025-04-03,332.40,-5.00,하락,-1.48,326.05,333.60,324.15
2025-04-04,329.15,-3.25,하락,-0.98,327.00,335.80,325.70
2025-04-07,308.50,-20.65,하락,-6.27,310.40,315.90,306.65
2025-04-08,310.55,2.05,상승,0.66,317.50,318.65,309.00
2025-04-09,304.65,-5.90,하락,-1.90,306.00,310.60,303.15
2025-04-10,324.55,19.90,상승,6.53,324.80,324.90,318.80
2025-04-11,322.35,-2.20,하락,-0.68,318.20,323.35,317.70
2025-04-14,325.70,3.35,상승,1.04,325.80,327.30,324.10
2025-04-15,328.55,2.85,상승,0.88,325.30,329.35,325.10
2025-04-16,323.85,-4.70,하락,-1.43,326.90,327.75,323.15
2025-04-17,326.35,2.50,상승,0.77,322.80,327.20,322.65
2025-04-18,328.95,2.60,상승,0.80,326.00,329.05,325.75
2025-04-21,328.70,-0.25,하락,-0.08,327.50,330.80,327.45
2025-04-22,328.55,-0.15,하락,-0.05,327.00,329.90,326.50
2025-04-23,334.80,6.25,상승,1.90,333.00,334.85,332.00
2025-04-24,333.50,-1.30,하락,-0.39,335.60,335.75,331.50
2025-04-25,337.40,3.90,상승,1.17,337.95,338.55,335.75
2025-04-28,337.50,0.10,상승,0.03,337.30,338.75,336.55
2025-04-29,339.75,2.25,상승,0.67,338.35,341.35,336.90
2025-04-30,338.85,-0.90,하락,-0.26,339.55,340.60,337.05
2025-05-02,339.30,0.45,상승,0.13,338.60,340.40,336.10
2025-05-07,341.10,1.80,상승,0.53,341.50,343.30,339.55
2025-05-08,341.45,0.35,상승,0.10,341.30,343.90,341.20
2025-05-09,341.40,-0.05,하락,-0.01,341.40,343.30,340.60
2025-05-12,346.30,4.90,상승,1.44,344.60,346.65,343.30
2025-05-13,347.60,1.30,상승,0.38,348.60,349.55,346.55
2025-05-14,352.00,4.40,상승,1.27,350.15,353.60,349.65
2025-05-15,349.35,-2.65,하락,-0.75,351.00,352.70,348.80
2025-05-16,350.40,1.05,상승,0.30,350.55,351.60,349.60
2025-05-19,346.05,-4.35,하락,-1.24,349.00,349.40,345.20
2025-05-20,347.35,1.30,상승,0.38,349.95,350.25,346.85
2025-05-21,349.00,1.65,상승,0.48,348.00,351.30,347.70
2025-05-22,344.30,-4.70,하락,-1.35,347.50,347.70,343.90
2025-05-23,345.15,0.85,상승,0.25,343.90,346.60,343.90
2025-05-26,350.10,4.95,상승,1.43,345.95,350.90,345.60
2025-05-27,351.45,1.35,상승,0.39,350.10,351.95,349.20
2025-05-28,356.80,5.35,상승,1.52,352.55,359.70,352.15
2025-05-29,363.40,6.60,상승,1.85,360.00,363.80,358.90
2025-05-30,360.10,-3.30,하락,-0.91,360.85,363.10,359.15
2025-06-02,359.15,-0.95,하락,-0.26,359.00,363.20,357.90
2025-06-04,370.05,10.90,상승,3.03,364.90,370.05,363.60
2025-06-05,376.10,6.05,상승,1.63,373.00,380.10,372.00
2025-06-09,382.55,6.45,상승,1.71,378.50,385.05,378.40
2025-06-10,384.50,1.95,상승,0.51,385.90,386.95,381.45
2025-06-11,390.10,5.60,상승,1.46,385.50,390.45,385.15
2025-06-12,391.45,0.75,상승,0.19,390.95,393.90,389.20
2025-06-13,387.80,-3.65,하락,-0.93,393.00,394.30,385.80
2025-06-16,394.20,6.40,상승,1.65,390.20,395.30,386.55
2025-06-17,396.00,1.80,상승,0.46,397.25,403.35,393.30
2025-06-18,399.40,3.40,상승,0.86,393.70,400.90,392.15
2025-06-19,399.25,-0.15,하락,-0.04,400.40,402.95,396.55
2025-06-20,405.15,5.90,상승,1.48,400.00,405.85,399.45
2025-06-23,404.55,-0.60,하락,-0.15,401.05,405.50,397.75
2025-06-24,418.70,14.15,상승,3.50,410.35,418.70,409.40
2025-06-25,419.55,0.85,상승,0.20,420.85,422.85,415.80
2025-06-26,415.60,-3.95,하락,-0.94,419.85,421.15,410.40
2025-06-27,413.45,-2.15,하락,-0.52,417.50,418.25,411.65
2025-06-30,416.15,2.70,상승,0.65,413.25,418.20,413.25
2025-07-01,416.90,0.75,상승,0.18,415.90,424.15,415.85
2025-07-02,415.10,-1.80,하락,-0.43,417.45,418.25,409.95
2025-07-03,421.55,6.45,상승,1.55,417.30,421.90,416.60
2025-07-04,413.25,-8.30,하락,-1.97,424.50,424.70,413.10
2025-07-07,413.75,0.50,상승,0.12,411.15,415.50,409.35
2025-07-08,421.65,7.90,상승,1.91,412.10,422.30,412.05
2025-07-09,422.85,1.20,상승,0.28,422.00,423.80,419.65
2025-07-10,428.30,5.45,상승,1.29,424.20,428.70,422.10
2025-07-11,428.50,0.20,상승,0.05,430.25,434.80,427.80
2025-07-14,432.40,3.90,상승,0.91,426.25,433.20,425.95
2025-07-15,435.35,2.95,상승,0.68,432.70,435.50,429.60
2025-07-16,430.55,-4.80,하락,-1.10,432.70,434.25,429.65
2025-07-17,431.80,1.25,상승,0.29,432.70,433.30,426.15
2025-07-18,431.55,-0.25,하락,-0.06,434.00,434.40,429.15
2025-07-21,434.65,3.10,상승,0.72,429.60,435.60,429.55
2025-07-22,429.00,-5.65,하락,-1.30,435.15,436.55,426.80
2025-07-23,430.40,1.40,상승,0.33,429.85,432.80,424.90
2025-07-24,429.30,-1.10,하락,-0.26,432.70,437.75,429.30
2025-07-25,431.10,1.80,상승,0.42,429.05,432.75,428.30
2025-07-28,432.65,1.55,상승,0.36,431.50,436.10,428.70
2025-07-29,436.20,3.55,상승,0.82,432.30,436.85,427.30
2025-07-30,439.95,3.75,상승,0.86,435.50,442.70,434.40
2025-07-31,437.90,-2.05,하락,-0.47,443.50,444.85,436.70
2025-08-01,420.40,-17.50,하락,-4.00,432.80,433.30,420.05
2025-08-04,425.50,5.10,상승,1.21,420.40,426.75,418.65
2025-08-05,431.75,6.25,상승,1.47,428.55,433.95,428.10
2025-08-06,431.30,-0.45,하락,-0.10,428.55,431.30,427.40
2025-08-07,434.80,3.50,상승,0.81,433.20,434.95,430.55
2025-08-08,433.85,-0.95,하락,-0.22,435.80,436.40,432.20
2025-08-11,433.55,-0.30,하락,-0.07,435.50,435.90,432.20
2025-08-12,432.20,-1.35,하락,-0.31,433.80,439.25,431.70
2025-08-13,437.05,4.85,상승,1.12,435.80,437.15,432.20
2025-08-14,436.00,-1.05,하락,-0.24,437.45,439.00,434.65
2025-08-18,429.70,-6.30,하락,-1.44,435.15,435.50,429.30
2025-08-19,426.45,-3.25,하락,-0.76,430.60,431.80,425.30
2025-08-20,424.00,-2.45,하락,-0.57,421.95,424.30,417.30
2025-08-21,425.40,1.40,상승,0.33,425.60,428.40,424.15
2025-08-22,428.20,2.80,상승,0.66,426.45,430.70,426.25
2025-08-25,433.75,5.55,상승,1.30,433.85,433.95,430.15
2025-08-26,429.40,-4.35,하락,-1.00,432.85,433.05,428.65
2025-08-27,430.60,1.20,상승,0.28,431.65,431.80,426.85
2025-08-28,432.65,2.05,상승,0.48,428.50,434.40,426.50
2025-08-29,430.60,-2.05,하락,-0.47,434.30,434.70,430.25
2025-09-01,423.50,-7.10,하락,-1.65,427.70,428.50,422.30
2025-09-02,428.10,4.60,상승,1.09,424.65,428.50,423.65
2025-09-03,429.95,1.85,상승,0.43,427.60,430.65,427.15
2025-09-04,431.15,1.20,상승,0.28,430.75,433.35,429.30
2025-09-05,433.60,2.45,상승,0.57,433.65,434.75,431.70
2025-09-08,435.15,1.55,상승,0.36,433.95,435.65,432.90
2025-09-09,441.10,5.95,상승,1.37,436.35,441.50,434.95
2025-09-10,449.95,8.85,상승,2.01,442.85,451.15,441.90
2025-09-11,454.85,4.55,상승,1.01,452.15,456.20,450.80
2025-09-12,464.40,9.55,상승,2.10,460.75,464.50,458.50
2025-09-15,466.45,2.05,상승,0.44,466.80,469.10,464.05
2025-09-16,473.90,7.45,상승,1.60,467.20,474.85,466.30
2025-09-17,468.30,-5.60,하락,-1.18,472.10,472.55,466.95
2025-09-18,475.95,7.65,상승,1.63,471.60,476.75,469.40
2025-09-19,474.70,-1.25,하락,-0.26,478.00,478.45,473.25
2025-09-22,478.85,4.15,상승,0.87,475.40,481.85,475.35
2025-09-23,482.85,4.00,상승,0.84,483.00,484.30,479.55
2025-09-24,481.05,-1.80,하락,-0.37,481.65,484.80,477.00
2025-09-25,481.10,0.05,상승,0.01,478.00,482.65,477.65
2025-09-26,469.40,-11.70,하락,-2.43,479.00,479.05,466.20
2025-09-29,477.05,7.65,상승,1.63,471.10,478.10,471.05
2025-09-30,475.85,-1.20,하락,-0.25,478.00,478.95,474.80
2025-10-01,480.45,4.60,상승,0.97,477.80,481.45,476.95
2025-10-02,495.15,14.70,상승,3.06,488.60,500.10,488.35
2025-10-10,507.85,12.70,상승,2.56,505.00,509.95,501.20
2025-10-13,501.70,-6.15,하락,-1.21,493.60,502.80,492.85
2025-10-14,497.25,-4.45,하락,-0.89,509.45,512.40,493.60
2025-10-15,511.50,14.25,상승,2.87,502.25,511.95,499.35
2025-10-16,524.60,13.10,상승,2.56,512.90,525.15,510.70
2025-10-17,525.80,1.20,상승,0.23,522.70,533.50,521.30
2025-10-20,536.15,10.35,상승,1.97,532.00,536.15,522.45
2025-10-21,537.20,1.05,상승,0.20,541.65,548.25,535.50
2025-10-22,543.35,6.15,상승,1.14,536.00,543.50,530.05
2025-10-23,537.05,-6.30,하락,-1.16,536.55,546.25,533.15
2025-10-24,551.45,14.40,상승,2.68,545.05,552.55,542.60
2025-10-27,566.50,15.05,상승,2.73,560.55,566.70,557.35
2025-10-28,561.15,-5.35,하락,-0.94,566.85,566.85,555.00
2025-10-29,573.05,11.90,상승,2.12,567.30,573.05,560.10
2025-10-30,574.20,1.15,상승,0.20,577.00,583.60,572.30
2025-10-31,581.15,6.95,상승,1.21,576.30,581.85,571.25
2025-11-03,598.95,17.80,상승,3.06,581.45,599.25,580.70
2025-11-04,583.15,-15.80,하락,-2.64,603.65,603.90,581.70
2025-11-05,565.50,-17.65,하락,-3.03,576.00,577.35,544.40
2025-11-06,569.15,3.65,상승,0.65,580.45,582.00,562.25
2025-11-07,558.70,-10.45,하락,-1.84,560.95,571.00,549.25
2025-11-10,576.90,18.20,상승,3.26,561.90,579.70,561.70
2025-11-11,581.70,4.80,상승,0.83,583.15,594.90,576.20
2025-11-12,587.70,6.00,상승,1.03,582.30,589.05,577.90
2025-11-13,590.75,3.05,상승,0.52,586.40,593.10,582.70
2025-11-14,563.05,-27.70,하락,-4.69,576.50,576.50,563.05
2025-11-17,575.55,12.50,상승,2.22,572.75,577.25,569.95
2025-11-18,556.55,-19.00,하락,-3.30,568.50,574.15,556.40
2025-11-19,553.45,-3.10,하락,-0.56,556.75,560.00,542.35
2025-11-20,566.00,12.55,상승,2.27,568.60,574.15,564.05
2025-11-21,541.30,-24.70,하락,-4.36,542.00,545.55,538.20
2025-11-24,542.50,1.20,상승,0.22,549.50,552.75,540.25
2025-11-25,545.80,3.30,상승,0.61,555.60,558.40,541.05
2025-11-26,559.75,13.95,상승,2.56,550.60,559.85,545.75
2025-11-27,563.15,3.40,상승,0.61,564.00,570.20,560.70
2025-11-28,555.90,-7.25,하락,-1.29,564.55,567.55,554.10
2025-12-01,553.40,-2.50,하락,-0.45,559.10,562.90,549.10
2025-12-02,565.45,12.05,상승,2.18,558.00,566.65,556.55
2025-12-03,571.25,5.80,상승,1.03,569.90,574.65,564.35
2025-12-04,570.30,-0.95,하락,-0.17,570.55,570.75,562.65
2025-12-05,580.40,10.10,상승,1.77,567.40,581.20,565.45
2025-12-08,588.70,8.30,상승,1.43,583.30,588.85,577.35
2025-12-09,585.10,-3.60,하락,-0.61,586.25,588.90,582.90
2025-12-10,585.20,0.10,상승,0.02,587.00,591.55,583.90
2025-12-11,579.90,-5.45,하락,-0.93,591.55,592.35,578.75
2025-12-12,589.05,9.15,상승,1.58,584.80,589.75,581.00
2025-12-15,575.05,-14.00,하락,-2.38,576.00,580.00,572.20
2025-12-16,563.60,-11.45,하락,-1.99,574.85,576.45,562.00
2025-12-17,573.70,10.10,상승,1.79,566.70,573.70,561.70
2025-12-18,566.15,-7.55,하락,-1.32,566.95,570.90,562.05
2025-12-19,571.00,4.85,상승,0.86,573.90,576.85,566.85
2025-12-22,583.45,12.45,상승,2.18,580.35,583.70,579.60
2025-12-23,584.85,1.40,상승,0.24,584.00,589.60,583.95
2025-12-24,584.80,-0.05,하락,-0.01,589.00,589.40,584.20
2025-12-26,589.95,5.15,상승,0.88,587.45,593.15,586.20
2025-12-29,605.35,15.40,상승,2.61,595.60,606.75,594.55
2025-12-30,608.00,2.65,상승,0.44,605.95,610.20,601.90
2026-01-02,625.65,17.65,상승,2.90,608.40,626.25,605.10
2026-01-05,649.20,23.55,상승,3.76,634.35,649.55,633.40
2026-01-06,660.90,11.70,상승,1.80,645.90,660.90,639.05
2026-01-07,664.70,3.80,상승,0.57,667.60,676.30,655.45
2026-01-08,664.40,-0.30,하락,-0.05,664.30,677.90,656.55
2026-01-09,670.00,5.60,상승,0.84,663.90,671.70,655.85
2026-01-12,674.05,4.05,상승,0.60,679.05,682.10,665.70
2026-01-13,682.00,7.95,상승,1.18,680.50,682.85,674.25
2026-01-14,686.10,4.10,상승,0.60,680.50,686.50,679.05
2026-01-15,698.00,11.90,상승,1.73,683.90,698.85,682.25
2026-01-16,706.10,8.10,상승,1.16,702.00,708.55,697.55
2026-01-19,715.55,9.45,상승,1.34,701.30,718.15,699.40
2026-01-20,707.60,-7.95,하락,-1.11,713.55,718.20,701.30
2026-01-21,715.45,7.85,상승,1.11,698.30,716.70,694.35
2026-01-22,723.80,8.35,상승,1.17,731.50,734.75,720.20
2026-01-23,728.90,5.10,상승,0.70,728.25,733.50,718.60
2026-01-26,719.40,-9.50,하락,-1.30,729.50,733.40,719.00
2026-01-27,744.20,24.80,상승,3.45,721.70,746.55,711.55
2026-01-28,760.50,16.30,상승,2.19,755.55,762.45,750.65
2026-01-29,766.25,5.75,상승,0.76,770.60,773.70,742.85
2026-01-30,771.50,5.25,상승,0.69,765.15,784.60,760.60
2026-02-02,722.60,-48.90,하락,-6.34,753.80,764.00,722.20
2026-02-03,777.00,54.40,상승,7.53,749.50,817.25,749.15
2026-02-04,790.35,13.35,상승,1.72,770.95,792.30,768.50
2026-02-05,759.45,-30.90,하락,-3.91,769.10,778.30,752.45
2026-02-06,748.60,-10.85,하락,-1.43,737.85,752.75,717.25
2026-02-09,783.80,35.20,상승,4.70,780.00,787.40,776.50
2026-02-10,781.00,-2.80,하락,-0.36,783.80,791.95,780.20
2026-02-11,786.10,5.10,상승,0.65,780.80,792.60,772.75
2026-02-12,816.70,30.60,상승,3.89,802.50,817.60,795.80
2026-02-13,814.00,-2.70,하락,-0.33,811.90,827.95,810.20
2026-02-19,840.25,26.25,상승,3.22,834.90,841.75,830.20
2026-02-20,859.60,19.35,상승,2.30,842.50,860.85,840.45
2026-02-23,867.45,7.85,상승,0.91,877.70,880.95,857.35
2026-02-24,887.20,19.75,상승,2.28,865.45,887.65,854.95
2026-02-25,907.30,20.10,상승,2.27,900.00,914.50,888.65
2026-02-26,946.85,39.55,상승,4.36,915.75,946.85,908.55
2026-02-27,937.80,-9.05,하락,-0.96,924.30,952.00,919.60
2026-03-03,859.60,-78.20,하락,-8.34,920.70,923.10,801.00
2026-03-04,761.40,-98.20,하락,-11.42,821.15,846.70,749.50
2026-03-05,820.00,58.60,상승,7.70,822.30,875.60,816.35
2026-03-06,827.65,7.65,상승,0.93,817.65,832.35,796.85
2026-03-09,771.25,-56.40,하락,-6.81,761.45,784.00,749.60
2026-03-10,822.15,50.90,상승,6.60,825.45,886.40,804.55
2026-03-11,837.50,15.35,상승,1.87,845.50,855.60,825.35
2026-03-12,825.80,-14.20,하락,-1.69,825.80,837.65,820.25
2026-03-13,809.25,-16.55,하락,-2.00,798.00,821.55,794.05
2026-03-16,825.10,15.85,상승,1.96,809.20,827.55,808.25
2026-03-17,844.30,19.20,상승,2.33,852.00,855.20,840.20
2026-03-18,890.70,46.40,상승,5.50,861.55,892.60,861.00
2026-03-19,863.15,-27.55,하락,-3.09,859.80,880.35,856.75
2026-03-20,862.55,-0.60,하락,-0.07,874.40,874.40,861.05
2026-03-23,805.00,-57.55,하락,-6.67,827.95,829.75,800.90
2026-03-24,830.75,25.75,상승,3.20,844.65,848.75,803.90
2026-03-25,841.40,10.65,상승,1.28,841.05,860.35,838.65
2026-03-26,810.20,-31.20,하락,-3.71,827.90,833.20,808.10
2026-03-27,805.45,-4.75,하락,-0.59,783.05,811.10,772.60
2026-03-30,781.70,-23.75,하락,-2.95,770.00,786.65,761.15
2026-03-31,749.25,-32.45,하락,-4.15,757.00,775.85,746.20
2026-04-01,812.05,62.80,상승,8.38,791.55,823.70,783.90
2026-04-02,779.45,-32.60,하락,-4.01,826.15,833.35,765.55
2026-04-03,803.45,24.00,상승,3.08,800.20,807.60,791.50
2026-04-06,812.20,8.75,상승,1.09,805.00,824.45,804.45
2026-04-07,824.10,11.90,상승,1.47,834.05,839.40,812.20
2026-04-08,884.55,60.45,상승,7.34,879.00,896.90,871.10
2026-04-09,867.05,-17.50,하락,-1.98,878.30,883.25,866.20
2026-04-10,883.50,16.45,상승,1.90,885.00,893.80,880.90
2026-04-13,872.00,-11.50,하락,-1.30,856.25,876.40,856.15
2026-04-14,901.90,29.90,상승,3.43,900.15,911.70,894.85
2026-04-15,924.75,22.85,상승,2.53,933.10,937.60,917.55
2026-04-16,943.80,19.05,상승,2.06,925.95,943.80,925.15
2026-04-17,935.75,-8.05,하락,-0.85,945.80,946.35,931.40
2026-04-20,939.35,3.60,상승,0.38,936.60,949.50,932.70
2026-04-21,965.10,25.75,상승,2.74,952.20,965.25,950.60
2026-04-22,967.65,2.55,상승,0.26,964.95,969.05,953.25
2026-04-23,979.95,12.30,상승,1.27,978.55,993.75,951.15
2026-04-24,973.95,-6.00,하락,-0.61,978.70,985.25,963.65
2026-04-27,996.95,23.00,상승,2.36,983.20,"1,006.05",982.15
2026-04-28,"1,001.90",4.95,상승,0.50,"1,005.25","1,014.90",998.50
2026-04-29,"1,005.25",3.35,상승,0.33,990.40,"1,011.10",989.65
2026-04-30,998.50,-6.75,하락,-0.67,"1,011.80","1,020.55",995.90
2026-05-04,"1,050.50",52.00,상승,5.21,"1,020.60","1,051.65","1,016.45"
2026-05-06,"1,131.70",81.20,상승,7.73,"1,119.45","1,140.20","1,102.55"
2026-05-07,"1,158.70",27.00,상승,2.39,"1,170.95","1,174.60","1,113.20"
2026-05-08,"1,153.25",-5.45,하락,-0.47,"1,126.80","1,155.75","1,122.75"
2026-05-11,"1,214.25",61.00,상승,5.29,"1,206.05","1,228.80","1,194.80"
2026-05-12,"1,186.00",-28.25,하락,-2.33,"1,243.00","1,243.55","1,152.05"
2026-05-13,"1,222.25",36.25,상승,3.06,"1,160.00","1,223.40","1,144.50"
2026-05-14,"1,245.50",23.25,상승,1.90,"1,229.25","1,249.20","1,221.45"
2026-05-15,"1,172.70",-72.80,하락,-5.85,"1,244.50","1,256.40","1,145.90"
2026-05-18,"1,171.95",-0.75,하락,-0.06,"1,150.00","1,194.20","1,110.60"
2026-05-19,"1,137.00",-34.95,하락,-2.98,"1,160.00","1,161.75","1,112.40"
2026-05-20,"1,125.95",-11.05,하락,-0.97,"1,144.70","1,148.45","1,100.00"
2026-05-21,"1,228.00",102.05,상승,9.06,"1,172.70","1,228.55","1,170.10"
2026-05-22,"1,228.15",0.15,상승,0.01,"1,236.30","1,243.30","1,216.30"
2026-05-26,"1,267.40",39.25,상승,3.20,"1,254.05","1,278.75","1,254.00"
2026-05-27,"1,302.70",35.30,상승,2.79,"1,332.30","1,344.55","1,299.50"
2026-05-28,"1,294.25",-8.45,하락,-0.65,"1,301.10","1,308.45","1,237.50"
2026-05-29,"1,350.00",55.75,상승,4.31,"1,338.50","1,351.20","1,315.60"
2026-06-01,"1,417.70",67.70,상승,5.01,"1,355.95","1,420.50","1,343.95"
2026-06-02,"1,409.95",-7.75,하락,-0.55,"1,432.90","1,438.40","1,360.00"
2026-06-04,"1,381.40",-28.55,하락,-2.02,"1,381.05","1,405.45","1,369.30"
2026-06-05,"1,298.15",-83.25,하락,-6.03,"1,337.70","1,341.10","1,278.35"
2026-06-08,"1,178.25",-119.90,하락,-9.24,"1,194.30","1,249.30","1,178.25"
2026-06-09,"1,287.80",109.55,상승,9.30,"1,242.80","1,345.00","1,206.80"
2026-06-10,"1,229.40",-58.40,하락,-4.53,"1,238.00","1,272.95","1,196.00"
2026-06-11,"1,236.05",-1.10,하락,-0.09,"1,192.40","1,249.30","1,178.10"
2026-06-12,"1,299.85",63.80,상승,5.16,"1,329.05","1,359.70","1,293.45"
2026-06-15,"1,376.00",76.15,상승,5.86,"1,371.00","1,386.75","1,361.00"
2026-06-16,"1,403.10",27.10,상승,1.97,"1,405.00","1,413.00","1,374.35"
2026-06-17,"1,428.85",25.75,상승,1.84,"1,378.50","1,431.55","1,374.75"
2026-06-18,"1,470.10",41.25,상승,2.89,"1,438.00","1,479.90","1,422.90"
2026-06-19,"1,475.50",5.40,상승,0.37,"1,524.00","1,535.00","1,440.20"
2026-06-22,"1,490.50",15.00,상승,1.02,"1,450.00","1,514.90","1,441.05"
2026-06-23,"1,340.40",-150.10,하락,-10.07,"1,504.70","1,505.80","1,324.20"
2026-06-24,"1,381.85",41.45,상승,3.09,"1,343.50","1,397.00","1,311.25"
2026-06-25,"1,461.60",79.75,상승,5.77,"1,475.40","1,489.05","1,437.05"
2026-06-26,"1,385.90",-75.70,하락,-5.18,"1,455.95","1,458.00","1,326.80"
2026-06-29,"1,366.50",-19.40,하락,-1.40,"1,385.30","1,393.90","1,320.85"
2026-06-30,"1,385.00",18.50,상승,1.35,"1,373.75","1,415.50","1,334.45"
2026-07-01,"1,343.25",-41.75,하락,-3.01,"1,398.55","1,408.25","1,317.45"
2026-07-02,"1,240.90",-102.35,하락,-7.62,"1,282.35","1,315.10","1,141.80"
2026-07-03,"1,312.35",71.45,상승,5.76,"1,236.00","1,322.10","1,190.40"
2026-07-06,"1,303.95",-8.40,하락,-0.64,"1,329.10","1,351.00","1,262.10"
2026-07-07,"1,247.50",-56.45,하락,-4.33,"1,273.55","1,289.15","1,188.05"
2026-07-08,"1,169.55",-77.95,하락,-6.25,"1,199.85","1,262.00","1,158.50"
2026-07-09,"1,179.55",10.00,상승,0.86,"1,204.20","1,225.00","1,142.00"
2026-07-10,"1,210.50",30.95,상승,2.62,"1,230.00","1,248.90","1,202.35"
2026-07-13,"1,090.00",-120.50,하락,-9.95,"1,205.75","1,216.65","1,083.50"
2026-07-14,"1,105.00",15.00,상승,1.38,"1,059.60","1,123.50","1,033.60"
2026-07-15,"1,171.00",66.00,상승,5.97,"1,170.00","1,200.05","1,159.10"
2026-07-16,"1,096.35",-74.65,하락,-6.37,"1,105.00","1,120.35","1,072.90"
2026-07-20,"1,038.65",-57.70,하락,-5.26,"1,047.95","1,091.15","1,031.65"
2026-07-21,"1,086.15",47.50,상승,4.57,"1,047.00","1,098.95","1,025.10"
2026-07-22,"1,085.55",-0.60,하락,-0.06,"1,137.70","1,152.25","1,081.25"
2026-07-23,"1,132.50",46.95,상승,4.32,"1,105.50","1,137.45","1,102.05"
2026-07-24,"1,063.50",-69.00,하락,-6.09,"1,119.00","1,119.85","1,053.10"
2026-07-27,"1,074.50",11.00,상승,1.03,"1,085.75","1,096.90","1,038.95"
2026-07-28,956.75,-117.75,하락,-10.96,"1,014.05","1,017.30",947.35
2026-07-29,898.65,-58.10,하락,-6.07,956.75,987.00,823.00
2026-07-30,867.60,-31.05,하락,-3.46,883.65,944.45,867.60
2026-07-31,"1,030.65",163.05,상승,18.79,937.00,"1,041.10",937.00
2026-08-03,992.35,-38.30,하락,-3.72,"1,010.40","1,018.30",983.05
2026-08-04,"1,000.00",7.65,상승,0.77,"1,010.00","1,011.70",955.65
2026-08-05,"1,042.05",42.05,상승,4.21,"1,054.70","1,055.40","1,031.75"
2026-08-06,981.15,-60.90,하락,-5.84,"1,017.15","1,030.80",978.25
2026-08-07,978.75,-2.40,하락,-0.24,987.70,"1,007.20",963.15
2026-08-10,979.00,0.25,상승,0.03,992.70,"1,001.95",970.55
2026-08-11,989.80,10.80,상승,1.10,963.75,"1,001.85",963.75
2026-08-12,"1,035.30",45.50,상승,4.60,"1,005.50","1,048.55","1,000.05"
2026-08-13,"1,073.70",38.40,상승,3.71,"1,067.75","1,087.45","1,062.00"
2026-08-14,"1,098.90",25.20,상승,2.35,"1,103.00","1,106.50","1,079.25"
2026-08-18,"1,078.25",-20.65,하락,-1.88,"1,119.80","1,144.90","1,070.25"
2026-08-19,"1,016.25",-62.00,하락,-5.75,"1,028.70","1,037.60","1,003.65"
2026-08-20,"1,082.25",66.00,상승,6.49,"1,050.90","1,090.75","1,033.65"
2026-08-21,"1,099.70",17.45,상승,1.61,"1,073.05","1,105.25","1,061.55"
2026-08-24,"1,051.65",-48.05,하락,-4.37,"1,087.35","1,094.00","1,049.10"
2026-08-25,"1,063.60",11.95,상승,1.14,"1,034.00","1,065.90","1,007.10"
2026-08-26,"1,073.50",9.90,상승,0.93,"1,070.50","1,087.85","1,055.10"
2026-08-27,"1,089.85",16.35,상승,1.52,"1,102.35","1,109.40","1,078.20"
2026-08-28,"1,068.00",-21.85,하락,-2.00,"1,077.65","1,089.10","1,066.90"
2026-08-31,"1,067.85",-0.15,하락,-0.01,"1,040.45","1,076.00","1,026.25"
2026-09-01,"1,078.15",10.30,상승,0.96,"1,068.65","1,080.25","1,056.95"
2026-09-02,"1,029.15",-49.00,하락,-4.54,"1,041.00","1,052.60","1,029.15"
2026-09-03,"1,030.00",0.85,상승,0.08,"1,044.30","1,051.65","1,008.70"
2026-09-04,"1,052.50",22.50,상승,2.18,"1,043.90","1,063.85","1,042.30"
2026-09-07,"1,109.75",57.25,상승,5.44,"1,089.00","1,109.75","1,084.25"
2026-09-08,"1,098.40",-11.35,하락,-1.02,"1,111.10","1,138.70","1,097.85"
2026-09-09,"1,117.20",18.80,상승,1.71,"1,104.25","1,128.70","1,100.55"
2026-09-10,"1,112.00",-7.00,하락,-0.63,"1,113.10","1,120.85","1,090.20"
2026-09-11,"1,088.30",-23.70,하락,-2.13,"1,080.75","1,098.65","1,071.35"
2026-09-14,"1,048.40",-39.90,하락,-3.67,"1,061.75","1,067.35","1,045.35"
2026-09-15,"1,039.80",-8.60,하락,-0.82,"1,047.75","1,057.75","1,033.95"
2026-09-16,"1,061.15",21.35,상승,2.05,"1,038.90","1,061.85","1,036.30"
2026-09-17,"1,062.75",1.60,상승,0.15,"1,062.00","1,075.40","1,055.85"
2026-09-18,"1,092.45",29.70,상승,2.79,"1,092.80","1,095.20","1,079.00"
2026-09-21,"1,115.10",22.65,상승,2.07,"1,101.80","1,117.75","1,096.50"
2026-09-22,"1,112.00",-3.10,하락,-0.28,"1,139.45","1,142.90","1,110.10"
2026-09-23,"1,127.75",15.75,상승,1.42,"1,139.40","1,141.20","1,115.65"
2026-09-28,"1,103.95",-23.80,하락,-2.11,"1,122.10","1,124.70","1,102.90"
