일자,상승종목수,하락종목수,등락차(상승-하락),누적등락선(AD Line),ADR_20일(%),보합종목수
2013-08-13,309,267,42,-1623,97.70720108695652,70
2013-08-14,322,247,75,-1548,96.12010796221323,77
2013-08-16,249,333,-84,-1632,96.60128508623606,64
2013-08-19,284,296,-12,-1644,95.59071019858634,66
2013-08-20,78,534,-456,-2100,87.46379143868683,34
2013-08-21,114,490,-376,-2476,79.97533528595653,42
2013-08-22,86,523,-437,-2913,73.09171597633136,37
2013-08-23,462,130,332,-2581,79.74819591586059,54
2013-08-26,412,179,233,-2348,82.53819769254756,55
2013-08-27,174,410,-236,-2584,83.2862966447162,62
2013-08-28,177,399,-222,-2806,78.04692260816574,70
2013-08-29,427,174,253,-2553,80.52168544528476,46
2013-08-30,314,276,38,-2515,80.7757688147118,57
2013-09-02,343,246,97,-2418,80.53629218677763,58
2013-09-03,409,191,218,-2200,82.68243348374047,47
2013-09-04,301,282,19,-2181,85.11275824002523,64
2013-09-05,352,248,104,-2077,90.35812672176309,47
2013-09-06,256,330,-74,-2151,88.50832266325224,61
2013-09-09,327,255,72,-2079,91.38126927446844,65
2013-09-10,349,239,110,-1969,94.97437592990578,59
2013-09-11,377,204,173,-1796,97.10992315402606,66
2013-09-12,317,262,55,-1741,96.78386935510747,68
2013-09-13,231,337,-106,-1847,96.4196502914238,79
2013-09-16,259,334,-75,-1922,95.39963594241271,54
2013-09-17,302,281,21,-1901,103.43696027633851,65
2013-09-23,300,293,7,-1894,110.40586447344896,55
2013-09-24,249,339,-90,-1984,117.17507857274911,60
2013-09-25,261,330,-69,-2053,109.41344268140489,57
2013-09-26,367,216,151,-1902,107.89939780375488,65
2013-09-27,362,230,132,-1770,114.89206000731798,56
2013-09-30,202,382,-180,-1950,115.70930445953387,64
2013-10-01,201,387,-186,-2136,107.36488873189684,60
2013-10-02,256,322,-66,-2202,105.48353188507357,70
2013-10-04,213,377,-164,-2366,100.89056345264599,58
2013-10-07,175,423,-248,-2614,93.18069510788996,50
2013-10-08,258,332,-74,-2688,91.71703969939551,58
2013-10-10,224,355,-131,-2819,88.08606294155426,69
2013-10-11,420,166,254,-2565,93.17282321899737,62
2013-10-14,234,360,-126,-2691,90.07942940508997,54
2013-10-15,315,278,37,-2654,88.96585051546391,55
2013-10-16,215,376,-161,-2815,84.02821316614421,57
2013-10-17,236,357,-121,-2936,81.54440154440155,55
2013-10-18,359,220,139,-2797,85.05819440075496,69
2013-10-21,301,274,27,-2770,86.53540806605271,73
2013-10-22,366,228,138,-2632,88.29463570856684,54
2013-10-23,204,385,-181,-2813,85.49786965441061,59
2013-10-24,390,188,202,-2611,89.86420950533463,70
2013-10-25,224,352,-128,-2739,88.94974226804123,72
2013-10-28,301,295,6,-2733,86.78224908541435,52
2013-10-29,271,305,-34,-2767,84.32882741276329,72
2013-10-30,349,240,109,-2658,88.61736334405144,59
2013-10-31,204,391,-187,-2845,88.60861182519281,54
2013-11-01,296,282,14,-2831,89.82858990944372,71
2013-11-04,218,363,-145,-2976,90.11345218800648,68
2013-11-05,181,401,-220,-3196,90.53350683148992,67
2013-11-06,259,316,-57,-3253,90.78604044357469,74
2013-11-07,177,406,-229,-3482,89.27704997573993,67
2013-11-08,178,425,-247,-3729,81.93107730518473,47
2013-11-11,123,477,-354,-4083,78.77725262997409,50
2013-11-12,413,172,241,-3842,81.58995815899581,65
2013-11-13,169,427,-258,-4100,80.24292742927429,54
2013-11-14,334,252,82,-4018,83.09110798562276,64
2013-11-15,401,196,205,-3813,84.06274509803922,53
2013-11-18,268,320,-52,-3865,82.9465815293568,62
2013-11-19,303,288,15,-3850,81.20660391914828,59
2013-11-20,261,328,-67,-3917,82.81444582814446,61
2013-11-21,180,417,-237,-4154,76.80745528333082,53
2013-11-22,335,230,105,-4049,79.94181595467768,86
2013-11-25,382,204,178,-3871,82.32919254658385,65
2013-11-26,307,276,31,-3840,83.26314147558882,68
2013-11-27,330,268,62,-3778,82.60599471967697,53
2013-11-28,391,205,186,-3592,88.05373420758036,55
2013-11-29,307,268,39,-3553,88.42763263343485,76
2013-12-02,212,396,-184,-3737,87.86670918367348,43
2013-12-03,153,442,-289,-4026,86.85252653255188,56
2013-12-04,209,380,-171,-4197,85.19680100360671,62
2013-12-05,264,301,-37,-4234,88.01020408163265,86
2013-12-06,264,322,-58,-4292,90.87372345598963,65
2013-12-09,293,302,-9,-4301,96.36302969636303,57
2013-12-10,215,371,-156,-4457,90.06943323106734,66
2013-12-11,189,402,-213,-4670,90.75875486381322,61
2013-12-12,260,316,-56,-4726,88.6392811296534,76
2013-12-13,279,302,-23,-4749,85.23193436415272,71
2013-12-16,199,402,-203,-4952,83.06853582554517,51
2013-12-17,272,318,-46,-4998,82.2015503875969,62
2013-12-18,303,284,19,-4979,83.42179206993444,65
2013-12-19,255,333,-78,-5057,85.71654539702625,64
2013-12-20,326,257,69,-4988,85.21026933375336,69
2013-12-23,354,230,124,-4864,84.4235294117647,68
2013-12-24,328,245,83,-4781,85.16708701134931,79
2013-12-26,303,288,15,-4766,84.47517284726587,61
2013-12-27,505,115,390,-4376,87.50398469875678,32
2013-12-30,361,236,125,-4251,88.81768663889778,55
2014-01-02,175,415,-240,-4491,87.95719533620827,62
2014-01-03,247,346,-99,-4590,90.8515815085158,59
2014-01-06,308,281,27,-4563,93.96636993076162,63
2014-01-07,378,212,166,-4397,97.27287937092187,62
2014-01-08,324,268,56,-4341,99.17271652878608,60
2014-01-09,324,279,45,-4296,100.08474576271186,49
2014-01-10,280,297,-17,-4313,102.47167868177137,75
2014-01-13,328,261,67,-4246,107.45822339489885,63
2014-01-14,236,352,-116,-4362,106.36252403425974,64
2014-01-15,388,206,182,-4180,110.11555555555557,58
2014-01-16,324,262,62,-4118,115.20510483135824,66
2014-01-17,252,321,-69,-4187,114.77769679300292,79
2014-01-20,273,324,-51,-4238,113.40448625180896,55
2014-01-21,311,276,35,-4203,115.60957777371597,65
2014-01-22,310,273,37,-4166,114.98086386003281,69
2014-01-23,196,399,-203,-4369,108.75176803394626,57
2014-01-24,218,364,-146,-4515,104.60606060606061,70
2014-01-27,109,506,-397,-4912,97.56382446187219,37
2014-01-28,324,267,57,-4855,92.20504475183075,61
2014-01-29,484,111,373,-4482,96.16279069767441,57
2014-02-03,211,390,-179,-4661,97.16430358632194,51
2014-02-04,124,480,-356,-5017,93.03312122695382,48
2014-02-05,325,263,62,-4955,93.58533791523482,64
2014-02-06,368,225,143,-4812,93.22338340953625,59
2014-02-07,424,174,250,-4562,96.33499170812604,54
2014-02-10,335,269,66,-4496,96.67774086378738,48
2014-02-11,323,252,71,-4425,98.12552301255229,77
2014-02-12,357,233,124,-4301,99.07516394820918,62
2014-02-13,259,337,-78,-4379,99.71341874578556,56
2014-02-14,379,195,184,-4195,99.7466644147948,78
2014-02-17,329,264,65,-4130,99.79739996623333,59
2014-02-18,309,281,28,-4102,101.44484106748257,62
2014-02-19,275,311,-36,-4138,101.70357751277683,66
2014-02-20,255,350,-95,-4233,99.49528936742934,47
2014-02-21,372,218,154,-4079,101.47733061640348,62
2014-02-24,258,341,-83,-4162,103.54999142514147,53
2014-02-25,365,232,133,-4029,108.527811896824,55
2014-02-26,290,303,-13,-4042,115.8296943231441,59
2014-02-27,286,311,-25,-4067,114.22382671480145,55
2014-02-28,302,295,7,-4060,107.37246680642907,55
2014-03-03,212,389,-177,-4237,107.40870172986196,51
2014-03-04,266,336,-70,-4307,112.7262950349525,50
2014-03-05,427,170,257,-4050,116.49653663871673,55
2014-03-06,342,248,94,-3956,115.53821020148847,62
2014-03-07,311,286,25,-3931,111.22576054082904,55
2014-03-10,226,366,-140,-4071,107.43266876530255,60
2014-03-11,420,190,230,-3841,110.32531824611031,42
2014-03-12,124,483,-359,-4200,101.71012529630883,45
2014-03-13,389,204,185,-4015,106.30521392690109,59
2014-03-14,210,380,-170,-4185,100.16784155756966,62
2014-03-17,261,333,-72,-4257,97.89281566285051,58
2014-03-18,388,196,192,-4065,100.62268596432178,68
2014-03-19,315,269,46,-4019,102.01694915254238,68
2014-03-20,202,383,-181,-4200,100.55621102309118,67
2014-03-21,370,213,157,-4043,100.60728744939271,69
2014-03-24,307,287,20,-4023,102.36636023152876,58
2014-03-25,278,318,-40,-4063,99.42953020134229,56
2014-03-26,351,246,105,-3958,101.423005251567,55
2014-03-27,292,297,-5,-3963,101.76600441501105,63
2014-03-28,378,207,171,-3792,104.61989312187553,67
2014-03-31,254,340,-86,-3878,106.2413073713491,58
2014-04-01,342,231,111,-3767,109.56259961041262,79
2014-04-02,340,237,103,-3664,106.75533776688835,75
2014-04-03,221,363,-142,-3806,102.57334019557385,68
2014-04-04,341,249,92,-3714,103.74654696132598,62
2014-04-07,209,378,-169,-3883,103.23914541695383,65
2014-04-08,296,298,-2,-3885,99.25575101488498,59
2014-04-09,352,242,110,-3775,107.49426908834421,59
2014-04-10,366,223,143,-3632,106.73110720562391,64
2014-04-11,254,327,-73,-3705,108.51516764236295,72
2014-04-14,305,285,20,-3685,110.23438897835034,63
2014-04-15,304,281,23,-3662,107.10257314064154,68
2014-04-16,300,286,14,-3648,106.5190651906519,67
2014-04-17,301,276,25,-3623,110.33309455587393,76
2014-04-18,355,220,135,-3488,109.92666785905921,78
2014-04-21,244,351,-107,-3595,107.56852343059239,58
2014-04-22,313,270,43,-3552,109.11360799001248,70
2014-04-23,189,401,-212,-3764,103.36688649774383,63
2014-04-24,199,390,-191,-3955,100.13663535439794,64
2014-04-25,154,439,-285,-4240,92.64005257105306,60
2014-04-28,282,295,-13,-4253,93.79344587884806,76
2014-04-29,297,277,20,-4233,92.34559789750328,79
2014-04-30,327,245,82,-4151,92.01115485564304,81
2014-05-02,285,310,-25,-4176,93.87721330465001,58
2014-05-07,163,448,-285,-4461,88.03268183274592,42
2014-05-08,308,291,17,-4444,90.88545897644191,54
2014-05-09,403,188,215,-4229,94.30934656741108,62
2014-05-12,247,337,-90,-4319,91.1400651465798,69
2014-05-13,406,189,217,-4102,92.30265312807076,58
2014-05-14,374,217,157,-3945,95.99733155436958,62
2014-05-15,301,289,12,-3933,95.86666666666666,63
2014-05-16,238,350,-112,-4045,93.68924040204317,65
2014-05-19,211,388,-177,-4222,90.69842813158321,54
2014-05-20,233,370,-137,-4359,88.25219473264167,51
2014-05-21,355,236,119,-4240,88.0273841744945,63
2014-05-22,335,257,78,-4162,90.83562308065298,62
2014-05-23,348,235,113,-4049,91.92132639791937,71
2014-05-26,275,311,-36,-4085,94.70471791487958,68
2014-05-27,239,361,-122,-4207,95.82297364495275,54
2014-05-28,361,233,128,-4079,102.7629998283851,60
2014-05-29,221,375,-154,-4233,100.33858134416793,58
2014-05-30,214,389,-175,-4408,97.09254028908457,51
2014-06-02,207,390,-183,-4591,92.86177806619078,57
2014-06-03,244,355,-111,-4702,91.52842647769367,55
2014-06-05,218,388,-170,-4872,93.31598633924216,48
2014-06-09,339,268,71,-4801,94.17238001958864,47
2014-06-10,414,180,234,-4567,94.47531873161164,60
2014-06-11,350,249,101,-4466,97.56218905472636,55
2014-06-12,360,240,120,-4346,95.98750205558296,54
2014-06-13,265,331,-66,-4412,92.46166263115416,58
2014-06-16,262,328,-66,-4478,91.2576195059352,64
2014-06-17,333,263,70,-4408,94.09468033186921,58
2014-06-18,239,348,-109,-4517,95.16947764859997,67
2014-06-19,329,260,69,-4448,98.51592462898115,65
2014-06-20,211,383,-172,-4620,93.81510416666666,60
2014-06-23,233,371,-138,-4758,90.47619047619048,50
2014-06-24,273,317,-44,-4802,88.1230283911672,64
2014-06-25,201,399,-198,-5000,85.76540136901058,54
2014-06-26,377,208,169,-4831,90.05577689243029,69
2014-06-27,319,264,55,-4776,88.94703457025057,71
2014-06-30,394,196,198,-4578,94.3691855720581,64
2014-07-01,379,215,164,-4414,99.89921048210985,60
2014-07-02,385,205,180,-4234,106.18932038834951,64
2014-07-03,368,234,134,-4100,110.66052771383035,52
2014-07-04,337,254,83,-4017,115.50879738799202,63
2014-07-07,261,345,-84,-4101,112.52236135957065,48
2014-07-08,299,291,8,-4093,108.31433081915453,64
2014-07-09,293,309,-16,-4109,106.19684082624545,52
2014-07-10,325,278,47,-4062,104.89739610277633,51
2014-07-11,274,316,-42,-4104,105.32503457814661,64
2014-07-14,378,232,146,-3958,109.1420534458509,44
2014-07-15,299,315,-16,-3974,107.5609756097561,40
2014-07-16,227,363,-136,-4110,107.07211120764552,64
2014-07-17,323,258,65,-4045,107.00504084825309,73
2014-07-18,292,304,-12,-4057,109.92245329573494,58
2014-07-21,339,265,74,-3983,113.91882183908046,50
2014-07-22,376,232,144,-3839,117.56337771293089,46
2014-07-23,315,308,7,-3832,121.66172106824926,32
2014-07-24,203,396,-193,-4025,114.44444444444444,56
2014-07-25,347,251,96,-3929,115.21465780492186,57
2014-07-28,235,387,-152,-4081,108.63146926015979,33
2014-07-29,190,416,-226,-4307,101.79560328914248,49
2014-07-30,303,308,-5,-4312,98.71329594193335,44
2014-07-31,281,325,-44,-4356,95.83942792133918,49
2014-08-01,399,205,194,-4162,97.62450851900392,51
2014-08-04,389,209,180,-3982,101.99396782841823,57
2014-08-05,223,388,-165,-4147,99.10964550700741,44
2014-08-06,251,358,-107,-4254,97.62839385017992,46
2014-08-07,256,350,-94,-4348,95.37665696734562,50
2014-08-08,234,386,-152,-4500,93.67007672634271,37
2014-08-11,314,292,22,-4478,91.76694110196327,51
2014-08-12,302,305,-3,-4481,91.96003805899143,50
2014-08-13,358,250,108,-4373,95.75326982076538,49
2014-08-14,375,226,149,-4224,97.09462749553643,56
2014-08-18,277,330,-53,-4277,96.44415710360434,50
2014-08-19,311,294,17,-4260,95.54375804375805,52
2014-08-20,264,340,-76,-4336,92.14104996837445,53
2014-08-21,222,398,-176,-4512,89.3981914561896,37
2014-08-22,351,251,100,-4412,93.82676662944648,55
2014-08-25,327,289,38,-4374,92.9443475503409,41
2014-08-26,380,223,157,-4217,97.78609799772099,55
2014-08-27,338,278,60,-4157,102.49791840133223,44
2014-08-28,318,287,31,-4126,103.10828877005346,55
2014-08-29,228,389,-161,-4287,101.14087301587303,43
2014-09-01,236,373,-137,-4424,95.78507078507079,51
2014-09-02,272,330,-58,-4482,92.10983115038663,58
2014-09-03,320,287,33,-4449,95.15715202052598,53
2014-09-04,245,344,-99,-4548,95.274831243973,71
2014-09-05,360,241,119,-4429,98.67495501390479,59
2014-09-11,297,311,-14,-4443,100.94402119907254,52
2014-09-12,246,362,-116,-4559,98.6738703339882,52
2014-09-15,250,363,-113,-4672,96.9023678235485,47
2014-09-16,392,212,180,-4492,98.05809399477808,56
2014-09-17,374,240,134,-4358,97.81830022793878,46
2014-09-18,269,345,-76,-4434,97.4500568458665,46
2014-09-19,418,186,232,-4202,100.95883617126798,56
2014-09-22,219,383,-164,-4366,99.5075508864084,58
2014-09-23,228,382,-154,-4520,99.86833443054641,50
2014-09-24,392,213,179,-4341,101.17588605498509,55
2014-09-25,271,328,-57,-4398,99.60506829027482,61
2014-09-26,236,374,-138,-4536,94.87797045600513,50
2014-09-29,184,438,-254,-4790,90.09079524107702,38
2014-09-30,305,320,-15,-4805,89.42532315838655,35
2014-10-01,151,481,-330,-5135,86.97988638108399,28
2014-10-02,339,281,58,-5077,89.83024451020091,40
2014-10-06,263,365,-102,-5179,89.20384138785626,32
2014-10-07,289,331,-42,-5221,88.12307692307692,41
2014-10-08,316,284,32,-5189,90.04658385093167,61
2014-10-10,157,461,-304,-5493,84.02402402402403,43
2014-10-13,94,538,-444,-5937,78.30695513285902,29
2014-10-14,400,207,193,-5744,82.39750445632798,54
2014-10-15,353,264,89,-5655,85.18015980702548,44
2014-10-16,261,354,-93,-5748,81.46125461254613,46
2014-10-17,287,331,-44,-5792,79.1144771337023,43
2014-10-20,422,190,232,-5560,83.22157651616749,49
2014-10-21,271,343,-72,-5632,79.17880023296448,47
2014-10-22,429,186,243,-5389,84.66496777094889,46
2014-10-23,294,322,-28,-5417,86.43170473453335,45
2014-10-24,190,431,-241,-5658,80.71459950212329,40
2014-10-27,320,296,24,-5634,81.8155068412535,45
2014-10-28,220,396,-176,-5810,81.31690863763015,45
2014-10-29,394,230,164,-5646,87.05188322492815,37
2014-10-30,199,413,-214,-5860,84.26312649164677,49
2014-10-31,245,364,-119,-5979,87.186883254896,52
2014-11-03,236,385,-149,-6128,84.29233298460619,40
2014-11-04,137,488,-351,-6479,80.92163193425301,36
2014-11-05,262,348,-86,-6565,80.3249890206412,51
2014-11-06,248,378,-130,-6695,78.25270758122743,35
2014-11-07,437,186,251,-6444,85.69924812030075,38
2014-11-10,309,313,-4,-6448,92.04669260700389,39
2014-11-11,404,213,191,-6257,92.02301352822268,44
2014-11-12,346,281,65,-6192,91.67183622828784,34
2014-11-13,332,278,54,-6138,93.87947269303201,51
2014-11-14,193,421,-228,-6366,91.11730114515629,47
2014-11-17,218,409,-191,-6557,85.07708426882203,34
2014-11-18,369,229,140,-6417,88.04629206639257,63
2014-11-19,306,306,0,-6417,84.62688799162554,49
2014-11-20,229,390,-161,-6578,82.81273131014063,42
2014-11-21,327,282,45,-6533,86.75446563729943,52
2014-11-24,319,297,22,-6511,86.72619948539429,45
2014-11-25,337,259,78,-6433,90.370942812983,65
2014-11-26,298,312,-14,-6447,87.77472527472527,51
2014-11-27,236,361,-125,-6572,89.04615384615384,64
2014-11-28,252,352,-100,-6672,89.31874229346487,58
2014-12-01,165,463,-298,-6970,87.17636308254644,34
2014-12-02,345,265,80,-6890,93.52041620684219,52
2014-12-03,342,254,88,-6802,96.20739318290926,66
2014-12-04,385,228,157,-6645,100.81980652565994,49
2014-12-05,320,272,48,-6597,97.52627324171382,70
2014-12-08,287,328,-41,-6638,96.93548387096774,47
2014-12-09,174,433,-259,-6897,90.03115264797508,56
2014-12-10,177,436,-259,-7156,85.33840304182509,50
2014-12-11,172,446,-274,-7430,80.83938899599585,45
2014-12-12,267,342,-75,-7505,82.90816326530613,54
2014-12-15,313,292,21,-7484,85.84084313425997,58
2014-12-16,197,410,-213,-7697,80.97502972651606,56
2014-12-17,290,318,-28,-7725,80.59347181008903,55
2014-12-18,188,428,-240,-7965,79.5367365004426,47
2014-12-19,417,209,208,-7757,81.74496644295301,38
2014-12-22,335,265,70,-7687,82.37674209500973,64
2014-12-23,293,309,-16,-7703,81.10962367990481,62
2014-12-24,367,225,142,-7561,83.21277878239903,72
2014-12-26,359,241,118,-7443,86.6329036218539,64
2014-12-29,374,257,117,-7326,89.81467061205419,33
2014-12-30,263,339,-76,-7402,93.13959028108623,62
2015-01-02,307,300,7,-7395,92.02463676563487,57
2015-01-05,261,357,-96,-7491,89.29292929292929,46
2015-01-06,172,439,-267,-7758,83.25308456214265,53
2015-01-07,235,372,-137,-7895,80.75896827749777,57
2015-01-08,352,248,104,-7791,82.70327032703271,64
2015-01-09,415,202,213,-7578,89.41724941724942,47
2015-01-12,328,282,46,-7532,94.01369208724726,54
2015-01-13,251,357,-106,-7638,96.64082687338501,56
2015-01-14,316,281,35,-7603,98.40156581308106,67
2015-01-15,314,295,19,-7584,98.36974241930226,55
2015-01-16,172,436,-264,-7848,97.5487012987013,57
2015-01-19,324,267,57,-7791,98.91962678016041,74
2015-01-20,339,264,75,-7716,104.18839360807401,62
2015-01-21,287,322,-35,-7751,100.09904258831297,56
2015-01-22,293,304,-11,-7762,98.76988682958833,68
2015-01-23,364,239,125,-7637,101.09507217521154,62
2015-01-26,310,309,1,-7636,98.77270495827197,46
2015-01-27,342,285,57,-7579,97.79041429731924,39
2015-01-28,364,240,124,-7455,97.89833822091887,62
2015-01-29,287,316,-29,-7484,98.65903515944399,63
2015-01-30,340,270,70,-7414,99.68775677896467,56
2015-02-02,317,303,14,-7400,101.50887083402421,46
2015-02-03,286,317,-31,-7431,105.53393129125064,63
2015-02-04,411,203,208,-7223,111.70731707317074,52
2015-02-05,332,278,54,-7169,110.77989601386481,56
2015-02-06,307,298,9,-7160,107.12580975110808,61
2015-02-09,222,398,-176,-7336,103.27649615513207,46
2015-02-10,254,362,-108,-7444,103.24035410055119,50
2015-02-11,404,214,190,-7254,105.89527027027029,48
2015-02-12,303,307,-4,-7258,105.49561699258261,56
2015-02-13,361,245,116,-7142,112.2975091447483,60
2015-02-16,313,294,19,-7123,111.58113730929264,59
2015-02-17,359,245,114,-7009,112.29779092016004,62
2015-02-23,381,241,140,-6869,115.56104446012702,44
2015-02-24,395,211,184,-6685,119.31838565022422,60
2015-02-25,343,269,74,-6611,118.30508474576271,54
2015-02-26,342,283,59,-6552,119.43000537730777,41
2015-02-27,318,300,18,-6534,118.68072935287807,48
2015-03-02,310,311,-1,-6535,116.24007060900266,45
2015-03-03,339,268,71,-6464,118.15915969378672,59
2015-03-04,286,338,-52,-6516,115.79595426561127,42
2015-03-05,379,247,132,-6384,118.04938710250488,40
2015-03-06,318,310,8,-6376,118.7655638562789,38
2015-03-09,170,447,-277,-6653,109.71701329696558,49
2015-03-10,215,415,-200,-6853,105.264034649342,36
2015-03-11,235,384,-149,-7002,102.59484315979634,47
2015-03-12,368,255,113,-6889,107.51765893037334,43
2015-03-13,405,213,192,-6697,112.88597550457133,48
2015-03-16,299,322,-23,-6720,109.04318374259103,45
2015-03-17,407,205,202,-6518,112.752024814751,54
2015-03-18,234,367,-133,-6651,108.28691983122363,65
2015-03-19,376,237,139,-6512,110.41240627130198,53
2015-03-20,312,313,-1,-6513,108.35579514824798,42
2015-03-23,331,286,45,-6468,106.70456445410466,50
2015-03-24,374,245,129,-6339,105.7522859517872,48
2015-03-25,357,253,104,-6235,106.26771128521419,57
2015-03-26,256,356,-100,-6335,103.57378129117261,55
2015-03-27,295,331,-36,-6371,102.67081763067345,41
2015-03-30,411,216,195,-6176,105.97536617842876,40
2015-03-31,378,237,141,-6035,107.17751380291116,52
2015-04-01,330,291,39,-5996,108.7689713322091,46
2015-04-02,353,259,94,-5902,108.11174688657017,55
2015-04-03,426,192,234,-5668,112.1565934065934,49
2015-04-06,347,278,69,-5599,118.63837312113175,42
2015-04-07,310,303,7,-5592,122.74941367490528,54
2015-04-08,336,287,49,-5543,126.79030481087037,44
2015-04-09,346,271,75,-5468,126.0161113145368,50
2015-04-10,393,231,162,-5306,125.38321167883211,43
2015-04-13,335,291,44,-5262,126.75720315654249,41
2015-04-14,259,377,-118,-5380,120.2455079167408,31
2015-04-15,391,234,157,-5223,126.0204081632653,42
2015-04-16,345,280,65,-5158,124.48020249502802,42
2015-04-17,363,257,106,-5052,126.68493150684932,47
2015-04-20,262,373,-111,-5163,123.46278317152104,32
2015-04-21,292,343,-51,-5214,119.87632508833923,32
2015-04-22,159,462,-303,-5517,112.23377065939684,46
2015-04-23,257,367,-110,-5627,112.0408163265306,43
2015-04-24,260,359,-99,-5726,110.91740013540961,48
2015-04-27,440,188,252,-5474,111.93877551020408,39
2015-04-28,253,371,-118,-5592,107.36614566012636,43
2015-04-29,260,361,-101,-5693,104.98027613412229,46
2015-04-30,176,441,-265,-5958,99.1062879029684,50
2015-05-04,243,395,-152,-6110,93.16741381975577,29
2015-05-06,143,488,-345,-6455,87.18371013624794,36
2015-05-07,265,346,-81,-6536,85.95656054745612,56
2015-05-08,420,206,214,-6322,88.26983887968679,41
2015-05-11,453,157,296,-6026,91.45089627700321,57
2015-05-12,271,347,-76,-6102,88.01746199006473,49
2015-05-13,375,247,128,-5974,89.21048643733899,45
2015-05-14,373,244,129,-5845,92.80853696257346,50
2015-05-15,251,370,-119,-5964,88.77612844592548,46
2015-05-18,246,397,-151,-6115,85.75680904896562,24
2015-05-19,322,300,22,-6093,84.60514640638864,45
2015-05-20,315,300,15,-6078,86.3208252354612,52
2015-05-21,251,375,-124,-6202,85.29980657640233,41
2015-05-22,378,255,123,-6079,91.37242861529015,34
2015-05-26,236,396,-160,-6239,90.64649243466299,35
2015-05-27,153,483,-330,-6569,87.35563221838908,31
2015-05-28,350,285,65,-6504,84.77232406859846,32
2015-05-29,324,302,22,-6482,86.70649738610904,41
2015-06-01,248,386,-138,-6620,86.20535714285714,33
2015-06-02,161,472,-311,-6931,85.58732039697823,34
2015-06-03,242,379,-137,-7068,85.7757980697847,46
2015-06-04,270,349,-79,-7147,89.50879320800486,48
2015-06-05,215,413,-198,-7345,87.85832207714243,39
2015-06-08,359,272,87,-7258,86.09005795809183,36
2015-06-09,418,219,199,-7059,84.78869091444558,30
2015-06-10,266,356,-90,-7149,84.6029411764706,45
2015-06-11,337,302,35,-7114,83.36980306345733,28
2015-06-12,246,377,-131,-7245,79.96565540927304,44
2015-06-15,238,396,-158,-7403,79.48388936412888,33
2015-06-16,197,431,-234,-7637,78.40522133938707,39
2015-06-17,412,211,201,-7436,80.70125017962351,44
2015-06-18,346,288,58,-7378,81.28688642579532,33
2015-06-19,353,269,84,-7294,84.03742142961555,45
2015-06-22,354,272,82,-7212,83.47914843977836,41
2015-06-23,412,194,218,-6994,88.65685096153845,61
2015-06-24,381,244,137,-6857,95.51192145862552,43
2015-06-25,339,278,61,-6796,95.44461778471138,51
2015-06-26,222,399,-177,-6973,92.45428000614723,47
2015-06-29,102,546,-444,-7417,88.045597720114,20
2015-06-30,411,213,198,-7219,95.50561797752809,45
2015-07-01,458,176,282,-6937,102.11120064464141,35
2015-07-02,325,284,41,-6896,104.08794788273616,60
2015-07-03,286,340,-54,-6950,106.51063128399538,43
2015-07-06,98,545,-447,-7397,97.80757097791798,26
2015-07-07,306,323,-17,-7414,94.49099937926754,40
2015-07-08,231,402,-171,-7585,93.28197226502311,36
2015-07-09,240,379,-139,-7724,90.711131414649,50
2015-07-10,386,234,152,-7572,94.90971357409713,49
2015-07-13,532,100,432,-7140,104.29177545691905,38
2015-07-14,408,221,187,-6953,111.55795876985468,41
2015-07-15,360,262,98,-6855,109.73362372256659,48
2015-07-16,370,257,113,-6742,110.71067699562143,43
2015-07-17,230,398,-168,-6910,106.32932256469425,42
2015-07-20,367,261,106,-6804,106.73712021136063,43
2015-07-21,352,272,80,-6724,104.40169546788391,47
2015-07-22,212,405,-193,-6917,99.04686258935664,54
2015-07-23,268,362,-94,-7011,96.62956576265871,41
2015-07-24,183,450,-267,-7278,95.25660964230171,38
2015-07-27,152,488,-336,-7614,96.9083490269931,31
2015-07-28,229,394,-165,-7779,91.45429574240805,48
2015-07-29,217,401,-184,-7963,84.86279138388906,53
2015-07-30,181,453,-272,-8235,80.72549301856917,37
2015-07-31,394,235,159,-8076,83.54282373574978,42
2015-08-03,229,407,-178,-8254,87.21658711217184,35
2015-08-04,451,171,280,-7974,91.45299145299145,49
2015-08-05,446,172,274,-7700,98.1809553938627,53
2015-08-06,290,333,-43,-7743,99.69725940089229,48
2015-08-07,277,344,-67,-7810,96.27309740056373,50
2015-08-10,203,433,-230,-8040,86.60514957582973,35
2015-08-11,152,469,-317,-8357,79.84785416965696,50
2015-08-12,159,479,-320,-8677,74.6380846325167,33
2015-08-13,495,143,352,-8325,77.6096181046676,33
2015-08-14,0,0,0,-8325,78.79196642685852,670
2015-08-17,225,399,-174,-8499,75.1101321585903,46
2015-08-18,175,470,-295,-8794,70.46232876712328,26
2015-08-19,113,541,-428,-9222,67.73516237402015,17
2015-08-20,157,482,-325,-9547,65.08810572687224,32
2015-08-21,86,566,-480,-10027,62.75067750677506,19
2015-08-24,149,487,-338,-10365,62.71852554546686,36
2015-08-25,537,114,423,-9942,69.5309198478659,21
2015-08-26,581,67,514,-9428,78.34441980783444,24
2015-08-27,397,242,155,-9273,84.16234360695758,33
2015-08-28,521,112,409,-8864,87.74685118955061,39
2015-08-31,271,358,-87,-8951,89.07865872767158,43
2015-09-01,159,472,-313,-9264,80.69729163549304,41
2015-09-02,285,339,-54,-9318,76.37956204379563,48
2015-09-03,325,293,32,-9286,77.34214390602055,54
2015-09-04,78,567,-489,-9775,72.06028721740367,27
2015-09-07,284,345,-61,-9836,74.13966882649387,43
2015-09-08,188,450,-262,-10098,74.86283569159689,34
2015-09-09,612,40,572,-9526,86.9122861106829,20
2015-09-10,490,131,359,-9167,86.996138996139,51
2015-09-11,303,319,-16,-9183,87.37120989108037,50
2015-09-14,191,436,-245,-9428,86.40023422632119,45
2015-09-15,393,221,172,-9256,92.98085688240656,58
2015-09-16,496,124,372,-8884,105.48256285482563,52
2015-09-17,246,386,-140,-9024,108.617564672928,40
2015-09-18,441,183,258,-8766,122.17727752374252,48
2015-09-21,192,438,-246,-9012,124.0021287919106,42
2015-09-22,438,188,250,-8762,120.66188058133427,46
2015-09-23,123,523,-400,-9162,104.3132803632236,26
2015-09-24,363,265,98,-9064,103.37641357027462,44
2015-09-25,354,253,101,-8963,98.43626599273416,67
2015-09-30,276,354,-78,-9041,98.57752489331438,44
2015-10-01,438,182,256,-8785,107.93440450554913,54
2015-10-02,315,312,3,-8782,108.91846921797006,47
2015-10-05,391,212,179,-8603,111.51964918198685,72
2015-10-06,296,336,-40,-8643,119.86661986661986,43
2015-10-07,248,379,-131,-8774,118.52756454989533,48
2015-10-08,305,312,-7,-8781,123.54308187343584,58
2015-10-12,327,301,26,-8755,113.16823228010249,47
2015-10-13,270,351,-81,-8836,105.44855967078189,54
2015-10-14,238,400,-162,-8998,103.00519818063678,37
2015-10-15,469,158,311,-8687,112.60632868322557,48
2015-10-16,276,336,-60,-8747,108.49324211580176,63
2015-10-19,271,349,-78,-8825,100.9488581537472,55
2015-10-20,363,256,107,-8718,105.0262812089356,56
2015-10-21,263,357,-94,-8812,99.26541041200895,55
2015-10-22,134,507,-373,-9185,97.26741431053546,34
2015-10-23,380,247,133,-9052,95.46165884194053,48
2015-10-26,334,291,43,-9009,102.48457291328353,51
2015-10-27,256,369,-113,-9122,99.07377834557649,51
2015-10-28,249,379,-130,-9252,95.47589229805887,48
2015-10-29,217,406,-189,-9441,93.7888198757764,53
2015-10-30,150,483,-333,-9774,85.3285862631657,43
2015-11-02,239,396,-157,-9931,83.16483516483515,41
2015-11-03,389,242,147,-9784,82.77169948942378,45
2015-11-04,347,288,59,-9725,84.10459820772735,41
2015-11-05,317,297,20,-9705,86.15613382899629,63
2015-11-06,179,456,-277,-9982,82.51565002183725,42
2015-11-09,89,558,-469,-10451,76.1998316025821,30
2015-11-10,104,553,-449,-10900,71.83406113537117,20
2015-11-11,386,241,145,-10755,75.49170037662157,50
2015-11-12,369,257,112,-10643,73.08750687947165,52
2015-11-13,200,448,-248,-10891,70.94850948509485,30
2015-11-16,154,490,-336,-11227,68.06275761201968,34
2015-11-17,498,146,352,-10875,70.89461611118607,34
2015-11-18,239,377,-138,-11013,70.38083703404656,62
2015-11-19,458,168,290,-10723,78.31359278059786,52
2015-11-20,403,225,178,-10545,78.88260254596888,50
2015-11-23,291,323,-32,-10577,77.92171219374823,64
2015-11-24,341,276,65,-10512,80.16835497217862,61
2015-11-25,259,360,-101,-10613,80.52932761087268,59
2015-11-26,397,232,165,-10448,85.22593896713614,49
2015-11-27,314,317,-3,-10451,89.81954887218045,47
2015-11-30,158,477,-319,-10770,87.53528450453128,43
2015-12-01,413,218,195,-10575,88.20635157298345,48
2015-12-02,217,409,-192,-10767,84.73930872876392,53
2015-12-03,241,379,-138,-10905,82.63386396526772,59
2015-12-04,197,426,-229,-11134,83.25581395348837,56
2015-12-07,230,402,-172,-11306,87.28435455086259,47
2015-12-08,135,505,-370,-11676,88.37627321749551,39
2015-12-09,227,390,-163,-11839,84.11721611721612,62
2015-12-10,255,378,-123,-11962,81.01065361359055,46
2015-12-11,280,345,-65,-12027,83.3990939646354,54
2015-12-14,108,540,-432,-12459,82.12679529957929,31
2015-12-15,369,264,105,-12354,78.90457851946941,46
2015-12-16,515,124,391,-11963,85.94258656407222,40
2015-12-17,464,172,292,-11671,85.980479148181,43
2015-12-18,430,205,225,-11446,86.63601305250668,44
2015-12-21,338,283,55,-11391,87.85437182930468,58
2015-12-22,278,348,-70,-11461,85.9905521110127,53
2015-12-23,326,284,42,-11419,87.96655718124813,69
2015-12-24,297,321,-24,-11443,85.33961986149993,61
2015-12-28,221,415,-194,-11637,82.77414669571532,43
2015-12-29,523,138,385,-11252,92.63672471738467,19
2015-12-30,337,298,39,-11213,90.37126471476003,45
2016-01-04,111,542,-431,-11644,87.02470779701139,27
2016-01-05,362,262,100,-11544,90.37940379403794,56
2016-01-06,281,359,-78,-11622,92.57794676806084,40
2016-01-07,170,472,-302,-11924,90.69977426636568,38
2016-01-08,286,342,-56,-11980,95.31008947855601,52
2016-01-11,187,462,-275,-12255,93.65273115654563,31
2016-01-12,240,381,-141,-12396,93.38111941436634,59
2016-01-13,497,140,357,-12039,99.81108312342569,43
2016-01-14,155,485,-330,-12369,101.4292520247737,40
2016-01-15,193,442,-249,-12618,95.92277992277992,45
2016-01-18,305,330,-25,-12643,89.82188295165395,45
2016-01-19,239,392,-153,-12796,83.69801478046661,49
2016-01-20,88,573,-485,-13281,74.75581235383135,19
2016-01-21,270,371,-101,-13382,72.93733858909881,39
2016-01-22,477,147,330,-13052,77.76690888764674,56
2016-01-25,491,137,354,-12698,81.75203310029961,52
2016-01-26,191,446,-255,-12953,78.83375385477993,43
2016-01-27,383,257,126,-12827,82.94151376146789,40
2016-01-28,420,203,217,-12610,80.71296690810964,57
2016-01-29,389,243,146,-12464,82.09275694245635,48
2016-02-01,370,274,96,-12368,89.22298303066388,36
2016-02-02,243,386,-143,-12511,85.86670564162524,51
2016-02-03,192,449,-257,-12768,83.46797461050201,39
2016-02-04,442,185,257,-12511,91.16629044394281,53
2016-02-05,365,261,104,-12407,93.49482023156612,55
2016-02-11,52,612,-560,-12967,89.39529341674114,17
2016-02-12,78,582,-504,-13471,84.45408532176428,21
2016-02-15,536,113,423,-13048,85.3513356562137,32
2016-02-16,529,123,406,-12642,95.81673306772909,29
2016-02-17,253,381,-128,-12770,97.64887857695282,47
2016-02-18,530,119,411,-12359,104.54109370003198,32
2016-02-19,378,227,151,-12208,109.65675808835604,76
2016-02-22,381,241,140,-12068,121.07000173701582,59
2016-02-23,283,341,-58,-12126,121.93120307316221,57
2016-02-24,303,327,-24,-12150,115.27001862197392,51
2016-02-25,332,299,33,-12117,109.57324106113033,50
2016-02-26,359,252,107,-12010,116.05106382978722,70
2016-02-29,331,305,26,-11984,114.23265237210873,45
2016-03-02,462,169,293,-11691,115.60536593649175,50
2016-03-03,400,226,174,-11517,116.12738419618529,55
2016-03-04,371,251,120,-11397,116.60112839801675,59
2016-03-07,348,290,58,-11339,120.371979836607,43
2016-03-08,305,315,-10,-11349,125.25360384410038,61
2016-03-09,359,255,104,-11245,122.25347161188257,67
2016-03-10,397,226,171,-11074,123.57622921825255,58
2016-03-11,323,303,20,-11054,135.79045837231055,55
2016-03-14,240,393,-153,-11207,143.91000775795192,48
2016-03-15,216,385,-169,-11376,130.80324244657334,80
2016-03-16,327,302,25,-11351,123.02479044052077,52
2016-03-17,387,227,160,-11191,128.9565376856776,67
2016-03-18,325,302,23,-11168,121.1320085166785,54
2016-03-21,264,360,-96,-11264,116.36332119951464,57
2016-03-22,292,328,-36,-11300,113.11475409836065,61
2016-03-23,300,330,-30,-11330,113.61847733105219,51
2016-03-24,227,398,-171,-11501,110.97025016903312,56
2016-03-25,283,336,-53,-11554,109.45741642869142,62
2016-03-28,241,389,-148,-11702,105.05747126436782,51
2016-03-29,435,184,251,-11451,108.92946892276763,62
2016-03-30,368,265,103,-11348,105.65539983511954,48
2016-03-31,300,332,-32,-11380,102.22006157835035,50
2016-04-01,261,362,-101,-11481,98.66284622731614,59
2016-04-04,341,290,51,-11430,98.55141674625915,51
2016-04-05,322,301,21,-11409,99.04275686024249,59
2016-04-06,319,320,-1,-11410,97.3945997157745,43
2016-04-07,330,286,44,-11366,95.43250430157985,66
2016-04-08,309,310,-1,-11367,95.109375,63
2016-04-11,271,347,-76,-11443,96.28580421781555,64
2016-04-12,335,288,47,-11396,99.68035799904106,59
2016-04-14,366,270,96,-11300,100.81927710843372,46
2016-04-15,333,282,51,-11249,99.07643312101911,67
2016-04-18,254,376,-122,-11371,96.80516210261253,52
2016-04-19,397,230,167,-11204,100.96401028277636,55
2016-04-20,294,321,-27,-11231,101.10986006112273,67
2016-04-21,393,219,174,-11057,104.47101211922698,70
2016-04-22,310,319,-9,-11066,107.21752115480339,53
2016-04-25,261,363,-102,-11168,106.37594978526595,58
2016-04-26,245,387,-142,-11310,106.47719762062128,50
2016-04-27,233,381,-148,-11458,99.88798207713234,68
2016-04-28,304,323,-19,-11477,97.95465355953702,55
2016-04-29,255,366,-111,-11588,96.71976029017505,61
2016-05-02,146,494,-348,-11936,92.97080179205932,42
2016-05-03,385,224,161,-11775,94.61526455439363,73
2016-05-04,143,483,-340,-12115,89.28517225679163,56
2016-05-09,221,404,-183,-12298,86.6926419901094,57
2016-05-10,464,160,304,-11994,90.40782037574462,58
2016-05-11,342,280,62,-11932,91.33036673315942,60
2016-05-12,327,286,41,-11891,93.06071871127634,70
2016-05-13,270,352,-82,-11973,91.15030674846626,61
2016-05-16,298,333,-35,-12008,89.24502506456024,52
2016-05-17,262,368,-106,-12114,87.0295396611186,53
2016-05-18,176,463,-287,-12401,84.75429248075784,44
2016-05-19,193,435,-242,-12643,79.3276828041948,55
2016-05-20,370,265,105,-12538,81.07168718320058,48
2016-05-23,318,306,12,-12526,78.99027459954233,59
2016-05-24,190,456,-266,-12792,75.78903071959601,37
2016-05-25,390,247,143,-12649,78.88207614430344,46
2016-05-26,279,349,-70,-12719,79.79928315412185,55
2016-05-27,394,233,161,-12558,83.88750549289585,56
2016-05-30,234,395,-161,-12719,81.99739092622119,55
2016-05-31,433,197,236,-12483,86.70133729569093,54
2016-06-01,364,272,92,-12391,93.00860479409957,48
2016-06-02,290,347,-57,-12448,89.85070125169658,47
2016-06-03,304,328,-24,-12472,94.48733786287832,52
2016-06-07,395,235,160,-12312,99.7780244173141,54
2016-06-08,316,305,11,-12301,95.24178549287042,63
2016-06-09,226,416,-190,-12491,91.51487553126897,42
2016-06-10,344,282,62,-12429,91.82867557715674,58
2016-06-13,118,540,-422,-12851,87.03484937979917,26
2016-06-14,197,437,-240,-13091,84.24956369982549,50
2016-06-15,251,364,-113,-13204,84.13853317811409,69
2016-06-16,110,540,-430,-13634,82.25643977550726,34
2016-06-17,356,273,83,-13551,86.62148224546928,55
2016-06-20,533,115,418,-13133,91.03510622269097,36
2016-06-21,302,331,-29,-13162,90.45331732212549,51
2016-06-22,355,279,76,-13086,95.46646106399383,50
2016-06-23,149,488,-339,-13425,88.46268212905144,47
2016-06-24,26,650,-624,-14049,81.07300412693895,8
2016-06-27,336,308,28,-14021,79.40016896648831,40
2016-06-28,497,148,349,-13672,86.09773887673231,39
2016-06-29,562,93,469,-13203,89.33491334617094,29
2016-06-30,377,242,135,-13068,89.92709418241334,66
2016-07-01,462,171,291,-12777,94.97326203208556,52
2016-07-04,358,273,85,-12692,96.61016949152543,54
2016-07-05,283,331,-48,-12740,93.50136653507441,71
2016-07-06,127,512,-385,-13125,87.86986603856911,46
2016-07-07,471,162,309,-12816,95.02982107355865,52
2016-07-08,195,443,-248,-13064,90.5223880597015,47
2016-07-11,417,208,209,-12855,99.93718592964824,60
2016-07-12,325,292,33,-12822,104.32267395147035,68
2016-07-13,354,266,88,-12734,107.6734693877551,65
2016-07-14,266,357,-91,-12825,113.61494446314373,63
2016-07-15,283,328,-45,-12870,111.35567783891946,75
2016-07-18,352,275,77,-12793,105.52216988793244,59
2016-07-19,233,373,-140,-12933,103.69414421680916,80
2016-07-20,279,342,-63,-12996,101.43724049824337,65
2016-07-21,295,327,-32,-13028,106.50712997869203,64
2016-07-22,324,292,32,-12996,118.3353647919206,70
2016-07-25,270,357,-87,-13083,116.19475138121547,59
2016-07-26,372,248,124,-12959,112.1011541072641,66
2016-07-27,234,388,-154,-13113,101.45466300307095,64
2016-07-28,336,275,61,-13052,100.25723472668811,75
2016-07-29,265,365,-100,-13152,94.15341440598691,56
2016-08-01,308,319,-11,-13163,92.70897832817337,60
2016-08-02,272,359,-87,-13250,92.13933415536376,56
2016-08-03,193,438,-245,-13495,94.23136888057374,56
2016-08-04,364,251,113,-13382,91.29632477318161,72
2016-08-05,320,318,2,-13380,95.04546879899655,49
2016-08-08,311,320,-9,-13389,91.77195685670262,56
2016-08-09,400,219,181,-13208,93.98472806607448,68
2016-08-10,317,304,13,-13195,92.858249419055,67
2016-08-11,290,333,-43,-13238,93.57798165137615,65
2016-08-12,415,220,195,-13043,97.26395698244504,53
2016-08-16,244,386,-142,-13185,93.90736711221635,58
2016-08-17,222,425,-203,-13388,92.98489053345668,41
2016-08-18,262,363,-101,-13489,92.42354387582603,63
2016-08-19,259,380,-121,-13610,91.1280487804878,49
2016-08-22,137,517,-380,-13990,85.3500368459838,34
2016-08-23,305,322,-17,-14007,86.31111111111112,61
2016-08-24,325,300,25,-13982,84.96030579241399,63
2016-08-25,252,369,-117,-14099,85.46365914786968,67
2016-08-26,273,345,-72,-14171,83.6713847949803,70
2016-08-29,110,540,-430,-14601,79.38247011952191,38
2016-08-30,386,248,138,-14463,81.31378467730343,54
2016-08-31,234,406,-172,-14635,80.22558537978298,48
2016-09-01,383,242,141,-14494,85.32608695652173,64
2016-09-02,401,239,162,-14332,86.02118893466745,49
2016-09-05,429,207,222,-14110,89.08002991772625,53
2016-09-06,243,375,-132,-14242,87.34421364985164,71
2016-09-07,231,400,-169,-14411,82.61811876896402,58
2016-09-08,217,420,-203,-14614,79.83515702714224,52
2016-09-09,153,478,-325,-14939,76.31578947368422,58
2016-09-12,135,511,-376,-15315,69.5972166465944,43
2016-09-13,396,245,151,-15164,73.0087288597927,48
2016-09-19,419,216,203,-14961,77.91660817071458,54
2016-09-20,396,231,165,-14796,81.30453440137319,62
2016-09-21,352,279,73,-14723,83.84615384615385,58
2016-09-22,433,207,226,-14497,92.29483282674772,49
2016-09-23,395,229,166,-14331,95.00539540619701,65
2016-09-26,248,386,-138,-14469,92.59090217556671,56
2016-09-27,392,236,156,-14313,96.67701863354037,62
2016-09-28,271,353,-82,-14395,96.52605459057072,66
2016-09-29,389,247,142,-14253,105.65393988627132,54
2016-09-30,123,527,-404,-14657,96.98476841778054,40
2016-10-04,395,242,153,-14504,102.08931419457737,53
2016-10-05,282,349,-67,-14571,98.79253567508232,60
2016-10-06,257,369,-112,-14683,94.6058091286307,65
2016-10-07,156,482,-326,-15009,86.74432320849307,53
2016-10-10,353,283,70,-14939,89.5814648729447,55
2016-10-11,314,312,2,-14937,92.03271735837625,65
2016-10-12,329,293,36,-14901,95.56756756756756,69
2016-10-13,140,514,-374,-15275,94.83950238058671,37
2016-10-14,312,312,0,-15275,100.63371356147022,67
2016-10-17,232,393,-161,-15436,95.78947368421052,66
2016-10-18,334,285,49,-15387,93.47526420585082,72
2016-10-19,278,340,-62,-15449,90.16269960831576,73
2016-10-20,235,392,-157,-15606,86.92045622870685,64
2016-10-21,217,418,-201,-15807,81.18356794024706,56
2016-10-24,302,336,-34,-15841,78.63912858961663,53
2016-10-25,185,463,-278,-16119,76.91015952980689,43
2016-10-26,154,496,-342,-16461,70.99648933297327,41
2016-10-27,483,149,334,-16127,75.95112468758678,59
2016-10-28,189,446,-257,-16384,71.20659370355358,57
2016-10-31,128,536,-408,-16792,71.18758434547908,28
2016-11-01,333,309,24,-16768,69.72047612678882,50
2016-11-02,61,612,-551,-17319,64.49612403100775,19
2016-11-03,477,172,305,-17014,69.09717618984489,43
2016-11-04,338,298,40,-16974,73.29800244598451,56
2016-11-07,482,164,318,-16656,76.28453038674033,46
2016-11-08,376,248,128,-16528,77.8288740245262,68
2016-11-09,51,626,-575,-17103,70.67518977227327,15
2016-11-10,593,79,514,-16589,81.42493638676844,20
2016-11-11,413,239,174,-16415,83.71661191258391,40
2016-11-14,376,255,121,-16294,87.49817863907911,62
2016-11-15,286,365,-79,-16373,85.79864611839263,42
2016-11-16,496,147,349,-16024,91.48148148148148,50
2016-11-17,300,325,-25,-16049,93.37124046087087,68
2016-11-18,173,467,-294,-16343,92.03802733214498,53
2016-11-21,118,524,-406,-16749,86.878612716763,51
2016-11-22,291,331,-40,-16789,90.12964054213317,71
2016-11-23,196,452,-256,-17045,91.34045077105574,46
2016-11-24,143,510,-367,-17412,81.91414496833215,41
2016-11-25,367,268,99,-17313,86.58871084163418,59
2016-11-28,224,410,-186,-17499,89.60446993089252,60
2016-11-29,406,227,179,-17320,91.78449173984224,61
2016-11-30,270,390,-120,-17440,98.13760197014007,34
2016-12-01,272,368,-96,-17536,92.20080681308829,54
2016-12-02,211,419,-208,-17744,88.69973583798063,64
2016-12-05,151,503,-352,-18096,79.86858660701803,40
2016-12-06,490,155,335,-17761,82.53541076487252,50
2016-12-07,242,398,-156,-17917,88.08548009367682,55
2016-12-08,505,141,364,-17553,86.01682622570351,49
2016-12-09,380,261,119,-17434,85.26604973973394,54
2016-12-12,506,144,362,-17072,88.56722997795738,45
2016-12-13,447,201,246,-16826,93.17873814184611,47
2016-12-14,294,342,-48,-16874,87.56582796957285,59
2016-12-15,485,155,330,-16544,92.57425742574257,55
2016-12-16,295,346,-51,-16595,96.14973262032086,54
2016-12-19,282,342,-60,-16655,101.47729058620148,71
2016-12-20,315,316,-1,-16656,102.09514807813484,64
2016-12-21,259,373,-114,-16770,104.38666453979901,63
2016-12-22,236,398,-162,-16932,107.79600454766931,61
2016-12-23,386,247,139,-16793,108.47457627118644,62
2016-12-26,283,357,-74,-16867,110.3896103896104,55
2016-12-27,363,268,95,-16772,108.94839973873285,64
2016-12-28,530,147,383,-16389,117.87111035538173,18
2016-12-29,337,289,48,-16341,120.596346087556,69
2017-01-02,280,364,-84,-16425,122.95110492430834,51
2017-01-03,386,250,136,-16289,132.89042591918457,59
2017-01-04,377,262,115,-16174,128.33422603106587,56
2017-01-05,406,226,180,-15994,135.42088782464543,63
2017-01-06,316,318,-2,-15996,127.77381377095969,61
2017-01-09,200,453,-253,-16249,120.43808209727491,42
2017-01-10,219,426,-207,-16456,110.13157894736842,50
2017-01-11,336,288,48,-16408,106.77801199935139,71
2017-01-12,309,333,-24,-16432,107.17765508281909,53
2017-01-13,359,280,79,-16353,103.03994906891612,56
2017-01-16,185,458,-273,-16626,99.51524628616106,52
2017-01-17,301,331,-30,-16656,99.984335839599,63
2017-01-18,365,263,102,-16554,101.6111198862739,67
2017-01-19,228,405,-177,-16731,100.61291843470062,62
2017-01-20,248,402,-154,-16885,100.73818124705514,45
2017-01-23,201,442,-241,-17126,94.92532764401098,52
2017-01-24,221,433,-212,-17338,92.90448930400723,41
2017-01-25,201,455,-254,-17592,87.98534798534799,39
2017-01-26,450,191,259,-17333,86.2570971029262,54
2017-01-31,299,347,-48,-17381,84.98628554929985,49
2017-02-01,480,154,326,-17055,90.62081286288522,61
2017-02-02,172,473,-301,-17356,84.62536023054756,50
2017-02-03,267,377,-110,-17466,81.6867469879518,51
2017-02-06,349,291,58,-17408,80.14044943820224,56
2017-02-07,336,303,33,-17375,80.5911330049261,57
2017-02-08,248,393,-145,-17520,81.95883605393897,55
2017-02-09,362,270,92,-17428,85.8905501524169,64
2017-02-10,362,278,84,-17344,86.39337112952464,56
2017-02-13,404,230,174,-17170,89.1086186540732,62
2017-02-14,372,264,108,-17062,89.51183431952663,60
2017-02-15,410,209,201,-16861,96.39072339118415,77
2017-02-16,226,400,-174,-17035,94.24012158054711,70
2017-02-17,337,296,41,-16994,93.34643883260244,63
2017-02-20,231,401,-170,-17164,93.44832803752459,64
2017-02-21,437,208,229,-16935,99.22057677318784,51
2017-02-22,280,348,-68,-17003,101.94589463692454,68
2017-02-23,253,376,-123,-17126,103.38441890166028,67
2017-02-24,284,360,-76,-17202,106.32193224185444,52
2017-02-27,257,370,-113,-17315,100.2835538752363,69
2017-02-28,304,334,-30,-17345,100.56827150749803,58
2017-03-02,236,409,-173,-17518,92.9742033383915,51
2017-03-03,144,505,-361,-17879,92.10208396254907,47
2017-03-06,287,343,-56,-17935,92.88099574984821,66
2017-03-07,416,208,208,-17727,95.09607993850884,72
2017-03-08,281,351,-70,-17797,93.5602014344575,64
2017-03-09,276,338,-62,-17859,94.78301015697139,82
2017-03-10,377,241,136,-17723,95.43978976657907,78
2017-03-13,350,282,68,-17655,95.19542715896802,64
2017-03-14,237,383,-146,-17801,90.47690914578932,76
2017-03-15,221,417,-196,-17997,86.20740522200914,58
2017-03-16,428,208,220,-17777,86.48568899380348,60
2017-03-17,338,292,46,-17731,89.56521739130436,67
2017-03-20,215,432,-217,-17948,85.98295621510432,50
2017-03-21,305,332,-27,-17975,87.96200089060413,60
2017-03-22,230,408,-178,-18153,82.44197780020181,59
2017-03-23,322,300,22,-18131,83.62607054724924,75
2017-03-24,372,255,117,-18014,86.87943262411348,70
2017-03-27,243,395,-152,-18166,85.82978097897987,59
2017-03-28,430,198,232,-17934,90.66505806062433,69
2017-03-29,316,314,2,-17932,91.12085917410376,67
2017-03-30,289,340,-51,-17983,92.89208193213085,68
2017-03-31,410,227,183,-17800,101.26117496807151,60
2017-04-03,395,242,153,-17647,104.67304883985071,60
2017-04-04,220,410,-190,-17837,98.27179890023567,67
2017-04-05,340,283,57,-17780,100.2699698269017,74
2017-04-06,248,391,-143,-17923,98.99212598425197,58
2017-04-07,359,260,99,-17824,98.41419375098131,78
2017-04-10,76,582,-506,-18330,89.87854251012146,39
2017-04-11,320,311,9,-18321,92.11762922540548,66
2017-04-12,305,328,-23,-18344,94.6681007990166,64
2017-04-13,439,192,247,-18097,95.07085643869377,67
2017-04-14,154,486,-332,-18429,89.56027520191445,58
2017-04-17,505,130,375,-18054,98.33959899749374,63
2017-04-18,374,247,127,-17927,100.762025718368,77
2017-04-19,295,329,-34,-17961,103.08681672025723,74
2017-04-20,350,268,82,-17879,104.07239819004526,80
2017-04-21,322,291,31,-17848,102.66709511568124,85
2017-04-24,213,430,-217,-18065,101.61367630611919,55
2017-04-25,429,200,229,-17836,101.56524516850342,69
2017-04-26,413,215,198,-17638,104.77117818889971,70
2017-04-27,260,366,-106,-17744,103.86231415643181,72
2017-04-28,221,413,-192,-17936,97.86633197364293,64
2017-05-02,286,349,-63,-17999,94.56873939206912,63
2017-05-04,455,177,278,-17721,101.85659411011522,66
2017-05-08,447,184,263,-17458,105.23662384127502,67
2017-05-10,271,356,-85,-17543,106.21524370297676,71
2017-05-11,416,219,197,-17346,107.87090400131731,66
2017-05-12,238,401,-163,-17509,113.93414799728446,62
2017-05-15,290,341,-51,-17560,112.85038838230328,71
2017-05-16,252,393,-141,-17701,110.73993652914649,58
2017-05-17,284,344,-60,-17761,105.47320410490309,75
2017-05-18,228,413,-185,-17946,107.9624134520277,62
2017-05-19,468,184,284,-17662,106.40522875816994,51
2017-05-22,374,269,105,-17557,106.02409638554218,60
2017-05-23,397,237,160,-17397,109.32231404958677,70
2017-05-24,389,255,134,-17263,110.20374358124896,60
2017-05-25,418,235,183,-17080,112.84066209663936,51
2017-05-26,379,258,121,-16959,119.0394215871923,67
2017-05-29,250,403,-153,-17112,112.04258150365935,51
2017-05-30,447,197,250,-16862,112.94627961294627,60
2017-05-31,357,282,75,-16787,116.19289340101521,65
2017-06-01,275,366,-91,-16878,118.04536926488144,63
2017-06-02,410,231,179,-16699,122.62837249782419,63
2017-06-05,289,373,-84,-16783,115.78858777983505,42
2017-06-07,323,334,-11,-16794,110.90132983089805,47
2017-06-08,312,338,-26,-16820,111.90515396015148,54
2017-06-09,357,286,71,-16749,109.72312703583063,61
2017-06-12,177,470,-293,-17042,107.52133999033661,57
2017-06-13,450,181,269,-16773,113.01041494461894,73
2017-06-14,323,341,-18,-16791,115.17425379356345,40
2017-06-15,194,432,-238,-17029,112.02958093672966,78
2017-06-16,303,339,-36,-17065,114.65646315089005,62
2017-06-19,313,334,-21,-17086,109.34913163447493,57
2017-06-20,160,499,-339,-17425,102.06540447504302,45
2017-06-21,231,422,-191,-17616,96.66970802919708,51
2017-06-22,249,403,-154,-17770,92.45984533016062,52
2017-06-23,442,200,242,-17528,93.30243683659741,62
2017-06-26,226,422,-196,-17724,88.83700569093827,56
2017-06-27,313,313,0,-17724,90.95076149637735,78
2017-06-28,254,393,-139,-17863,85.61574938928007,57
2017-06-29,384,260,124,-17739,86.27648839556004,60
2017-06-30,335,291,44,-17695,88.09385018944914,78
2017-07-03,270,374,-104,-17799,84.29693076374019,60
2017-07-04,168,470,-302,-18101,81.44184736693889,66
2017-07-05,349,275,74,-18027,82.49325571489422,80
2017-07-06,312,333,-21,-18048,82.55186132423984,59
2017-07-07,237,401,-164,-18212,79.5470431986579,66
2017-07-10,186,474,-288,-18500,79.62833589492804,45
2017-07-11,327,309,18,-18482,76.54083733699383,69
2017-07-12,212,439,-227,-18709,74.02140051469593,54
2017-07-13,310,330,-20,-18729,76.65155885180607,65
2017-07-14,275,367,-92,-18821,75.97482555753182,63
2017-07-17,431,217,214,-18607,78.85150166852057,57
2017-07-18,309,336,-27,-18634,82.79982927870252,60
2017-07-19,438,223,215,-18419,88.24304538799414,45
2017-07-20,340,297,43,-18376,90.98750743604998,69
2017-07-21,302,346,-44,-18420,87.0160116448326,58
2017-07-24,271,384,-113,-18533,88.15866510538642,51
2017-07-25,240,402,-162,-18695,85.97023551509896,64
2017-07-26,315,334,-19,-18714,87.59836782279218,57
2017-07-27,364,274,90,-18624,87.12914485165794,68
2017-07-28,139,524,-385,-19009,81.51638767759178,43
2017-07-31,254,409,-155,-19164,80.89305711086226,43
2017-08-01,478,169,309,-18855,88.9814408884992,59
2017-08-02,379,267,112,-18743,89.52450621799561,60
2017-08-03,91,586,-495,-19238,83.21106094808127,29
2017-08-04,359,288,71,-19167,86.30824372759857,59
2017-08-07,377,263,114,-19053,91.82436428149025,66
2017-08-08,280,357,-77,-19130,90.48737522019965,69
2017-08-09,152,499,-347,-19477,88.82421420256111,55
2017-08-10,222,423,-201,-19678,86.37473079684135,61
2017-08-11,101,566,-465,-20143,81.54662199888331,39
2017-08-14,323,333,-10,-20153,78.76373626373626,50
2017-08-16,349,305,44,-20109,79.65236584356464,52
2017-08-17,409,230,179,-19930,79.17585446527012,67
2017-08-18,298,338,-40,-19970,78.15540633136906,70
2017-08-21,239,396,-157,-20127,76.76602694977542,71
2017-08-22,362,282,80,-20047,79.10282953761215,62
2017-08-23,261,380,-119,-20166,79.63450089990309,65
2017-08-24,346,296,50,-20116,80.48712595685456,64
2017-08-25,379,253,126,-19990,80.9324399776661,74
2017-08-28,366,278,88,-19902,87.09164498409945,62
2017-08-29,251,386,-135,-20037,87.33865119651921,69
2017-08-30,340,291,49,-19988,83.85349864614507,75
2017-08-31,268,359,-91,-20079,81.20692080461387,79
2017-09-01,339,311,28,-20051,88.10359964881475,56
2017-09-04,72,414,-342,-20393,82.38505747126436,220
2017-09-05,167,497,-330,-20723,76.78621073116486,42
2017-09-06,209,426,-217,-20940,75.07916838771858,71
2017-09-07,457,195,262,-20678,82.74177324328208,54
2017-09-08,151,505,-354,-21032,80.76977702030962,50
2017-09-11,313,341,-28,-21060,86.54636150234741,52
2017-09-12,367,270,97,-20963,88.005330964016,69
2017-09-13,208,437,-229,-21192,84.27015250544663,61
2017-09-14,337,311,26,-21166,82.25667527993109,58
2017-09-15,341,315,26,-21140,83.14849488693649,50
2017-09-18,289,357,-68,-21208,84.34241019698725,60
2017-09-19,304,324,-20,-21228,82.99740858047797,78
2017-09-20,165,491,-326,-21554,80.33158565962873,50
2017-09-21,154,512,-358,-21912,75.30592602777396,40
2017-09-25,64,628,-564,-22476,67.49476987447699,14
2017-09-26,4,0,4,-22472,65.12890094979647,702
2017-09-27,491,182,309,-22163,70.33212391850404,33
2017-09-28,404,247,157,-22006,71.66526256669475,55
2017-09-29,500,146,354,-21652,77.23259516572587,60
2017-10-10,285,369,-84,-21736,75.81455432754413,52
2017-10-11,421,229,192,-21544,83.02860513122972,56
2017-10-12,355,279,76,-21468,88.65021328458256,72
2017-10-13,218,428,-210,-21678,88.76028023149559,60
2017-10-16,325,329,-4,-21682,85.01492537313433,52
2017-10-17,331,301,30,-21652,90.45566502463053,74
2017-10-18,236,414,-178,-21830,88.27827675445273,56
2017-10-19,385,244,141,-21689,88.90417239798258,77
2017-10-20,367,274,93,-21596,93.66771159874608,65
2017-10-23,250,389,-139,-21735,91.18922266955714,67
2017-10-24,399,247,152,-21583,93.06729264475744,60
2017-10-25,331,303,28,-21555,94.52335858585859,72
2017-10-26,272,385,-113,-21668,93.12177583242145,49
2017-10-27,468,184,284,-21384,102.79146141215108,54
2017-10-30,299,341,-42,-21426,108.2108464267613,66
2017-10-31,354,272,82,-21344,120.34873269818442,80
2017-11-01,354,289,65,-21279,120.3861927546138,65
2017-11-02,271,371,-100,-21379,112.97798377752028,66
2017-11-03,378,262,116,-21263,112.26882430647291,68
2017-11-06,284,364,-80,-21343,104.92508766337265,60
2017-11-07,316,316,0,-21343,106.31731232920751,76
2017-11-08,343,286,57,-21286,104.10958904109589,79
2017-11-09,369,264,105,-21181,104.58246846559156,75
2017-11-10,332,304,28,-21153,108.55188141391106,72
2017-11-13,311,335,-24,-21177,108.2180634662327,62
2017-11-14,329,321,8,-21169,107.83454987834551,58
2017-11-15,224,447,-223,-21392,107.06679574056149,37
2017-11-16,391,258,133,-21259,106.92208628461044,59
2017-11-17,315,332,-17,-21276,105.10366826156299,61
2017-11-20,368,289,79,-21197,108.71961102106968,51
2017-11-21,255,395,-140,-21337,103.89363722697055,58
2017-11-22,271,385,-114,-21451,101.62500000000001,52
2017-11-23,404,218,186,-21265,106.46558639499439,86
2017-11-24,356,283,73,-21192,103.03221730890715,69
2017-11-27,278,353,-75,-21267,102.5063051702396,77
2017-11-28,258,382,-124,-21391,99.27176944530524,68
2017-11-29,287,348,-61,-21452,97.34377399048057,73
2017-11-30,240,413,-173,-21625,96.24713958810068,56
2017-12-01,295,332,-37,-21662,93.97735849056605,82
2017-12-04,337,298,39,-21623,95.73105656350054,74
2017-12-05,425,222,203,-21420,98.80897138437741,62
2017-12-06,192,457,-265,-21685,93.9873417721519,61
2017-12-07,138,517,-379,-22064,87.18246479895485,55
2017-12-08,154,503,-349,-22413,82.2234762979684,53
2017-12-11,398,247,151,-22262,84.5,67
2017-12-12,231,416,-185,-22447,81.98731501057082,66
2017-12-13,464,186,278,-22169,88.630377524144,63
2017-12-14,285,370,-85,-22254,85.67520875323927,58
2017-12-15,358,295,63,-22191,86.75640468953539,60
2017-12-18,251,412,-161,-22352,83.57508532423208,50
2017-12-19,143,523,-380,-22732,80.51675977653632,47
2017-12-21,185,496,-311,-23043,78.10479988997386,32
2017-12-22,429,210,219,-22824,78.535040616825,74
2017-12-26,370,292,78,-22746,78.63036303630363,51
2017-12-27,543,141,402,-22344,84.74504249291785,29
2017-12-28,448,201,247,-22097,89.73688036051752,64
2018-01-02,413,237,176,-21921,93.07033096926713,63
2018-01-03,332,322,10,-21911,95.71663920922569,59
2018-01-04,205,462,-257,-22168,92.566475686793,46
2018-01-05,411,226,185,-21983,94.65478841870824,76
2018-01-08,267,380,-113,-22096,90.192949368925,66
2018-01-09,312,348,-36,-22132,93.41096698113208,53
2018-01-10,418,246,172,-21960,101.59680638722554,49
2018-01-11,319,340,-21,-21981,106.80314960629921,55
2018-01-12,293,384,-91,-22072,102.92893479266225,38
2018-01-15,305,360,-55,-22127,104.97589799409113,50
2018-01-16,325,332,-7,-22134,100.53215751862552,58
2018-01-17,285,384,-99,-22233,100.31861629494765,46
2018-01-18,373,291,82,-22151,100.60725671777743,51
2018-01-19,445,223,222,-21929,106.61144107533605,47
2018-01-22,340,312,28,-21901,113.43138839502183,63
2018-01-23,492,159,333,-21568,125.21367521367522,64
2018-01-24,423,234,189,-21379,124.59993190330269,58
2018-01-25,496,166,330,-21049,129.5233124565066,53
2018-01-26,467,195,272,-20777,127.007928300586,53
2018-01-29,445,223,222,-20555,126.47664835164835,47
2018-01-30,243,418,-175,-20730,119.83347210657784,54
2018-01-31,267,398,-131,-20861,117.26689689195855,50
2018-02-01,397,272,125,-20736,124.30826684773383,46
2018-02-02,174,492,-318,-21054,115.08851713496833,49
2018-02-05,82,609,-527,-21581,108.06451612903226,24
2018-02-06,144,532,-388,-21969,102.48097412480975,38
2018-02-07,138,536,-398,-22367,94.067055393586,40
2018-02-08,482,186,296,-22071,98.6579182821354,47
2018-02-09,163,514,-351,-22422,94.88004681100058,38
2018-02-12,298,360,-62,-22484,94.7776477472206,57
2018-02-13,190,483,-293,-22777,90.79719479032488,42
2018-02-14,358,293,65,-22712,93.05394431554525,64
2018-02-19,539,134,405,-22307,97.68511648612554,42
2018-02-20,257,409,-152,-22459,92.34657039711192,49
2018-02-21,423,231,192,-22267,94.65225014611337,61
2018-02-22,217,445,-228,-22495,86.99859747545582,53
2018-02-23,433,227,206,-22289,87.22448406570265,55
2018-02-26,301,371,-70,-22359,82.12336244541486,43
2018-02-27,233,432,-199,-22558,76.4573694646398,50
2018-02-28,203,464,-261,-22819,70.99666922879835,48
2018-03-02,188,479,-291,-23110,69.74704461675353,47
2018-03-05,161,528,-367,-23477,67.28773289983744,25
2018-03-06,427,232,195,-23282,68.00301621214025,55
2018-03-07,194,478,-284,-23566,68.37466952033236,42
2018-03-08,462,192,270,-23296,77.21233058729737,61
2018-03-09,509,156,353,-22943,86.37762237762237,50
2018-03-12,521,148,373,-22570,96.99792960662525,46
2018-03-13,266,393,-127,-22697,91.01736260582581,56
2018-03-14,257,412,-155,-22852,93.73816805009466,46
2018-03-15,338,321,17,-22835,94.85940246045695,56
2018-03-16,352,315,37,-22798,99.68468468468468,48
2018-03-19,228,425,-197,-22995,95.83333333333334,62
2018-03-20,335,316,19,-22976,90.40722684255807,64
2018-03-21,267,388,-121,-23097,90.82410470300589,60
2018-03-22,254,410,-156,-23253,86.1749859786876,51
2018-03-23,38,669,-631,-23884,81.11745513866232,9
2018-03-26,460,210,250,-23634,81.67325248671482,46
2018-03-27,486,176,310,-23324,86.49216125419933,54
2018-03-28,203,473,-270,-23594,85.58107167710509,40
2018-03-29,374,273,101,-23493,90.36316843008294,69
2018-03-30,526,146,380,-23113,99.95496171745984,44
2018-04-02,290,384,-94,-23207,104.14301058769372,42
2018-04-03,329,338,-9,-23216,100.9965272535105,49
2018-04-04,155,522,-367,-23583,99.74501274936253,39
2018-04-05,390,254,136,-23447,97.755981572299,72
2018-04-06,250,402,-152,-23599,90.59498207885305,64
2018-04-09,295,378,-83,-23682,84.56627342123525,43
2018-04-10,291,375,-84,-23766,85.12592180325588,50
2018-04-11,359,309,50,-23716,87.8035008469791,48
2018-04-12,334,330,4,-23712,87.63569716622021,52
2018-04-13,371,279,92,-23620,88.35199093099051,66
2018-04-16,352,296,56,-23564,91.78695150115473,68
2018-04-17,362,287,75,-23489,92.56413973039571,67
2018-04-18,403,260,143,-23346,96.32255206025698,53
2018-04-19,362,297,65,-23281,99.57945328927606,57
2018-04-20,423,244,179,-23102,112.54612546125462,49
2018-04-23,309,358,-49,-23151,107.56934649741422,49
2018-04-24,363,300,63,-23088,103.62797847809378,53
2018-04-25,207,461,-254,-23342,103.88110272601263,48
2018-04-26,368,287,81,-23261,103.56539111725833,61
2018-04-27,325,319,6,-23255,97.87425149700599,72
2018-04-30,404,268,136,-23119,101.34064594759293,44
2018-05-02,411,252,159,-22960,103.9518369867243,53
2018-05-03,240,423,-183,-23143,106.8976328578147,53
2018-05-04,344,333,11,-23132,104.87767110560544,39
2018-05-08,150,530,-380,-23512,101.32098390525357,36
2018-05-09,311,357,-46,-23558,101.8888042650419,48
2018-05-10,422,240,182,-23376,106.06531881804044,54
2018-05-11,500,171,329,-23047,110.63254926891291,45
2018-05-14,424,247,177,-22870,113.56095989692383,45
2018-05-15,276,396,-120,-22990,109.9588997786911,44
2018-05-16,163,529,-366,-23356,103.17121512425675,24
2018-05-17,366,296,70,-23286,103.09074299634592,54
2018-05-18,479,192,287,-22999,105.33846153846153,45
2018-05-21,299,369,-70,-23069,103.2258064516129,48
2018-05-23,188,474,-286,-23355,96.28050573360775,54
2018-05-24,222,437,-215,-23570,93.91076878360704,57
2018-05-25,117,563,-446,-24016,87.01007838745801,36
2018-05-28,493,187,306,-23710,94.6433770014556,36
2018-05-29,204,471,-267,-23977,89.849730649277,41
2018-05-30,203,479,-276,-24253,86.16578874410867,34
2018-05-31,415,258,157,-24096,86.43808995002776,43
2018-06-01,339,324,15,-24081,84.59318306761958,53
2018-06-04,357,315,42,-24039,87.5,44
2018-06-05,321,339,-18,-24057,87.10621689434068,56
2018-06-07,429,234,195,-23862,94.91131142774061,53
2018-06-08,219,452,-233,-24095,92.2988670586548,45
2018-06-11,442,213,229,-23866,92.94558019003743,61
2018-06-12,264,389,-125,-23991,86.82300390843103,63
2018-06-14,155,533,-378,-24369,79.87919463087249,29
2018-06-15,317,359,-42,-24411,80.83097261567517,41
2018-06-18,132,558,-426,-24837,80.09943563558183,27
2018-06-19,110,580,-470,-25307,73.84157390629045,27
2018-06-20,495,174,321,-24986,74.22158796056046,48
2018-06-21,155,536,-381,-25367,70.81904761904761,26
2018-06-22,267,404,-137,-25504,72.46636771300449,46
2018-06-25,448,221,227,-25277,77.5069179074977,48
2018-06-26,202,468,-266,-25543,79.62369895916733,47
2018-06-27,187,481,-294,-25837,72.68875192604007,49
2018-06-28,199,467,-268,-26105,72.66187050359713,52
2018-06-29,367,287,80,-26025,76.65964172813487,64
2018-07-02,64,631,-567,-26592,68.66290018832392,23
2018-07-03,332,336,-4,-26596,68.4718565876896,50
2018-07-04,359,306,53,-26543,68.57429718875501,53
2018-07-05,189,481,-292,-26835,65.74599260172627,48
2018-07-06,546,133,413,-26422,68.0359595455113,39
2018-07-09,272,394,-122,-26544,69.19884291284116,52
2018-07-10,497,177,320,-26224,70.20846493998737,44
2018-07-11,257,411,-154,-26378,69.92566460879426,50
2018-07-12,410,249,161,-26217,75.85260682085456,59
2018-07-13,468,201,267,-25950,79.46631087391594,49
2018-07-16,251,414,-163,-26113,82.64181743980411,57
2018-07-17,270,380,-110,-26223,87.19060271290728,72
2018-07-18,147,538,-391,-26614,78.33666001330673,37
2018-07-19,146,524,-378,-26992,78.34199653471944,52
2018-07-20,280,355,-75,-27067,79.03139254091764,87
2018-07-23,145,550,-405,-27472,71.7975073878967,27
2018-07-24,480,186,294,-27178,78.20290627916278,56
2018-07-25,250,412,-162,-27340,79.77664155005382,60
2018-07-26,530,150,380,-26960,87.98313422347154,42
2018-07-27,437,222,215,-26745,89.7872340425532,63
2018-07-30,392,271,121,-26624,99.52167414050822,60
2018-07-31,359,301,58,-26566,100.45078888054096,63
2018-08-01,488,179,309,-26257,104.38112745098039,56
2018-08-02,193,471,-278,-26535,104.60263884627186,60
2018-08-03,524,149,375,-26160,104.00979491888582,51
2018-08-06,370,285,85,-26075,107.29961089494165,69
2018-08-07,296,346,-50,-26125,101.50136487716107,82
2018-08-08,289,368,-79,-26204,102.65608304075712,67
2018-08-09,319,336,-17,-26221,99.93974088580899,71
2018-08-10,316,345,-29,-26250,95.57652609849602,65
2018-08-13,68,635,-567,-26817,89.94716550049978,23
2018-08-14,464,210,254,-26563,95.02414751939119,52
2018-08-16,289,395,-106,-26669,99.1778774289985,42
2018-08-17,445,218,227,-26442,108.61528822055138,63
2018-08-20,352,306,46,-26396,110.5919494869771,68
2018-08-21,428,233,195,-26201,121.11997341309406,65
2018-08-22,247,403,-156,-26357,113.16760224538893,76
2018-08-23,325,333,-8,-26365,115.83820662768032,68
2018-08-24,393,272,121,-26244,111.4049060210258,61
2018-08-27,274,409,-135,-26379,105.66125290023203,43
2018-08-28,375,279,96,-26283,105.26803645913796,72
2018-08-29,350,310,40,-26243,104.98302992903426,66
2018-08-30,352,310,42,-26201,100.84681687585059,64
2018-08-31,381,279,102,-26099,106.79021959196386,66
2018-09-03,278,372,-94,-26193,99.50331125827815,76
2018-09-04,382,277,105,-26088,99.80409885473178,67
2018-09-05,278,387,-109,-26197,98.92167140931556,61
2018-09-06,256,418,-162,-26359,97.6958525345622,52
2018-09-07,392,273,119,-26240,99.71488595438174,61
2018-09-10,376,298,78,-26162,101.32990781320841,52
2018-09-11,385,272,113,-26049,112.28014070994563,69
2018-09-12,304,364,-60,-26109,107.08489388264668,58
2018-09-13,369,298,71,-26038,109.998415465061,59
2018-09-14,418,251,167,-25871,109.00063051702395,57
2018-09-17,177,510,-333,-26204,102.93219303604153,40
2018-09-18,258,394,-136,-26340,97.9281562080787,75
2018-09-19,159,512,-353,-26693,95.07186858316223,56
2018-09-20,235,438,-203,-26896,92.32991477683086,54
2018-09-21,475,196,279,-26617,94.55235869723967,56
2018-09-27,425,251,174,-26443,99.04320526237106,51
2018-09-28,288,363,-75,-26518,96.53034106009154,76
2018-10-01,268,399,-131,-26649,94.08335762168464,60
2018-10-02,153,519,-366,-27015,88.48819120350728,55
2018-10-04,220,466,-246,-27261,83.99007991182144,42
2018-10-05,225,456,-231,-27492,82.30727322255517,47
2018-10-08,201,475,-274,-27766,77.74535809018568,52
2018-10-10,90,621,-531,-28297,72.9868793413944,18
2018-10-11,20,697,-677,-28974,67.52762945486154,12
2018-10-12,540,154,386,-28588,70.40584824804638,35
2018-10-15,250,426,-176,-28764,67.72513024063508,53
2018-10-16,470,207,263,-28501,69.33850193822684,52
2018-10-17,524,156,368,-28133,74.0146360251637,49
2018-10-18,213,465,-252,-28385,70.50025138260433,51
2018-10-19,332,334,-2,-28387,68.70257494713273,63
2018-10-22,313,358,-45,-28432,71.75098262964372,58
2018-10-23,45,669,-624,-29056,66.7238421955403,15
2018-10-24,235,457,-222,-29278,68.11397557666214,37
2018-10-25,119,588,-469,-29747,65.47172096403052,22
2018-10-26,105,590,-485,-30232,58.2129233614611,34
2018-10-29,49,666,-617,-30849,51.40083829693359,14
2018-10-30,484,215,269,-30580,54.45167077820139,30
2018-10-31,539,154,385,-30195,59.11449325492909,36
2018-11-01,471,218,253,-29942,65.0382226469183,40
2018-11-02,671,48,623,-29319,74.12622579834046,10
2018-11-05,236,454,-218,-29537,74.28319919517102,39
2018-11-06,419,258,161,-29376,79.18552036199095,52
2018-11-07,163,523,-360,-29736,81.15752258740343,43
2018-11-08,587,103,484,-29252,96.05281840124947,39
2018-11-09,300,371,-71,-29323,89.87603305785123,58
2018-11-12,236,436,-200,-29523,89.55983493810179,57
2018-11-13,262,415,-153,-29676,84.28724257822947,52
2018-11-14,316,357,-41,-29717,79.37231410339888,56
2018-11-15,410,274,136,-29581,84.02777777777779,45
2018-11-16,463,205,258,-29323,87.28088055442316,61
2018-11-19,524,167,357,-28966,92.55022321428571,38
2018-11-20,229,440,-211,-29177,98.25623288658308,60
2018-11-21,358,302,56,-29121,102.31426886792451,69
2018-11-22,188,484,-296,-29417,104.94011976047904,57
2018-11-23,181,492,-311,-29728,107.65724703737465,56
2018-11-26,524,163,361,-29367,124.37900970554368,43
2018-11-27,419,246,173,-29194,122.68412438625205,65
2018-11-28,328,340,-12,-29206,115.70838627700127,62
2018-11-29,373,295,78,-29128,112.77263455201631,62
2018-11-30,296,367,-71,-29199,101.79318589360432,67
2018-12-03,541,140,401,-28798,111.58670429601756,49
2018-12-04,329,347,-18,-28816,108.6593474563167,54
2018-12-05,275,408,-133,-28949,112.389798488665,47
2018-12-06,124,574,-450,-29399,97.84552249743514,32
2018-12-07,382,281,101,-29298,100.37130551017377,67
2018-12-10,139,550,-411,-29709,97.2834818168541,41
2018-12-11,205,478,-273,-29982,95.57163531114327,47
2018-12-12,558,132,426,-29556,102.40837696335079,40
2018-12-13,538,141,397,-29159,106.44078144078144,51
2018-12-14,272,410,-138,-29297,100.38478614769868,48
2018-12-17,302,369,-67,-29364,94.280787469464,59
2018-12-18,247,432,-185,-29549,94.64825205006474,51
2018-12-19,440,232,208,-29341,96.80279029210871,58
2018-12-20,256,424,-168,-29509,98.65122416068026,50
2018-12-21,318,354,-36,-29545,102.73829118659286,58
2018-12-24,221,458,-237,-29782,94.05273717397536,51
2018-12-26,101,600,-499,-30281,85.1745771958538,29
2018-12-27,630,82,548,-29733,92.55018377155781,18
2018-12-28,470,205,265,-29468,95.13172966781214,56
2019-01-02,194,496,-302,-29770,91.97244481934486,41
2019-01-03,238,441,-203,-29973,84.15160507148639,52
2019-01-04,384,291,93,-29880,85.53954879043218,56
2019-01-07,529,169,360,-29520,91.97921056328136,33
2019-01-08,304,372,-68,-29588,97.26760156137053,55
2019-01-09,531,149,382,-29206,101.35593220338983,51
2019-01-10,272,388,-116,-29322,105.8432734410388,71
2019-01-11,446,237,209,-29113,113.61642118458164,48
2019-01-14,337,335,2,-29111,106.75778283978738,59
2019-01-15,458,214,244,-28867,104.38570141183538,59
2019-01-16,413,268,145,-28722,108.8244321669736,50
2019-01-17,248,430,-182,-28904,106.99407024479245,53
2019-01-18,518,167,351,-28553,115.77946768060836,46
2019-01-21,375,315,60,-28493,113.26035965598125,41
2019-01-22,290,381,-91,-28584,114.56234256926952,60
2019-01-23,436,238,198,-28386,118.5856318152662,57
2019-01-24,379,296,83,-28303,124.34968719130721,56
2019-01-25,428,228,200,-28103,138.19712381620485,75
2019-01-28,293,375,-82,-28185,125.82151793160968,63
2019-01-29,222,443,-221,-28406,117.03834429648646,66
2019-01-30,416,258,158,-28248,125.38782318598834,57
2019-01-31,404,274,130,-28118,131.82910089224433,53
2019-02-01,351,330,21,-28097,130.39031873189023,50
2019-02-07,391,272,119,-27978,125.82914572864321,68
2019-02-08,278,399,-121,-28099,124.82908120727029,54
2019-02-11,304,387,-83,-28182,116.4234161988773,40
2019-02-12,339,331,8,-28174,118.58206539333118,61
2019-02-13,470,202,268,-27906,119.64838027022628,59
2019-02-14,389,285,104,-27802,121.48366978499918,57
2019-02-15,225,457,-232,-28034,113.14709595959596,49
2019-02-18,418,249,169,-27865,113.56656640810512,64
2019-02-19,322,342,-20,-27885,116.35896612618397,67
2019-02-20,337,331,6,-27879,110.5427811669013,63
2019-02-21,268,416,-148,-28027,107.17585463504773,47
2019-02-22,294,374,-80,-28107,107.35316787420996,64
2019-02-25,363,299,64,-28043,105.23824068417838,70
2019-02-26,308,364,-56,-28099,103.08343409915356,60
2019-02-27,408,261,147,-27952,102.2710181982253,63
2019-02-28,89,611,-522,-28474,95.80246913580247,32
2019-03-04,478,210,268,-28206,103.00661455201443,44
2019-03-05,327,346,-19,-28225,100.3412462908012,59
2019-03-06,304,372,-68,-28293,97.44077215560105,56
2019-03-07,166,525,-359,-28652,92.1086307407934,41
2019-03-08,199,476,-277,-28929,86.85919579936437,57
2019-03-11,291,376,-85,-29014,87.31632935957859,65
2019-03-12,485,201,284,-28730,92.20261809903243,46
2019-03-13,329,326,3,-28727,92.12587213441549,77
2019-03-14,515,171,344,-28383,93.1779176201373,46
2019-03-15,283,397,-114,-28497,90.21677927927928,53
2019-03-18,424,250,174,-28323,95.80977236479629,59
2019-03-19,282,382,-100,-28423,92.06258890469417,69
2019-03-20,218,441,-223,-28646,89.32529106466545,74
2019-03-21,161,541,-380,-29026,84.37116773402371,31
2019-03-22,249,426,-177,-29203,83.9978228330385,58
2019-03-25,98,613,-515,-29718,78.76910911966263,22
2019-03-26,449,222,227,-29491,80.7216083078152,62
2019-03-27,295,375,-80,-29571,80.43073650624834,63
2019-03-28,145,535,-390,-29961,74.23037455105182,53
2019-03-29,457,223,234,-29727,83.08585313174946,54
2019-04-01,548,144,404,-29323,84.78616180877145,42
2019-04-02,353,314,39,-29284,85.51299589603283,67
2019-04-03,499,166,333,-28951,90.73761261261262,69
2019-04-04,347,306,41,-28910,96.25272331154684,81
2019-04-05,375,308,67,-28843,101.28033348220933,51
2019-04-08,349,324,25,-28818,102.94073518379594,61
2019-04-09,300,359,-59,-28877,97.84552249743514,75
2019-04-10,461,205,256,-28621,101.58161742763355,68
2019-04-11,457,210,247,-28374,100.13351134846462,67
2019-04-12,393,276,117,-28257,103.62537764350452,65
2019-04-15,364,309,55,-28202,101.81164845036683,61
2019-04-16,266,402,-136,-28338,101.2688460964323,66
2019-04-17,345,337,8,-28330,104.7915087187263,52
2019-04-18,153,537,-384,-28714,104.73372781065089,44
2019-04-19,417,227,190,-28524,110.6226533166458,90
2019-04-22,309,346,-37,-28561,118.88979591836734,79
2019-04-23,333,343,-10,-28571,114.72942683317322,58
2019-04-24,203,484,-281,-28852,111.31392604248622,47
2019-04-25,208,465,-257,-29109,113.55608591885442,61
2019-04-26,220,454,-234,-29343,105.89318600368325,60
2019-04-29,462,218,244,-29099,103.3990895295903,54
2019-04-30,297,370,-73,-29172,101.68522419500452,67
2019-05-02,434,228,206,-28966,99.77638640429338,72
2019-05-03,263,400,-137,-29103,97.16259923551897,71
2019-05-07,173,521,-348,-29451,91.3328581610834,40
2019-05-08,263,408,-145,-29596,89.04070995914918,63
2019-05-09,61,649,-588,-30184,82.31154418730546,24
2019-05-10,294,377,-83,-30267,78.23039280518451,63
2019-05-13,121,571,-450,-30717,70.4241353193638,42
2019-05-14,433,228,205,-30512,71.36144272288544,73
2019-05-15,527,167,360,-30152,74.7801345059493,40
2019-05-16,234,454,-220,-30372,73.86947584789311,46
2019-05-17,251,432,-181,-30553,71.78575961416423,51
2019-05-20,198,507,-309,-30862,72.63345649127277,29
2019-05-21,298,380,-82,-30944,69.75756060984753,56
2019-05-22,332,336,-4,-30948,70.13263263263264,66
2019-05-23,185,507,-322,-31270,66.90779794016674,42
2019-05-24,212,470,-258,-31528,67.13338246131173,52
2019-05-27,281,402,-121,-31649,68.56046540413418,51
2019-05-28,473,222,251,-31398,73.81164776347649,39
2019-05-29,130,572,-442,-31840,66.57724667723448,32
2019-05-30,329,349,-20,-31860,67.13936430317848,56
2019-05-31,389,292,97,-31763,66.072295002426,53
2019-06-03,320,354,-34,-31797,67.1383264210783,60
2019-06-04,444,233,211,-31586,73.00884955752213,57
2019-06-05,426,250,176,-31410,76.59958720330238,58
2019-06-07,472,205,267,-31143,86.87739463601532,57
2019-06-10,527,146,381,-30762,93.00551080966511,61
2019-06-11,540,145,395,-30367,105.26236656141934,49
2019-06-12,349,325,24,-30343,102.50444576170716,60
2019-06-13,444,232,212,-30131,100.3082342580361,58
2019-06-14,234,446,-212,-30343,100.42615723732548,54
2019-06-17,277,391,-114,-30457,101.41927853341217,66
2019-06-18,293,392,-99,-30556,104.60219581892014,49
2019-06-19,442,221,221,-30335,109.38366718027734,71
2019-06-20,444,221,223,-30112,113.11372549019607,69
2019-06-21,225,444,-219,-30331,114.8764258555133,65
2019-06-24,306,379,-73,-30404,118.06783475325511,49
2019-06-25,201,486,-285,-30689,115.22601110229975,47
2019-06-26,230,430,-200,-30889,107.81513895286349,74
2019-06-27,329,349,-20,-30909,114.80127186009538,56
2019-06-28,219,449,-230,-31139,111.283255086072,66
2019-07-01,422,265,157,-30982,112.27408455131227,47
2019-07-02,353,316,37,-30945,113.4703557312253,65
2019-07-03,161,528,-367,-31312,104.13897280966768,45
2019-07-04,296,376,-80,-31392,100.26682478505782,62
2019-07-05,410,255,155,-31237,98.61683343143025,69
2019-07-08,30,693,-663,-31900,84.50224703799537,11
2019-07-09,141,553,-412,-32312,74.90646368210554,40
2019-07-10,443,227,216,-32096,77.09395008493402,64
2019-07-11,534,144,390,-31706,79.1804362194316,56
2019-07-12,397,268,129,-31577,83.29497766346284,69
2019-07-15,141,534,-393,-31970,79.9070385126162,59
2019-07-16,300,358,-58,-32028,80.36286019210246,76
2019-07-17,141,560,-419,-32447,73.04403318442884,33
2019-07-18,271,393,-122,-32569,69.31434994379919,70
2019-07-19,540,155,385,-32184,75.99118942731278,39
2019-07-22,267,392,-125,-32309,75.35894450911913,75
2019-07-23,229,433,-204,-32513,76.24381349309715,72
2019-07-24,157,530,-373,-32886,74.32501928516328,47
2019-07-25,120,567,-447,-33333,69.6848424212106,47
2019-07-26,159,532,-373,-33706,68.22626562693402,43
2019-07-29,53,660,-607,-34313,60.69152702383762,21
2019-07-30,481,193,288,-34025,63.118189438390615,60
2019-07-31,374,303,71,-33954,67.48707851341373,57
2019-08-01,206,482,-276,-34230,65.52478134110787,46
2019-08-02,237,438,-201,-34431,62.04396910279263,59
2019-08-05,53,668,-615,-35046,62.50297973778307,13
2019-08-06,116,582,-466,-35512,61.990735241715164,36
2019-08-07,446,236,210,-35302,61.96013289036545,52
2019-08-08,627,76,551,-34751,63.57655502392344,31
2019-08-09,433,252,181,-34570,64.12991371045062,49
2019-08-12,417,254,163,-34407,69.77926587301587,63
2019-08-13,275,407,-132,-34539,69.04967336373721,52
2019-08-14,424,253,171,-34368,75.39072508326929,57
2019-08-16,164,527,-363,-34731,72.77078085642317,43
2019-08-19,517,170,347,-34384,72.34443746071652,47
2019-08-20,525,145,380,-34004,78.0098598858329,64
2019-08-21,454,206,248,-33756,83.38457425477877,74
2019-08-22,235,430,-195,-33951,85.5710608318656,69
2019-08-23,185,500,-315,-34266,87.24364232977851,49
2019-08-26,57,640,-583,-34849,84.59983831851254,37
2019-08-27,377,286,91,-34758,93.68615209988648,71
2019-08-28,515,165,350,-34408,94.54415954415954,54
2019-08-29,320,345,-25,-34433,93.2172189181535,69
2019-08-30,570,112,458,-33975,103.81052002390913,52
2019-09-02,438,241,197,-33778,110.05388760585066,55
2019-09-03,367,296,71,-33707,121.86836518046708,71
2019-09-04,457,213,244,-33463,135.61001042752866,64
2019-09-05,377,302,75,-33388,132.88659793814432,55
2019-09-06,252,399,-147,-33535,119.79488849096533,83
2019-09-09,255,425,-170,-33705,113.69537682077264,54
2019-09-10,459,209,250,-33455,115.18099186732577,66
2019-09-11,522,153,369,-33086,124.14824663453547,59
2019-09-16,529,158,371,-32715,127.91286727456941,47
2019-09-17,388,281,107,-32608,137.4031007751938,65
2019-09-18,322,329,-7,-32615,130.31705227077978,83
2019-09-19,279,387,-108,-32723,121.0794800065822,68
2019-09-20,408,249,159,-32564,119.47712418300654,77
2019-09-23,299,362,-63,-32627,121.87706543291475,73
2019-09-24,346,317,29,-32598,128.4205145680695,71
2019-09-25,87,627,-540,-33138,129.2178961748634,20
2019-09-26,313,351,-38,-33176,126.71845971964196,70
2019-09-27,211,473,-262,-33438,115.5723230052978,50
2019-09-30,286,400,-114,-33552,114.01973265436027,48
2019-10-01,430,249,181,-33371,109.40663448061049,55
2019-10-02,139,539,-400,-33771,100.10418216996577,56
2019-10-04,121,558,-437,-34208,92.82337773957886,55
2019-10-07,249,426,-177,-34385,87.18376424798443,59
2019-10-08,455,218,237,-34148,89.31082981715893,61
2019-10-10,225,426,-201,-34349,88.59464761104105,83
2019-10-11,386,271,115,-34234,92.42445940140341,77
2019-10-14,548,130,418,-33816,94.77114716106605,56
2019-10-15,401,256,145,-33671,91.65120593692022,77
2019-10-16,418,232,186,-33485,89.12582968507273,84
2019-10-17,243,430,-187,-33672,85.283540802213,61
2019-10-18,320,346,-26,-33698,85.05588519387332,68
2019-10-21,220,451,-231,-33929,83.50430857611818,65
2019-10-22,412,259,153,-33776,83.44488457860948,65
2019-10-23,137,558,-421,-34197,79.11400824797127,41
2019-10-24,318,339,-21,-34218,78.5117389574214,79
2019-10-25,244,421,-177,-34395,82.85831174144279,71
2019-10-28,376,283,93,-34302,84.50103234686854,77
2019-10-29,323,339,-16,-34318,87.65951479455897,74
2019-10-30,208,465,-257,-34575,85.78376876042245,63
2019-10-31,340,307,33,-34542,83.85718224427902,90
2019-11-01,404,267,137,-34405,90.91950730449729,66
2019-11-04,549,139,410,-33995,103.24546701203718,49
2019-11-05,408,268,140,-33855,108.27478532396566,61
2019-11-06,375,286,89,-33766,105.90143673721613,77
2019-11-07,342,320,22,-33744,109.50212030783729,77
2019-11-08,407,253,154,-33590,110.1433296582139,79
2019-11-11,281,397,-116,-33706,101.66263603385732,61
2019-11-12,354,307,47,-33659,100.17999100044999,78
2019-11-13,236,451,-215,-33874,94.35085681092072,52
2019-11-14,354,334,20,-33854,97.31958762886597,52
2019-11-15,404,277,127,-33727,99.56851658979319,59
2019-11-18,310,373,-63,-33790,102.09242811982537,57
2019-11-19,227,461,-234,-34024,96.37691745799853,52
2019-11-20,108,593,-485,-34509,95.46511627906978,40
2019-11-21,98,612,-514,-35023,88.7459807073955,31
2019-11-22,325,340,-15,-35038,90.90780542986425,76
2019-11-25,573,116,457,-34581,95.95944967414917,52
2019-11-26,436,231,205,-34376,99.14668235986464,75
2019-11-27,296,374,-78,-34454,101.80435430957351,72
2019-11-28,221,448,-227,-34681,97.96991383087483,73
2019-11-29,172,518,-346,-35027,91.23696816004508,52
2019-12-02,287,374,-87,-35114,84.74021546433929,81
2019-12-03,251,429,-178,-35292,80.82465972778222,62
2019-12-04,150,528,-378,-35670,75.38779731127198,64
2019-12-05,210,479,-269,-35939,72.19759341355288,53
2019-12-06,502,187,315,-35624,74.01967045599693,54
2019-12-09,305,376,-71,-35695,74.52612704918032,62
2019-12-10,347,328,19,-35676,74.2368118533657,68
2019-12-11,389,285,104,-35572,77.84157640610727,69
2019-12-12,508,165,343,-35229,81.65198825727249,70
2019-12-13,494,192,302,-34927,83.80348225131597,57
2019-12-16,359,315,44,-34883,85.13127465650932,69
2019-12-17,369,311,58,-34825,88.87654492431606,63
2019-12-18,324,361,-37,-34862,94.93471086239059,58
2019-12-19,335,315,20,-34842,102.71282973621103,93
2019-12-20,365,290,75,-34767,104.09241920869827,88
2019-12-23,264,419,-155,-34922,95.07581227436823,60
2019-12-24,238,438,-200,-35122,89.54010095344924,67
2019-12-26,511,171,340,-34782,95.26627218934911,61
2019-12-27,621,101,520,-34262,106.36584624734124,21
2019-12-30,393,283,110,-34152,113.78604064912557,67
2020-01-02,359,334,25,-34127,115.64927857935628,50
2020-01-03,327,336,-9,-34136,118.60315416800773,80
2020-01-06,81,638,-557,-34693,115.44908285895004,24
2020-01-07,423,251,172,-34521,123.26115485564304,69
2020-01-08,38,690,-652,-35173,106.83436884376421,15
2020-01-09,604,106,498,-34675,116.11629009322169,33
2020-01-10,462,220,242,-34433,119.98071049670472,61
2020-01-13,487,205,282,-34151,123.13955381859631,51
2020-01-14,345,324,21,-34130,117.44444444444444,74
2020-01-15,424,223,201,-33929,115.76370241667983,96
2020-01-16,312,351,-39,-33968,114.37097534160515,80
2020-01-17,290,369,-79,-34047,112.10894941634241,84
2020-01-20,217,464,-247,-34294,108.70098039215685,62
2020-01-21,186,492,-306,-34600,103.60924683072335,65
2020-01-22,436,235,201,-34399,105.53383458646617,73
2020-01-23,223,458,-235,-34634,104.30557631933024,63
2020-01-28,66,667,-601,-35235,98.3665799363978,11
2020-01-29,416,253,163,-35072,95.85714285714285,75
2020-01-30,79,628,-549,-35621,81.94499800717418,37
2020-01-31,127,592,-465,-36086,75.31904032669729,25
2020-02-03,260,448,-188,-36274,72.99371069182389,36
2020-02-04,553,146,407,-35867,77.69329896907216,45
2020-02-05,376,298,78,-35789,85.22911051212938,70
2020-02-06,602,105,497,-35292,89.40060489414353,37
2020-02-07,261,414,-153,-35445,96.11317519291227,69
2020-02-10,327,342,-15,-35460,89.14846557920929,75
2020-02-11,465,235,230,-35230,89.00538005242102,44
2020-02-12,339,327,12,-35218,85.52435219101886,78
2020-02-13,201,481,-280,-35498,81.82784272051009,62
2020-02-14,275,399,-124,-35622,78.02440290758048,70
2020-02-17,273,388,-115,-35737,77.14765534168711,83
2020-02-18,130,564,-434,-36171,73.23588709677419,50
2020-02-19,247,443,-196,-36367,73.8092229943146,54
2020-02-20,148,549,-401,-36768,72.80481685900652,47
2020-02-21,88,628,-540,-37308,65.22414823670054,28
2020-02-24,36,693,-657,-37965,61.26744186046512,15
2020-02-25,578,124,454,-37511,71.75127218567705,42
2020-02-26,204,490,-286,-37797,67.14492404147576,50
2020-02-27,119,582,-463,-38260,68.00436469447139,43
2020-02-28,38,697,-659,-38919,66.08404166167844,9
2020-03-02,459,244,215,-38704,70.1803902319303,41
2020-03-03,482,204,278,-38426,68.8193005970513,58
2020-03-04,614,96,518,-37908,73.52904434728295,34
2020-03-05,576,122,454,-37454,73.04911493393169,46
2020-03-06,97,615,-518,-37972,69.2691231910495,32
2020-03-09,1,49,-48,-38020,67.71752837326608,694
2020-03-10,58,671,-613,-38633,59.323452067893854,15
2020-03-11,60,658,-598,-39231,53.8576520639301,26
2020-03-12,7,194,-187,-39418,53.38882282996433,543
2020-03-13,12,723,-711,-40129,48.39706892603618,9
2020-03-16,123,588,-465,-40594,45.63465413028878,33
2020-03-17,207,504,-297,-40891,46.81090827135452,33
2020-03-18,74,646,-572,-41463,43.85810289743307,24
2020-03-19,11,723,-712,-42175,41.55226462004107,10
2020-03-20,679,50,629,-41546,51.13570852069641,15
2020-03-23,51,677,-626,-42172,51.403488506411,16
2020-03-24,702,27,675,-41497,53.43457943925234,15
2020-03-25,707,26,681,-40816,62.70998023715415,11
2020-03-26,560,153,407,-40409,71.97078387896178,31
2020-03-27,555,152,403,-40006,84.73743330525133,37
2020-03-30,515,197,318,-39688,86.09187279151944,32
2020-03-31,645,78,567,-39121,89.99856094402072,21
2020-04-01,235,466,-231,-39352,80.27052876075966,43
2020-04-02,583,122,461,-38891,80.36617024183631,39
2020-04-03,419,263,156,-38735,89.0483708913449,62
2020-04-06,695,33,662,-38073,99.23751978132643,16
2020-04-07,585,125,460,-37613,115.92505854800936,34
2020-04-08,402,296,106,-37507,128.52887638590104,46
2020-04-09,579,127,452,-37055,139.54149933065597,38
2020-04-10,374,327,47,-37008,155.93189964157705,43
2020-04-13,133,583,-450,-37458,156.25112107623318,28
2020-04-14,628,80,548,-36910,177.2859638905067,36
2020-04-16,384,313,71,-36839,195.97343295973434,47
2020-04-17,587,117,470,-36369,237.84425451092116,40
2020-04-20,432,265,167,-36202,220.7138016715609,47
2020-04-21,110,602,-492,-36694,225.87316176470588,32
2020-04-22,355,333,22,-36672,203.5852297123229,56
2020-04-23,553,143,410,-36262,195.3717277486911,48
2020-04-24,120,578,-458,-36720,170.94230769230768,46
2020-04-27,601,101,500,-36220,173.5288405515634,42
2020-04-28,387,292,95,-36125,167.9443173150267,65
2020-04-29,471,225,246,-35879,160.1372658133927,48
2020-05-04,262,444,-182,-36061,161.29633078785622,38
2020-05-06,576,118,458,-35603,161.2861136999068,50
2020-05-07,435,244,191,-35412,162.1586232697344,65
2020-05-08,482,183,299,-35113,153.85735080058225,79
2020-05-11,255,443,-188,-35301,139.76608187134502,46
2020-05-12,148,553,-405,-35706,129.66562345577336,43
2020-05-13,342,337,5,-35701,121.55707689858303,65
2020-05-14,186,528,-342,-36043,114.88738043813638,30
2020-05-15,396,298,98,-35945,124.41503953525898,50
2020-05-18,333,367,-34,-35979,114.35842072794571,44
2020-05-19,537,165,372,-35607,119.44444444444444,42
2020-05-20,459,219,240,-35367,115.56383970177073,66
2020-05-21,380,296,84,-35283,114.20621425258928,68
2020-05-22,127,590,-463,-35746,114.6817407464767,28
2020-05-25,433,236,197,-35549,117.65723270440252,76
2020-05-26,547,148,399,-35150,117.47054202670857,50
2020-05-27,400,291,109,-35041,127.62421849292531,54
2020-05-28,136,574,-438,-35479,111.31125019081057,35
2020-05-29,298,391,-93,-35572,108.3157894736842,56
2020-06-01,583,131,452,-35120,111.57718120805369,31
2020-06-02,517,165,352,-34768,120.59901226700653,63
2020-06-03,422,288,134,-34634,115.03024662633783,35
2020-06-04,307,367,-60,-34694,110.92846270928463,71
2020-06-05,477,204,273,-34421,110.49916552875132,64
2020-06-08,329,355,-26,-34447,113.13240043057051,61
2020-06-09,257,428,-171,-34618,117.05863907180934,60
2020-06-10,247,444,-197,-34815,113.66229760986893,54
2020-06-11,158,560,-402,-35217,112.67454350161117,27
2020-06-12,101,624,-523,-35740,102.99576209264943,20
2020-06-15,33,699,-666,-36406,94.04878048780488,13
2020-06-16,714,17,697,-35709,98.54845595559983,14
2020-06-17,250,442,-192,-35901,92.63448275862068,53
2020-06-18,397,300,97,-35804,92.81775572098154,48
2020-06-19,399,297,102,-35702,100.63209309007325,49
2020-06-22,223,481,-258,-35960,94.29641965029141,41
2020-06-23,210,484,-274,-36234,85.62715460090162,51
2020-06-24,428,250,178,-36056,86.46847087055059,67
2020-06-25,110,608,-498,-36554,85.73324485733245,27
2020-06-26,361,311,50,-36504,87.49832327297116,73
2020-06-29,103,614,-511,-37015,76.12748803224993,28
2020-06-30,495,195,300,-36715,75.56475903614458,55
2020-07-01,292,401,-109,-36824,72.89939363940107,52
2020-07-02,569,127,442,-36382,78.47213365642138,49
2020-07-03,459,227,232,-36150,78.01373346897253,60
2020-07-06,470,226,244,-35906,81.13768584356819,50
2020-07-07,223,473,-250,-36156,80.23136246786632,50
2020-07-08,358,326,32,-36124,82.91568780997129,62
2020-07-09,337,352,-15,-36139,87.63080225382345,57
2020-07-10,173,540,-367,-36506,89.60651289009498,33
2020-07-13,537,160,377,-36129,104.05504318547796,49
2020-07-14,283,396,-113,-36242,92.60748959778086,67
2020-07-15,472,223,249,-35993,98.68402231440423,51
2020-07-16,331,350,-19,-36012,97.04587416560148,65
2020-07-17,392,304,88,-35924,96.85017026106696,51
2020-07-20,291,398,-107,-36031,98.98061737257717,58
2020-07-21,442,243,199,-35832,105.97858417608566,62
2020-07-22,344,344,0,-35832,103.28542094455852,59
2020-07-23,213,489,-276,-36108,106.65771010598597,45
2020-07-24,201,495,-294,-36402,101.4819119569955,51
2020-07-27,471,223,248,-36154,113.26247689463955,53
2020-07-28,282,405,-123,-36277,106.53536257833483,60
2020-07-29,364,307,57,-36220,109.14043583535108,76
2020-07-30,337,334,3,-36217,102.42112986060161,76
2020-07-31,224,476,-252,-36469,95.4841449603624,47
2020-08-03,269,419,-150,-36619,90.17500344494971,59
2020-08-04,550,140,410,-36209,99.23454650491045,57
2020-08-05,325,358,-33,-36242,98.30362277170788,64
2020-08-06,424,271,153,-36089,100.72727272727273,54
2020-08-07,300,399,-99,-36188,104.72230472230473,50
2020-08-10,453,249,204,-35984,102.12516488348233,48
2020-08-11,445,249,196,-35788,106.80047932893947,56
2020-08-12,331,374,-43,-35831,102.37293100922807,45
2020-08-13,402,287,115,-35716,104.37610881135421,61
2020-08-14,280,427,-147,-35863,100.88572673152316,43
2020-08-18,55,679,-624,-36487,93.63839285714286,16
2020-08-19,542,155,387,-36100,96.21468926553672,53
2020-08-20,60,671,-611,-36711,88.13284730660186,19
2020-08-21,481,207,274,-36437,95.38245614035088,62
2020-08-24,407,278,129,-36308,101.36074116965837,65
2020-08-25,640,79,561,-35747,106.01714961561206,31
2020-08-26,265,426,-161,-35908,105.43846720707444,59
2020-08-27,122,596,-474,-36382,97.70992366412213,32
2020-08-28,482,204,278,-36104,101.62730414746544,64
2020-08-31,416,282,134,-35970,107.39259259259259,52
2020-09-01,456,231,225,-35745,113.31911002743067,64
2020-09-02,492,202,290,-35455,111.38285024154588,57
2020-09-03,373,304,69,-35386,113.0289193302892,74
2020-09-04,159,548,-389,-35775,104.58595005111728,44
2020-09-07,517,188,329,-35446,111.18143459915612,46
2020-09-08,255,435,-180,-35626,105.24772793902082,61
2020-09-09,203,506,-303,-35929,98.00819324763384,42
2020-09-10,487,198,289,-35640,102.76691293640445,66
2020-09-11,365,323,42,-35598,101.70053321804295,63
2020-09-14,521,184,337,-35261,108.99044205495818,46
2020-09-15,336,347,-11,-35272,119.09176618478945,68
2020-09-16,265,438,-173,-35445,109.85406950503986,48
2020-09-17,154,543,-389,-35834,113.45298358643964,54
2020-09-18,327,366,-39,-35873,108.44564240790655,58
2020-09-21,135,575,-440,-36313,99.92831541218638,41
2020-09-22,62,670,-608,-36921,84.4832143801216,19
2020-09-23,330,351,-21,-36942,86.19676945668135,70
2020-09-24,58,677,-619,-37561,84.42947702060222,17
2020-09-25,413,277,136,-37425,82.72073250490517,62
2020-09-28,636,82,554,-36871,87.89791806581599,34
2020-09-29,569,143,426,-36445,90.48525214081828,40
2020-10-05,560,142,418,-36027,92.16116212141976,50
2020-10-06,357,316,41,-35986,91.79094267341632,79
2020-10-07,418,240,178,-35808,99.52863876589059,94
2020-10-08,407,259,148,-35660,96.97398190045249,86
2020-10-12,415,269,146,-35514,101.62177816391545,68
2020-10-13,255,431,-176,-35690,103.49875567266871,66
2020-10-14,168,546,-378,-36068,94.03816687560942,38
2020-10-15,203,508,-305,-36373,89.47582835415535,41
2020-10-16,197,510,-313,-36686,81.46944083224967,46
2020-10-19,372,316,56,-36630,82.26922574748662,65
2020-10-20,268,417,-149,-36779,82.53469494632103,68
2020-10-21,541,155,386,-36393,92.2896551724138,57
2020-10-22,242,452,-210,-36603,90.04907306434023,59
2020-10-23,355,335,20,-36583,96.19503945885005,63
2020-10-26,93,632,-539,-37122,97.1521677529045,28
2020-10-27,225,459,-234,-37356,94.2227183924086,69
2020-10-28,596,106,490,-36866,110.53828658074298,51
2020-10-29,183,523,-340,-37206,103.20128636164303,47
2020-10-30,100,622,-522,-37728,88.38910716705054,31
2020-11-02,574,124,450,-37278,88.6851399076338,55
2020-11-03,588,121,467,-36811,89.32025609589974,44
2020-11-04,371,303,68,-36743,89.66975982532752,79
2020-11-05,600,100,500,-36243,93.9482470784641,53
2020-11-06,242,448,-206,-36449,89.3045953639691,63
2020-11-09,623,83,540,-35909,94.50702266722291,47
2020-11-10,456,239,217,-35692,99.97142448921275,58
2020-11-11,474,240,234,-35458,109.11399970118035,39
2020-11-12,379,320,59,-35399,114.97309761721752,54
2020-11-13,239,446,-207,-35606,116.7675826734979,69
2020-11-16,458,222,236,-35370,119.85189853474083,74
2020-11-17,265,433,-168,-35538,119.50337890931951,56
2020-11-18,414,277,137,-35401,115.29683885890516,63
2020-11-19,254,430,-176,-35577,115.87498065913661,70
2020-11-20,463,211,252,-35325,119.84540148288374,80
2020-11-23,425,269,156,-35169,132.68072289156626,61
2020-11-24,437,249,188,-34981,141.18973291710023,69
2020-11-25,166,552,-386,-35367,124.13071474565358,37
2020-11-26,327,355,-28,-35395,129.96360026472536,73
2020-11-27,417,264,153,-35242,143.7214210341189,74
2020-11-30,292,406,-114,-35356,132.20509383378015,57
2020-12-01,453,241,212,-35144,127.38173455978976,61
2020-12-02,396,288,108,-35036,128.10801910093858,71
2020-12-03,302,392,-90,-35126,117.5490966221524,61
2020-12-04,264,447,-183,-35309,117.91326209930861,44
2020-12-07,261,438,-177,-35486,106.29557969936003,56
2020-12-08,243,463,-220,-35706,99.79835805847617,50
2020-12-09,560,144,416,-35290,102.45362932671243,52
2020-12-10,366,308,58,-35232,102.44330651060719,82
2020-12-11,529,172,357,-34875,111.14159426916628,55
2020-12-14,226,483,-257,-35132,103.48871298739373,47
2020-12-15,249,454,-205,-35337,102.93730819815869,53
2020-12-16,453,225,228,-35109,104.29980857016639,78
2020-12-17,287,411,-124,-35233,105.07974010632014,58
2020-12-18,413,282,131,-35102,103.25880461785766,61
2020-12-21,352,340,12,-35090,101.14260919872721,64
2020-12-22,72,660,-588,-35678,90.48464163822526,24
2020-12-23,295,403,-108,-35786,94.16109253065775,58
2020-12-24,490,200,290,-35496,98.56145848169776,67
2020-12-28,262,437,-175,-35671,94.03669724770643,58
2020-12-29,651,83,568,-35103,103.68214233735993,23
2020-12-30,555,146,409,-34694,106.64108618654073,56
2021-01-04,422,294,128,-34566,106.93010911235623,41
2021-01-05,477,228,249,-34317,112.22423692958598,52
2021-01-06,316,386,-70,-34387,114.0613085252402,55
2021-01-07,518,176,342,-34045,122.89118347895153,63
2021-01-08,317,375,-58,-34103,125.82568068309972,65
2021-01-11,138,590,-452,-34555,111.04764767773936,29
2021-01-12,344,354,-10,-34565,109.95670995670996,59
2021-01-13,516,193,323,-34242,109.41964285714285,48
2021-01-14,439,257,182,-34060,116.50754542654758,61
2021-01-15,197,522,-325,-34385,114.5077720207254,38
2021-01-18,136,587,-451,-34836,103.94280762564992,34
2021-01-19,616,90,526,-34310,113.97849462365592,51
2021-01-20,434,252,182,-34128,114.81819564886658,71
2021-01-21,492,204,288,-33840,119.41898399875718,61
2021-01-22,316,403,-87,-33927,128.33333333333334,38
2021-01-25,502,204,298,-33629,136.06420331048318,51
2021-01-26,185,541,-356,-33985,123.90066434672573,32
2021-01-27,228,489,-261,-34246,122.35644807028554,41
2021-01-28,97,632,-535,-34781,104.65116279069768,29
2021-01-29,48,689,-641,-35422,90.24912938655237,21
2021-02-01,590,122,468,-34954,94.68055936386071,46
2021-02-02,542,162,380,-34574,96.44438295517432,54
2021-02-03,473,213,260,-34314,101.0347271438696,73
2021-02-04,261,443,-182,-34496,93.8404807429664,55
2021-02-05,418,278,140,-34356,96.49826989619376,63
2021-02-08,324,378,-54,-34410,102.0675887637245,57
2021-02-09,300,388,-88,-34498,100.95075918830707,71
2021-02-10,400,281,119,-34379,98.07988787666433,79
2021-02-15,476,224,252,-34127,99.05660377358491,60
2021-02-16,391,298,93,-34034,105.10322768246583,71
2021-02-17,369,326,43,-33991,112.77013752455795,65
2021-02-18,209,497,-288,-34279,100.44134396355354,54
2021-02-19,258,452,-194,-34473,95.22425249169434,50
2021-02-22,271,426,-155,-34628,89.41713671770077,63
2021-02-23,251,464,-213,-34841,87.8246969495138,45
2021-02-24,49,688,-639,-35480,76.83644099612064,23
2021-02-25,678,55,623,-34857,88.38107928047968,27
2021-02-26,132,597,-465,-35322,85.86628136083016,31
2021-03-02,403,293,110,-35212,94.07478691229035,64
2021-03-03,567,149,418,-34794,109.32580932580933,44
2021-03-04,297,415,-118,-34912,100.5976946065177,48
2021-03-05,236,467,-231,-35143,92.23949809056192,57
2021-03-08,246,463,-217,-35360,86.20416776576101,51
2021-03-09,230,479,-249,-35609,85.38986610658965,51
2021-03-10,208,494,-286,-35895,80.35486341587949,58
2021-03-11,553,155,398,-35497,85.71803967941138,52
2021-03-12,591,119,472,-35025,92.82211931353854,50
2021-03-15,441,259,182,-34843,93.66120218579235,60
2021-03-16,477,216,261,-34582,93.777352297593,67
2021-03-17,354,349,5,-34577,92.6252886051881,58
2021-03-18,422,259,163,-34414,94.20230263157895,80
2021-03-19,328,358,-30,-34444,97.6945647617717,76
2021-03-22,331,371,-40,-34484,99.84454494064443,60
2021-03-23,182,540,-358,-34842,97.02364394993046,40
2021-03-24,353,349,4,-34838,100.04240282685512,60
2021-03-25,369,316,53,-34785,110.36849172012533,77
2021-03-26,431,256,175,-34610,103.57763615295481,75
2021-03-29,381,332,49,-34561,111.46256966410604,49
2021-03-30,440,251,189,-34372,112.73306048203729,71
2021-03-31,385,322,63,-34309,107.16395864106352,55
2021-04-01,327,365,-38,-34347,108.40773809523809,70
2021-04-02,309,366,-57,-34404,111.16482852394623,87
2021-04-05,427,281,146,-34258,117.11977629330434,54
2021-04-06,330,366,-36,-34294,120.79380139152435,66
2021-04-07,445,247,198,-34096,129.60342274148428,70
2021-04-08,401,292,109,-33987,124.29996781461216,69
2021-04-09,441,257,184,-33803,119.23803526448363,64
2021-04-12,394,305,89,-33714,117.6461394185683,63
2021-04-13,386,304,82,-33632,114.64693185322233,72
2021-04-14,402,287,115,-33517,116.50062266500623,73
2021-04-15,300,397,-97,-33614,112.19140505943311,65
2021-04-16,417,271,146,-33468,115.07335907335907,74
2021-04-19,364,340,24,-33444,116.13904407200496,58
2021-04-20,537,167,370,-33074,129.1220556745182,58
2021-04-21,213,510,-297,-33371,123.53979460847239,39
2021-04-22,398,298,100,-33271,124.36433859028003,66
2021-04-23,351,347,4,-33267,121.3005551149881,64
2021-04-26,444,252,192,-33075,123.8714859437751,66
2021-04-27,368,338,30,-33045,121.0234474017744,56
2021-04-28,144,593,-449,-33494,112.38037368980709,25
2021-04-29,295,406,-111,-33605,111.20169082125604,61
2021-04-30,264,457,-193,-33798,109.02457185405807,41
2021-05-03,280,431,-151,-33949,104.50109249817916,51
2021-05-04,349,360,-11,-33960,104.86951450648783,53
2021-05-06,581,148,433,-33527,108.4171597633136,33
2021-05-07,529,180,349,-33178,112.1690734055355,53
2021-05-10,559,156,403,-32775,115.70184817473653,47
2021-05-11,382,325,57,-32718,115.16674280493375,55
2021-05-12,145,587,-442,-33160,106.89051094890512,31
2021-05-13,192,531,-339,-33499,100.25373555117001,40
2021-05-14,425,276,149,-33350,103.7860318370859,62
2021-05-17,242,475,-233,-33583,98.39765918907621,46
2021-05-18,496,208,288,-33295,102.11497515968773,59
2021-05-20,295,411,-116,-33411,95.37659486898066,57
2021-05-21,160,552,-392,-33803,94.10721593234211,51
2021-05-24,176,549,-373,-34176,88.0638353996307,39
2021-05-25,523,177,346,-33830,92.4042093901781,64
2021-05-26,440,261,179,-33651,92.2382428244172,63
2021-05-27,424,278,146,-33505,93.75084906941991,62
2021-05-28,505,202,303,-33202,104.1893830703013,58
2021-05-31,436,262,174,-33028,108.4529739232347,67
2021-06-01,465,235,230,-32798,115.14233797698365,65
2021-06-02,429,277,152,-32646,120.2015503875969,59
2021-06-03,345,342,3,-32643,120.4757462686567,78
2021-06-04,310,393,-83,-32726,111.99640557136439,62
2021-06-07,348,344,4,-32722,106.66569215027042,73
2021-06-08,312,379,-67,-32789,99.80181200453,74
2021-06-09,231,481,-250,-33039,95.55401662049861,53
2021-06-10,353,344,9,-33030,101.86326501361617,68
2021-06-11,423,276,147,-32883,109.16393930377863,66
2021-06-14,329,366,-37,-32920,106.31238990017616,70
2021-06-15,325,378,-53,-32973,109.08413998510798,62
2021-06-16,421,275,146,-32827,106.90061928634623,69
2021-06-17,281,405,-124,-32951,106.78866587957496,79
2021-06-18,328,373,-45,-32996,112.23283310595727,64
2021-06-21,132,600,-468,-33464,110.70998796630565,33
2021-06-22,487,216,271,-33193,109.52594586511142,62
2021-06-23,220,499,-279,-33472,102.58483754512635,46
2021-06-24,346,342,4,-33468,100.52940334811846,77
2021-06-25,460,228,232,-33236,99.51532430506059,77
2021-06-28,474,237,237,-32999,100.41487839771102,54
2021-06-29,276,429,-153,-33152,95.07238307349665,60
2021-06-30,368,317,51,-33101,93.7015503875969,80
2021-07-01,274,427,-153,-33254,91.64044328909563,64
2021-07-02,316,370,-54,-33308,92.01207795772714,79
2021-07-05,318,378,-60,-33368,91.17486338797815,69
2021-07-06,386,285,101,-33267,93.38499861610849,94
2021-07-07,164,549,-385,-33652,91.59583219084179,52
2021-07-08,90,637,-547,-34199,84.59206537498353,38
2021-07-09,132,598,-466,-34665,77.46870653685674,35
2021-07-12,583,138,445,-34220,83.07512042702773,44
2021-07-13,547,156,391,-33829,88.52393082182599,62
2021-07-14,272,432,-160,-33989,84.74264705882352,61
2021-07-15,443,238,205,-33784,88.81729091153176,84
2021-07-16,296,404,-108,-33892,88.02139037433156,65
2021-07-19,154,562,-408,-34300,88.76646062886321,50
2021-07-20,157,563,-406,-34706,80.57517011169598,46
2021-07-21,231,470,-239,-34945,81.01804123711341,65
2021-07-22,457,224,233,-34712,83.72153886417169,85
2021-07-23,388,281,107,-34605,82.20922677063028,97
2021-07-26,162,559,-397,-35002,75.01559186728203,45
2021-07-27,440,239,201,-34801,78.93190238916571,87
2021-07-28,215,488,-273,-35074,75.3313328332083,63
2021-07-29,429,245,184,-34890,79.06857727737973,92
2021-07-30,182,526,-344,-35234,75.84044154540894,58
2021-08-02,271,416,-145,-35379,74.89388264669164,79
2021-08-03,224,481,-257,-35636,71.13087984401658,61
2021-08-04,603,113,490,-35146,80.77220077220078,50
2021-08-05,432,252,180,-34966,89.61408259986459,82
2021-08-06,296,386,-90,-35056,94.54900320646871,84
2021-08-09,174,532,-358,-35414,84.22095942910003,61
2021-08-10,170,540,-370,-35784,75.4118978744812,57
2021-08-11,262,452,-190,-35974,75.09722744950446,54
2021-08-12,331,382,-51,-36025,72.38447319778189,55
2021-08-13,141,592,-451,-36476,68.8787185354691,35
2021-08-17,94,652,-558,-37034,67.42523531514357,22
2021-08-18,527,178,349,-36685,75.28721278721278,64
2021-08-19,45,707,-662,-37347,70.86719223771983,17
2021-08-20,54,687,-633,-37980,62.4712907671107,29
2021-08-23,663,68,595,-37385,67.27486756915833,40
2021-08-24,703,47,656,-36729,78.36652887385695,21
2021-08-25,472,232,240,-36489,78.83650952858575,67
2021-08-26,288,409,-121,-36610,80.54957578827403,74
2021-08-27,494,205,289,-36321,81.78694158075601,72
2021-08-30,469,235,234,-36087,88.72587893206449,68
2021-08-31,421,270,151,-35936,92.49326145552561,81
2021-09-01,503,191,312,-35624,100.16830294530155,78
2021-09-02,308,392,-84,-35708,92.41463085436631,73
2021-09-03,428,262,166,-35542,92.23615042458553,83
2021-09-06,356,344,12,-35530,93.57462383082554,73
2021-09-07,323,371,-48,-35578,97.72727272727273,79
2021-09-08,259,455,-196,-35774,100.14023278642547,59
2021-09-09,173,549,-376,-36150,97.5650249031544,51
2021-09-10,455,251,204,-35946,101.11314639988727,67
2021-09-13,245,477,-232,-36178,104.26811801775995,51
2021-09-14,504,208,296,-35882,117.62006729886816,61
2021-09-15,275,432,-157,-36039,109.51118963486455,67
2021-09-16,266,447,-181,-36220,117.25352112676057,61
2021-09-17,297,420,-123,-36343,126.1292897047087,57
2021-09-23,144,601,-457,-36800,108.6054721977052,30
2021-09-24,319,406,-87,-36887,97.79237110521169,50
2021-09-27,419,304,115,-36772,96.08521233918937,52
2021-09-28,165,585,-420,-37192,92.14044564483457,25
2021-09-29,197,536,-339,-37531,84.358841778697,42
2021-09-30,450,264,186,-37345,83.79909851899549,61
2021-10-01,103,652,-549,-37894,75.96661347735363,20
2021-10-05,174,573,-399,-38293,68.70676515417986,28
2021-10-06,95,655,-560,-38853,64.22884440400364,25
2021-10-07,681,66,615,-38238,68.63657515123313,28
2021-10-08,396,331,65,-38173,69.20657112897588,48
2021-10-12,263,470,-207,-38380,67.72633033863164,42
2021-10-13,588,131,457,-37923,74.28810720268007,56
2021-10-14,620,107,513,-37410,84.08287013643255,49
2021-10-15,554,173,381,-37029,86.18269966828272,49
2021-10-18,346,360,-14,-37043,88.7967879808315,70
2021-10-19,362,324,38,-37005,85.67053719535537,90
2021-10-20,278,439,-161,-37166,85.6323304436512,59
2021-10-21,239,474,-235,-37401,84.99555329691272,63
2021-10-22,254,449,-195,-37596,84.13924050632912,73
2021-10-25,458,240,218,-37378,92.33320068974665,78
2021-10-26,494,218,276,-37102,97.07522786015508,64
2021-10-27,188,531,-343,-37445,91.11902876748482,57
2021-10-28,168,555,-387,-37832,91.5209326974033,53
2021-10-29,160,569,-409,-38241,90.63448093919007,47
2021-11-01,301,409,-108,-38349,87.00491845715766,66
2021-11-02,550,148,402,-37947,99.2661312655774,78
2021-11-03,156,565,-409,-38356,99.12669808705296,55
2021-11-04,245,483,-238,-38594,103.6779324055666,49
2021-11-05,214,516,-302,-38896,91.2172984516818,47
2021-11-08,443,275,168,-38728,92.53630984400215,59
2021-11-09,266,445,-179,-38907,92.888948859803,66
2021-11-10,69,675,-606,-39513,80.01257071024513,33
2021-11-11,180,525,-345,-39858,70.76316732353996,72
2021-11-12,635,100,535,-39323,72.36144578313252,42
2021-11-15,526,196,330,-38993,76.03244837758112,55
2021-11-16,248,463,-215,-39208,73.37764350453172,66
2021-11-17,133,609,-476,-39684,70.18354055654234,35
2021-11-18,212,507,-295,-39979,69.59188487850908,58
2021-11-19,372,322,50,-39929,72.06322596096277,83
2021-11-22,302,412,-110,-40039,68.77859908482928,64
2021-11-23,309,407,-98,-40137,65.16299357208449,62
2021-11-24,309,402,-93,-40230,67.55213794710474,67
2021-11-25,186,539,-353,-40583,67.88840901132251,53
2021-11-26,87,667,-580,-41163,66.27813040969417,24
2021-11-29,73,683,-610,-41773,61.69593914308088,22
2021-11-30,41,726,-685,-42458,52.60060943574656,12
2021-12-01,651,95,556,-41902,60.80468663645407,33
2021-12-02,634,109,525,-41377,67.91191052692264,36
2021-12-03,666,77,589,-40788,77.02210347340296,36
2021-12-06,449,264,185,-40603,77.19810288215979,67
2021-12-07,491,216,275,-40328,82.22416812609457,73
2021-12-08,278,427,-149,-40477,87.55486702814356,75
2021-12-09,561,148,413,-40064,97.20450536029313,71
2021-12-10,311,381,-70,-40134,89.39869281045752,88
2021-12-13,283,415,-132,-40266,83.82259499301054,83
2021-12-14,245,467,-222,-40488,83.74190270544901,69
2021-12-15,262,435,-173,-40661,87.31004026496947,84
2021-12-16,351,338,13,-40648,91.11553784860558,92
2021-12-17,427,286,141,-40507,92.28716306378436,68
2021-12-20,92,663,-571,-41078,86.5848934796643,26
2021-12-21,354,352,2,-41076,87.7893368010403,75
2021-12-22,412,295,117,-40959,90.38639061057629,74
2021-12-23,415,285,130,-40829,96.64347114203848,81
2021-12-24,505,190,315,-40514,109.47168709865733,86
2021-12-27,364,346,18,-40496,119.60092095165005,71
2021-12-28,451,270,181,-40315,135.3688727512791,60
2021-12-29,658,100,558,-39757,135.372691292876,23
2021-12-30,324,397,-73,-39830,124.35453400503778,60
2022-01-04,472,272,200,-39630,117.68749045364288,37
2022-01-05,278,444,-166,-39796,111.99643228779546,59
2022-01-06,194,550,-356,-40152,102.49256479252232,37
2022-01-07,530,180,350,-39802,109.90607572644555,71
2022-01-10,216,512,-296,-40098,99.5263304541655,53
2022-01-11,132,606,-474,-40572,94.08347967040389,43
2022-01-12,627,101,526,-40046,103.10339963323459,53
2022-01-13,360,362,-2,-40048,106.30011454753723,59
2022-01-14,172,557,-385,-40433,103.20855614973262,52
2022-01-17,121,628,-507,-40940,96.05191995673337,32
2022-01-18,137,612,-475,-41415,88.24138824138824,32
2022-01-19,187,549,-362,-41777,90.81230283911673,45
2022-01-20,604,130,474,-41303,96.92661792580559,47
2022-01-21,181,534,-353,-41656,90.85901639344263,66
2022-01-24,73,675,-602,-42258,82.17092950717405,33
2022-01-25,45,717,-672,-42930,71.71622570826504,19
2022-01-26,17,25,-8,-42938,70.29558447877388,739
2022-01-27,92,666,-574,-43512,62.898920738075894,23
2022-01-28,677,47,630,-42882,63.51004203643157,58
2022-02-03,683,70,613,-42269,70.38970498968071,29
2022-02-04,647,94,553,-41716,74.11589527236629,41
2022-02-07,399,311,88,-41628,76.88619732525865,72
2022-02-08,4,6,-2,-41630,79.97832565700352,772
2022-02-09,29,14,15,-41615,74.87527716186253,739
2022-02-10,468,271,197,-41418,81.0752688172043,43
2022-02-11,136,613,-477,-41895,81.05127470638786,33
2022-02-14,104,647,-543,-42438,68.22529224229544,31
2022-02-15,149,581,-432,-42870,63.572995998451006,52
2022-02-16,692,55,637,-42233,75.15527950310559,35
2022-02-17,381,320,61,-42172,82.2401614530777,81
2022-02-18,532,181,351,-41821,93.75960651706117,69
2022-02-21,117,136,-19,-41840,98.96602658788774,529
2022-02-22,7,33,-26,-41866,90.61040693795864,742
2022-02-23,42,34,8,-41858,96.32459970887919,706
2022-02-24,151,614,-463,-42321,98.84084636614536,17
2022-02-25,610,138,472,-41849,122.26112026359144,34
2022-02-28,7,2,5,-41844,122.63604386509415,773
2022-03-02,591,162,429,-41415,148.44074844074845,29
2022-03-03,569,145,424,-40991,142.7151569911904,68
2022-03-04,46,63,-17,-41008,128.52941176470588,673
2022-03-07,167,583,-416,-41424,105.94825830107966,32
2022-03-08,119,625,-506,-41930,94.2178824430404,38
2022-03-10,58,12,46,-41884,95.14247466054695,712
2022-03-11,374,113,261,-41623,99.84984984984985,295
2022-03-14,303,431,-128,-41751,93.93221574344022,48
2022-03-15,55,118,-63,-41814,101.6222711796515,609
2022-03-16,257,69,188,-41626,118.39184597961494,456
2022-03-17,153,50,103,-41523,134.68074150360454,579
2022-03-18,534,217,317,-41206,125.38309441423627,31
2022-03-21,62,53,9,-41197,125.80047631648583,667
2022-03-22,496,234,262,-40935,123.12108559498955,52
2022-03-23,454,249,205,-40730,128.13688212927755,79
2022-03-24,400,304,96,-40634,129.22201138519924,78
2022-03-25,266,404,-138,-40772,123.68076755342345,112
2022-03-28,337,350,-13,-40785,135.53910226746876,95
2022-03-29,381,338,43,-40742,124.48031844316674,64
2022-03-30,353,359,-6,-40748,122.46361959417914,71
2022-03-31,498,204,294,-40454,119.52855110749847,81
2022-04-01,300,417,-117,-40571,108.08781051415366,66
2022-04-04,517,191,326,-40245,114.33940988535988,75
2022-04-05,355,354,1,-40244,123.17360565593087,74
2022-04-06,226,500,-274,-40518,128.4276223072277,57
2022-04-07,154,589,-435,-40953,116.7929292929293,40
2022-04-08,350,346,4,-40949,111.66695516704172,87
2022-04-11,336,367,-31,-40980,113.49553649571153,80
2022-04-12,185,541,-356,-41336,107.79009126466754,57
2022-04-13,600,133,467,-40869,112.20967741935483,50
2022-04-14,465,250,215,-40654,113.578125,68
2022-04-15,347,359,-12,-40666,108.25435646591256,77
2022-04-18,348,361,-13,-40679,107.56204379562044,74
2022-04-19,520,197,323,-40356,108.49845882870981,66
2022-04-20,421,271,150,-40206,107.66642282370154,91
2022-04-21,370,333,37,-40169,106.77447552447552,80
2022-04-22,265,458,-193,-40362,105.92656837236196,60
2022-04-25,120,634,-514,-40876,98.73646209386283,29
2022-04-26,470,255,215,-40661,101.13780025284449,58
2022-04-27,168,576,-408,-41069,95.62431842966194,39
2022-04-28,404,316,88,-40981,92.92427497314716,63
2022-04-29,478,244,234,-40747,97.58075601374571,61
2022-05-02,362,344,18,-40729,93.48411416262789,76
2022-05-03,321,387,-66,-40795,92.61493097440021,74
2022-05-04,237,490,-253,-41048,92.88686082405047,56
2022-05-06,194,545,-351,-41399,93.97866882678547,44
2022-05-10,82,686,-604,-42003,86.3947334452046,15
2022-05-11,309,416,-107,-42110,85.50538737814264,58
2022-05-12,103,661,-558,-42668,83.1733198585144,19
2022-05-13,630,116,514,-42154,83.73211798961894,37
2022-05-16,454,267,187,-41967,83.4133400707428,62
2022-05-17,432,280,152,-41815,85.33877759346689,71
2022-05-18,283,425,-142,-41957,83.8248322997089,75
2022-05-19,111,637,-526,-42483,74.49946049634336,35
2022-05-20,559,155,404,-42079,77.22796352583586,69
2022-05-23,318,390,-72,-42151,76.0685824680029,75
2022-05-24,116,627,-511,-42662,72.78428588332741,40
2022-05-25,424,281,143,-42519,79.71103976290442,78
2022-05-26,330,364,-34,-42553,76.94650907761667,89
2022-05-27,532,174,358,-42195,85.57335041639973,77
2022-05-30,596,125,471,-41724,90.24166009981613,62
2022-05-31,438,260,178,-41546,89.52817824377458,85
2022-06-02,271,433,-162,-41708,87.31700997538542,80
2022-06-03,424,282,142,-41566,89.87391646966115,78
2022-06-07,146,602,-456,-42022,87.39321770644577,36
2022-06-08,306,396,-90,-42112,90.58994324930711,82
2022-06-09,225,501,-276,-42388,94.79166666666666,58
2022-06-10,193,541,-348,-42736,91.67220965810829,50
2022-06-13,35,738,-703,-43439,89.84724782723202,11
2022-06-14,155,582,-427,-43866,78.75930521091811,47
2022-06-15,65,689,-624,-44490,70.2546569205376,30
2022-06-16,354,366,-12,-44502,68.6391223155929,64
2022-06-17,267,457,-190,-44692,68.19767441860465,60
2022-06-20,52,716,-664,-45356,66.89710796174676,16
2022-06-21,586,151,435,-44921,67.2391930835735,47
2022-06-22,30,730,-700,-45621,61.50859678313921,24
2022-06-23,64,702,-638,-46259,60.429042904290434,18
2022-06-24,744,25,719,-45540,65.80258093728774,15
2022-06-27,705,58,647,-44893,72.5609756097561,21
2022-06-28,513,211,302,-44591,72.025685931115,60
2022-06-29,313,403,-90,-44681,66.56112179124732,68
2022-06-30,147,591,-444,-45125,60.98757357750163,46
2022-07-01,197,547,-350,-45475,59.442291128337644,40
2022-07-04,152,588,-436,-45911,54.71127788200959,44
2022-07-05,681,77,604,-45307,63.77770426728415,26
2022-07-06,148,584,-436,-45743,60.775629253537865,52
2022-07-07,618,120,498,-45245,67.81207751239296,46
2022-07-08,499,216,283,-44962,73.96795696409777,69
2022-07-11,247,482,-235,-45197,78.80650994575045,55
2022-07-12,104,633,-529,-45726,77.7138749101366,47
2022-07-13,466,245,221,-45505,87.15515059478614,73
2022-07-14,368,346,22,-45483,87.55392032479065,70
2022-07-15,204,525,-321,-45804,86.0125786163522,55
2022-07-18,664,92,572,-45232,101.6926016926017,28
2022-07-19,491,220,271,-44961,99.45909398242055,73
2022-07-20,540,187,353,-44608,114.7840046701693,57
2022-07-21,470,230,240,-44368,129.63949843260187,84
2022-07-22,275,425,-150,-44518,115.07374631268436,84
2022-07-25,359,341,18,-44500,105.56420784369249,84
2022-07-26,380,289,91,-44409,102.5486626522896,115
2022-07-27,427,273,154,-44255,106.07616602481815,84
2022-07-28,406,295,111,-44144,114.60908413998511,83
2022-07-29,552,170,382,-43762,127.02745345534869,62
2022-08-01,413,289,124,-43638,137.638681900977,82
2022-08-02,197,532,-335,-43973,120.54203880505081,55
2022-08-03,484,222,262,-43711,133.13763861709066,79
2022-08-04,392,327,65,-43646,125.22479886417418,66
2022-08-05,499,202,297,-43349,125.50197628458497,84
2022-08-08,362,338,24,-43325,130.2863614301893,85
2022-08-09,349,355,-6,-43331,140.57259020836864,81
2022-08-10,260,473,-213,-43544,131.9849942913065,52
2022-08-11,647,91,556,-42988,142.46085772634444,47
2022-08-12,476,237,239,-42749,154.6707229778096,72
2022-08-16,337,368,-31,-42780,141.8144611186903,80
2022-08-17,197,529,-332,-43112,129.95302122144824,59
2022-08-18,253,459,-206,-43318,120.0155159038014,73
2022-08-19,217,501,-284,-43602,111.40559857057772,67
2022-08-22,110,639,-529,-44131,105.58441558441558,36
2022-08-23,178,570,-392,-44523,99.67872607906132,38
2022-08-24,493,229,264,-44259,102.11297365826172,64
2022-08-25,602,121,481,-43778,106.86627321145818,63
2022-08-26,358,347,11,-43767,105.38648378339764,81
2022-08-29,80,683,-603,-44370,91.9062832800852,23
2022-08-30,555,168,387,-43983,95.3321607360303,63
2022-08-31,460,239,221,-43762,102.97266835728374,87
2022-09-01,61,703,-642,-44404,90.85631349782292,22
2022-09-02,261,458,-197,-44601,87.61348897535667,67
2022-09-05,210,511,-301,-44902,80.63349544831027,65
2022-09-06,527,194,333,-44569,84.2031746031746,65
2022-09-07,98,648,-550,-45119,78.10969637610185,40
2022-09-08,425,281,144,-44975,82.05867602808425,80
2022-09-13,656,99,557,-44418,82.08917835671342,31
2022-09-14,144,604,-460,-44878,74.50604717997844,38
2022-09-15,349,364,-15,-44893,74.68551575416316,73
2022-09-16,161,582,-421,-45314,73.78571428571429,43
2022-09-19,127,628,-501,-45815,70.86007702182286,31
2022-09-20,563,156,407,-45408,78.03988326848248,67
2022-09-21,235,495,-260,-45668,80.97772277227723,56
2022-09-22,256,485,-229,-45897,82.81425891181988,45
2022-09-23,91,673,-582,-46479,73.69356558833985,22
2022-09-26,29,747,-718,-47197,62.283507997793706,10
2022-09-27,327,402,-75,-47272,61.56798245614035,57
2022-09-28,80,688,-608,-47880,61.534246575342465,18
2022-09-29,362,357,5,-47875,58.213442130126694,67
2022-09-30,262,482,-220,-48095,54.66150465627288,42
2022-10-04,688,74,614,-47481,65.53539426523297,24
2022-10-05,200,543,-343,-47824,64.24054144014202,43
2022-10-06,647,105,542,-47282,72.34808876495875,34
2022-10-07,307,419,-112,-47394,68.01403985507247,61
2022-10-11,54,723,-669,-48063,66.94734478500057,10
2022-10-12,348,380,-32,-48095,65.3564290473018,59
2022-10-13,59,711,-652,-48747,54.9906425452277,17
2022-10-14,724,45,679,-48068,64.7864002649299,18
2022-10-17,464,258,206,-47862,66.83793141963588,65
2022-10-18,690,61,629,-47233,77.24146110056927,36
2022-10-19,240,481,-241,-47474,79.97585998793,66
2022-10-20,221,519,-298,-47772,72.66419981498612,47
2022-10-21,141,606,-465,-48237,70.67016782737755,40
2022-10-24,535,199,336,-47901,76.34840080254928,53
2022-10-25,273,457,-184,-48085,80.54983650236164,57
2022-10-26,223,503,-280,-48365,85.4236865094222,61
2022-10-27,663,83,580,-47785,93.3324668572914,41
2022-10-28,294,424,-130,-47915,99.52893674293405,69
2022-10-31,450,267,183,-47732,101.94822888283379,70
2022-11-01,602,122,480,-47252,112.07736389684814,63
2022-11-02,327,397,-70,-47322,102.17718745720936,63
2022-11-03,247,468,-221,-47543,103.88765910348646,72
2022-11-04,399,325,74,-47469,97.48925886143931,63
2022-11-07,533,201,332,-47137,103.55463347164593,53
2022-11-08,586,155,431,-46706,120.36925848093665,46
2022-11-09,470,236,234,-46472,124.90027615833077,81
2022-11-10,282,427,-145,-46617,134.167468719923,78
2022-11-11,656,89,567,-46050,132.14399490283532,42
2022-11-14,476,252,224,-45826,132.46173469387753,59
2022-11-15,508,230,278,-45548,126.16053407855922,49
2022-11-16,372,350,22,-45526,130.8716323296355,65
2022-11-17,178,543,-365,-45891,129.69687401326175,66
2022-11-18,256,472,-216,-46107,134.3548387096774,59
2022-11-21,178,556,-378,-46485,121.59524172639927,53
2022-11-22,320,400,-80,-46565,123.38461538461539,67
2022-11-23,580,163,417,-46148,135.99025974025975,44
2022-11-24,572,159,413,-45735,132.87363694676074,56
2022-11-25,361,341,20,-45715,135.7549163009914,85
2022-11-28,121,609,-488,-46203,123.54118552732871,57
2022-11-29,571,148,423,-45780,122.5732249654961,68
2022-11-30,520,203,317,-45463,129.38201359253992,64
2022-12-01,528,192,336,-45127,139.92728474632293,67
2022-12-02,224,499,-275,-45402,133.20481927710844,64
2022-12-05,360,358,2,-45400,127.21717329990598,69
2022-12-06,105,650,-545,-45945,111.06587174640106,32
2022-12-07,275,442,-167,-46112,105.08259212198222,70
2022-12-08,178,546,-368,-46480,101.90224937517355,63
2022-12-09,535,200,335,-46145,98.70094352522905,52
2022-12-12,308,405,-97,-46242,94.42807393517279,74
2022-12-13,357,359,-2,-46244,90.83607636603028,71
2022-12-14,545,181,364,-45880,95.23296525720441,61
2022-12-15,261,450,-189,-46069,97.5726169371335,76
2022-12-16,213,518,-305,-46374,96.38162352622307,56
2022-12-19,253,477,-224,-46598,98.45205479452055,57
2022-12-20,109,641,-532,-47130,92.50762498342395,37
2022-12-21,413,311,102,-47028,88.55507868383404,63
2022-12-22,561,163,398,-46630,88.36604705576498,63
2022-12-23,77,675,-598,-47228,81.15111498691915,36
2022-12-26,317,402,-85,-47313,85.80562659846548,69
2022-12-27,581,159,422,-46891,85.81279530072787,48
2022-12-28,475,273,202,-46689,84.4829768383749,40
2022-12-29,89,674,-585,-47274,74.38864368364547,25
2023-01-02,148,608,-460,-47734,72.53886010362694,32
2023-01-03,302,429,-127,-47861,71.26007240453113,57
2023-01-04,529,198,331,-47530,80.45863641967698,61
2023-01-05,404,331,73,-47457,83.1875,53
2023-01-06,514,210,304,-47153,91.21868475991648,64
2023-01-09,679,75,604,-46549,94.6411990980236,34
2023-01-10,386,320,66,-46483,96.76683659779984,82
2023-01-11,522,196,326,-46157,101.1932519544644,70
2023-01-12,417,310,107,-46050,97.7088948787062,61
2023-01-13,425,279,146,-45904,102.27617602427921,84
2023-01-16,427,286,141,-45763,108.70742482542397,75
2023-01-17,203,535,-332,-46095,107.10954063604241,50
2023-01-18,253,457,-204,-46299,112.05920766216803,78
2023-01-19,395,308,87,-46212,111.84668989547038,85
2023-01-20,488,205,283,-45929,110.11544011544012,95
2023-01-25,435,244,191,-45738,122.92660409293738,109
2023-01-26,510,206,304,-45434,129.81120101538949,72
2023-01-27,456,256,200,-45234,125.89062499999999,76
2023-01-30,192,518,-326,-45560,116.99021820917983,78
2023-01-31,393,297,96,-45464,128.87683471601787,98
2023-02-01,417,292,125,-45339,140.23857526881721,79
2023-02-02,503,222,281,-45058,148.79025239338554,63
2023-02-03,317,387,-70,-45128,140.47859791034716,84
2023-02-06,341,359,-18,-45146,138.7621603488762,88
2023-02-07,314,398,-84,-45230,131.26829268292684,76
2023-02-08,475,245,230,-45000,124.50949367088609,68
2023-02-09,284,393,-109,-45109,121.49225715626466,111
2023-02-10,209,504,-295,-45404,111.23712878674826,75
2023-02-13,278,462,-184,-45588,106.74157303370787,48
2023-02-14,413,316,97,-45491,105.99419448476053,59
2023-02-15,92,674,-582,-46073,95.7405880736466,22
2023-02-16,580,167,413,-45660,106.29522431259045,41
2023-02-17,329,407,-78,-45738,108.17784256559766,52
2023-02-20,490,255,235,-45503,110.41574849419715,43
2023-02-21,459,277,182,-45321,108.83849396714638,52
2023-02-22,127,639,-512,-45833,98.6939785537531,22
2023-02-23,429,309,120,-45713,96.21797478649857,50
2023-02-24,188,560,-372,-46085,88.92071344876969,40
2023-02-27,200,536,-336,-46421,88.81672944538252,52
2023-02-28,430,304,126,-46295,89.21619517259278,54
2023-03-02,428,319,109,-46186,89.04694167852062,41
2023-03-03,401,333,68,-46118,86.48648648648648,54
2023-03-06,365,379,-14,-46132,87.18734047983665,44
2023-03-07,406,335,71,-46061,88.28725038402457,47
2023-03-08,162,595,-433,-46494,84.2177550255962,31
2023-03-09,343,399,-56,-46550,81.0118828861938,46
2023-03-10,102,659,-557,-47107,76.29612053624392,27
2023-03-13,205,562,-357,-47464,75.72758336279016,21
2023-03-14,36,739,-703,-48167,70.57279780921954,13
2023-03-15,617,139,478,-47689,74.40316757889833,32
2023-03-16,196,556,-360,-48049,76.6678474436179,36
2023-03-17,570,188,382,-47667,76.36042402826855,30
2023-03-20,386,353,33,-47634,77.52489331436699,49
2023-03-21,362,384,-22,-47656,74.86281377699942,42
2023-03-22,279,452,-173,-47829,71.30434782608695,57
2023-03-23,194,562,-368,-48197,72.7115318019162,32
2023-03-24,401,322,79,-48118,72.27985246657445,65
2023-03-27,275,457,-182,-48300,74.1630701038143,56
2023-03-28,598,147,451,-47849,82.55131964809385,43
2023-03-29,468,252,216,-47633,83.54648303000491,68
2023-03-30,514,219,295,-47338,85.65737051792829,56
2023-03-31,400,348,52,-47286,85.48527401516093,41
2023-04-03,436,304,132,-47154,87.18013045659809,50
2023-04-04,532,209,323,-46831,90.18608208004079,49
2023-04-05,337,401,-64,-46895,94.75953998954522,52
2023-04-06,150,601,-451,-47346,89.86503692386046,39
2023-04-07,362,359,3,-47343,96.87582737622452,69
2023-04-10,196,562,-366,-47709,96.7566851998941,32
2023-04-11,595,156,439,-47270,112.86759431932292,40
2023-04-12,537,212,325,-46945,110.56218057921636,42
2023-04-13,466,269,197,-46748,119.25410685215331,56
2023-04-14,517,227,290,-46458,117.7898763978811,47
2023-04-17,424,324,100,-46358,118.8562139796069,43
2023-04-18,275,484,-209,-46567,115.85845347313237,33
2023-04-19,511,229,282,-46285,123.23901264298615,52
2023-04-20,191,553,-362,-46647,123.36096458176338,48
2023-04-21,204,548,-344,-46991,116.4261769421367,40
2023-04-24,168,596,-428,-47419,112.58571428571429,28
2023-04-25,222,537,-315,-47734,101.55615696887685,33
2023-04-26,266,474,-208,-47942,95.94062007356806,52
2023-04-27,351,388,-37,-47979,91.76198432078138,53
2023-04-28,350,394,-44,-48023,90.5838763255398,48
2023-05-02,562,193,369,-47654,93.51995852773459,37
2023-05-03,300,435,-135,-47789,87.9375472173256,57
2023-05-04,369,370,-1,-47790,88.68663885728732,53
2023-05-08,483,258,225,-47565,97.10623678646935,51
2023-05-09,296,433,-137,-47702,95.30227689086627,63
2023-05-10,340,397,-57,-47759,99.33128259997325,55
2023-05-11,432,296,136,-47623,95.3656295129316,64
2023-05-12,199,551,-352,-47975,87.05379587732529,42
2023-05-15,279,462,-183,-48158,82.69726346791018,51
2023-05-16,269,475,-206,-48364,77.30141717279982,48
2023-05-17,477,266,211,-48153,78.47463724667226,49
2023-05-18,497,227,270,-47883,83.71690175699085,68
2023-05-19,463,288,175,-47708,82.52057486795235,41
2023-05-22,545,197,348,-47360,90.84136159280668,50
2023-05-23,356,371,-15,-47375,94.95268138801262,65
2023-05-24,327,403,-76,-47451,99.56844234659474,62
2023-05-25,146,588,-442,-47893,97.87034556656845,58
2023-05-26,149,587,-438,-48331,94.8673967541892,56
2023-05-30,396,339,57,-48274,96.08233731739708,57
2023-05-31,253,478,-225,-48499,93.74835828736538,62
2023-06-01,376,358,18,-48481,89.36881347216867,60
2023-06-02,516,226,290,-48191,94.6895640686922,52
2023-06-05,561,179,382,-47809,99.74251253557392,54
2023-06-07,356,377,-21,-47830,96.46572419311816,61
2023-06-08,321,427,-106,-47936,96.87666844634276,46
2023-06-09,419,317,102,-47834,98.98812736103616,58
2023-06-12,274,476,-202,-48036,94.5600632244468,44
2023-06-13,333,402,-69,-48105,98.25339244928121,59
2023-06-14,204,558,-354,-48459,96.00742804085422,32
2023-06-15,197,542,-345,-48804,94.21509334735735,55
2023-06-16,513,222,291,-48513,95.23935466807723,59
2023-06-19,414,326,88,-48425,92.92520558673803,56
2023-06-20,280,460,-180,-48605,88.54844887016469,56
2023-06-21,178,576,-398,-49003,79.99269361909401,42
2023-06-22,311,416,-105,-49108,79.0117476080901,69
2023-06-23,160,598,-438,-49546,75.2129673450071,38
2023-06-26,423,320,103,-49443,81.06060606060606,53
2023-06-27,395,345,50,-49393,86.62805338705616,56
2023-06-28,313,427,-114,-49507,84.64508094645082,56
2023-06-29,159,609,-450,-49957,82.1345423354981,28
2023-06-30,539,205,334,-49623,85.73926073926074,52
2023-07-03,530,218,312,-49311,86.0,48
2023-07-04,257,493,-236,-49547,79.09550156362761,46
2023-07-05,211,535,-324,-49871,75.90887629839472,50
2023-07-06,137,630,-493,-50364,72.01152737752162,29
2023-07-07,205,556,-351,-50715,67.68005384787973,35
2023-07-10,366,380,-14,-50729,69.46019505556815,50
2023-07-11,545,203,342,-50387,73.52361062768303,47
2023-07-12,436,301,135,-50252,78.55776130112413,58
2023-07-13,403,334,69,-50183,83.08805494235958,59
2023-07-14,380,358,22,-50161,80.12062726176116,58
2023-07-17,313,441,-128,-50289,77.8227245687091,42
2023-07-18,148,613,-465,-50754,74.88899275531666,35
2023-07-19,240,504,-264,-51018,76.2550082488805,52
2023-07-20,381,351,30,-50988,77.67486046787792,64
2023-07-21,315,423,-108,-51096,81.203007518797,58
2023-07-24,104,671,-567,-51663,74.17703850180295,21
2023-07-25,205,556,-351,-52014,70.24296094459582,35
2023-07-26,44,741,-697,-52711,64.87612365709275,11
2023-07-27,615,157,458,-52253,73.51787773933103,24
2023-07-28,550,209,341,-51912,73.61079086926446,37
2023-07-31,605,154,451,-51461,75.02903600464576,37
2023-08-01,530,227,303,-51158,80.69271332694152,39
2023-08-02,185,569,-384,-51542,80.05490570541896,42
2023-08-03,296,449,-153,-51695,83.76235208002927,51
2023-08-04,457,289,168,-51527,89.76040353089533,51
2023-08-07,311,443,-132,-51659,88.36481921681471,43
2023-08-08,209,561,-352,-52011,80.55322715842415,27
2023-08-09,487,272,215,-51796,81.44676760394137,38
2023-08-10,429,323,106,-51690,81.86740464444712,45
2023-08-11,486,271,215,-51475,84.02237354085604,40
2023-08-14,250,513,-263,-51738,82.5337512054002,34
2023-08-16,111,666,-555,-52293,81.56665468918433,20
2023-08-17,205,549,-344,-52637,80.71241362878247,43
2023-08-18,304,449,-145,-52782,78.87423457371644,44
2023-08-21,389,368,21,-52761,80.26549721464976,40
2023-08-22,312,431,-119,-52880,85.15310479443698,55
2023-08-23,325,423,-98,-52978,88.04563492063492,50
2023-08-24,472,269,203,-52775,99.15700737618546,57
2023-08-25,305,430,-125,-52900,91.77368086458996,63
2023-08-28,619,133,486,-52414,93.5550134805495,46
2023-08-29,539,209,330,-52084,92.05762366139724,50
2023-08-30,389,342,47,-52037,88.95589898228421,67
2023-08-31,297,447,-150,-52187,91.76980987622815,54
2023-09-01,246,496,-250,-52437,90.58853373921866,56
2023-09-04,356,384,-28,-52465,88.24414086978318,58
2023-09-05,290,460,-170,-52635,87.79389694847424,48
2023-09-06,247,507,-260,-52895,88.86930244270964,44
2023-09-07,150,605,-455,-53350,81.22054380664653,43
2023-09-08,531,218,313,-53037,83.51285189718483,49
2023-09-11,441,300,141,-52896,82.66861812416148,57
2023-09-12,189,553,-364,-53260,81.52688433062265,56
2023-09-13,258,486,-228,-53488,85.1718575505646,54
2023-09-14,521,212,309,-53179,92.98109298109298,65
2023-09-15,553,200,353,-52826,99.41121370266292,45
2023-09-18,263,484,-221,-53047,96.23138753458954,51
2023-09-19,251,500,-249,-53296,94.56777226429878,47
2023-09-20,306,438,-132,-53428,94.1352795516747,54
2023-09-21,95,680,-585,-54013,84.6857991093518,23
2023-09-22,240,513,-273,-54286,83.02926411166891,46
2023-09-25,194,560,-366,-54652,73.95857575052362,45
2023-09-26,126,634,-508,-55160,65.89422330635325,39
2023-09-27,552,199,353,-54807,68.79224876070302,48
2023-10-04,58,719,-661,-55468,64.13423699169218,22
2023-10-05,252,504,-252,-55720,64.14373088685015,43
2023-10-06,572,173,399,-55321,68.0715483510341,55
2023-10-10,216,542,-326,-55647,66.63343303423063,42
2023-10-11,625,140,485,-55162,73.82217090069284,35
2023-10-12,589,165,424,-54738,83.11435523114355,46
2023-10-13,225,517,-292,-55030,76.60523535626247,58
2023-10-16,212,548,-336,-55366,71.82616630546367,40
2023-10-17,499,242,257,-55109,78.13386944181646,59
2023-10-18,333,411,-78,-55187,79.72795609115857,56
2023-10-19,75,699,-624,-55811,70.32025259359494,26
2023-10-20,103,663,-560,-56371,62.00835923266531,34
2023-10-23,248,505,-257,-56628,61.7087254063302,47
2023-10-24,560,195,365,-56263,67.20459820935116,45
2023-10-25,529,222,307,-55956,71.37357037708074,49
2023-10-26,60,724,-664,-56620,70.62535211267605,16
2023-10-27,393,352,41,-56579,73.68602249254074,55
2023-10-30,519,230,289,-56290,80.46278625954199,51
2023-10-31,213,553,-340,-56630,82.29555582319644,34
2023-11-01,548,214,334,-56296,82.09906227458524,38
2023-11-02,600,170,430,-55866,94.87707555669971,30
2023-11-03,618,134,484,-55382,104.56818488984997,48
2023-11-06,638,126,512,-54870,106.13438520130576,36
2023-11-07,203,554,-351,-55221,105.78489951113525,43
2023-11-08,319,431,-112,-55333,97.76616590463749,50
2023-11-09,361,389,-28,-55361,92.09290519101408,50
2023-11-10,205,536,-331,-55692,91.61813117244873,59
2023-11-13,235,519,-284,-55976,92.24806201550388,46
2023-11-14,617,149,468,-55508,94.86882716049382,34
2023-11-15,641,119,522,-54986,102.68572955638695,40
2023-11-16,450,282,168,-54818,114.05122399886798,68
2023-11-17,231,529,-298,-55116,118.10183181883744,40
2023-11-20,562,193,369,-54747,128.40960579972813,46
2023-11-21,514,237,277,-54470,126.90980039021463,50
2023-11-22,356,370,-14,-54484,121.61209807664073,76
2023-11-23,344,402,-58,-54542,132.02342425643397,56
2023-11-24,380,358,22,-54520,131.70130869899924,64
2023-11-27,291,462,-171,-54691,123.76988256280661,49
2023-11-28,376,374,2,-54689,129.64263897373243,52
2023-11-29,233,514,-281,-54970,119.36331775700934,55
2023-11-30,463,291,172,-54798,115.32501076194576,48
2023-12-01,302,448,-146,-54944,106.01400521763009,52
2023-12-04,381,363,18,-54926,99.25531914893617,58
2023-12-05,303,445,-142,-55068,102.06449871812171,54
2023-12-06,418,327,91,-54977,104.87204050910086,57
2023-12-07,281,472,-191,-55168,102.61163734776726,49
2023-12-08,476,271,205,-54963,110.23157894736842,55
2023-12-11,409,317,92,-54871,115.96128845876066,76
2023-12-12,353,385,-32,-54903,108.45090096382177,64
2023-12-13,231,507,-276,-55179,97.44269246058036,64
2023-12-14,414,335,79,-55100,96.28947368421052,53
2023-12-15,434,317,117,-54983,101.80021656740661,51
2023-12-18,392,364,28,-54955,97.24831326895091,46
2023-12-19,317,442,-125,-55080,92.14322514167954,43
2023-12-20,596,163,433,-54647,97.84305941511182,43
2023-12-21,218,529,-311,-54958,94.58615304528891,55
2023-12-22,375,357,18,-54940,94.53338539632956,70
2023-12-26,328,417,-89,-55029,95.57475778999738,58
2023-12-27,535,234,301,-54728,99.47986129634569,34
2023-12-28,590,173,417,-54311,109.20776861813609,40
2024-01-02,388,369,19,-54292,106.99378023496891,46
2024-01-03,234,527,-293,-54585,104.90839485917418,42
2024-01-04,240,523,-283,-54868,100.77602354830077,40
2024-01-05,279,458,-179,-55047,100.28048617603847,66
2024-01-08,314,422,-108,-55155,97.65233447639146,67
2024-01-09,504,233,271,-54884,103.8676290344546,66
2024-01-10,300,445,-145,-55029,99.1219901556472,58
2024-01-11,376,373,3,-55026,97.95325498481448,54
2024-01-12,233,531,-298,-55324,94.54592563803601,39
2024-01-15,264,491,-227,-55551,95.17071270933403,48
2024-01-16,199,552,-353,-55904,89.84848484848484,52
2024-01-17,60,730,-670,-56574,80.90723628945157,13
2024-01-18,370,372,-2,-56576,80.56587939096032,61
2024-01-19,446,293,153,-56423,83.60595703125,64
2024-01-22,262,490,-228,-56651,76.4761122197441,51
2024-01-23,406,328,78,-56573,80.58427506612166,69
2024-01-24,225,536,-311,-56884,77.12133694245028,42
2024-01-25,363,378,-15,-56899,77.890754315441,62
2024-01-26,466,273,193,-56706,76.7211957161351,64
2024-01-29,435,324,111,-56595,73.58926919518964,44
2024-01-30,423,329,94,-56501,74.33782527881041,51
2024-01-31,294,461,-167,-56668,75.61461016155468,48
2024-02-01,568,205,363,-56305,82.52675097276264,30
2024-02-02,619,144,475,-55830,90.10113780025284,40
2024-02-05,372,394,-22,-55852,91.1570667343314,37
2024-02-06,230,522,-292,-56144,84.57961081874925,51
2024-02-07,550,207,343,-55801,90.26849867641498,46
2024-02-08,368,388,-20,-55821,89.99748364368395,47
2024-02-13,512,248,264,-55557,96.96020874103067,43
2024-02-14,333,427,-94,-55651,98.68438363373241,43
2024-02-15,275,487,-212,-55863,100.54405520169851,41
2024-02-16,549,226,323,-55540,114.70420932878271,28
2024-02-19,525,231,294,-55246,119.30053693223044,47
2024-02-20,239,506,-267,-55513,112.80968468468468,58
2024-02-21,266,482,-216,-55729,112.99323562570463,55
2024-02-22,302,443,-141,-55870,109.74899459159617,58
2024-02-23,288,450,-162,-56032,111.9578947368421,65
2024-02-26,206,557,-351,-56383,107.06462212486309,40
2024-02-27,130,637,-507,-56890,97.60041731872717,36
2024-02-28,493,251,242,-56648,99.302172481896,60
2024-02-29,291,475,-184,-56832,95.72406665805453,38
2024-03-04,376,376,0,-56832,97.85788923719959,52
2024-03-05,250,515,-265,-57097,90.05774541802661,39
2024-03-06,292,464,-172,-57269,82.63335747043206,48
2024-03-07,252,514,-262,-57531,80.02617178206043,38
2024-03-08,445,299,146,-57385,84.83441280703899,60
2024-03-11,314,432,-118,-57503,79.75737392959087,58
2024-03-12,320,418,-98,-57601,78.9049537805167,66
2024-03-13,371,373,-2,-57603,76.10650472965082,60
2024-03-14,433,314,119,-57484,78.3076923076923,57
2024-03-15,274,474,-200,-57684,78.41649875548181,56
2024-03-18,376,371,5,-57679,75.07573992076439,57
2024-03-19,239,517,-278,-57957,69.42940911141181,48
2024-03-20,405,330,75,-57882,72.74505292222734,69
2024-03-21,569,179,390,-57492,78.98438431279055,56
2024-03-22,416,329,87,-57405,81.45015105740181,59
2024-03-25,298,443,-145,-57550,81.6400580551524,63
2024-03-26,398,341,57,-57493,86.21460506706408,65
2024-03-27,311,434,-123,-57616,90.75041406548605,59
2024-03-28,274,458,-184,-57800,85.70009930486594,72
2024-03-29,233,519,-286,-58086,84.51851851851852,52
2024-04-01,512,236,276,-57810,87.71356783919599,57
2024-04-02,194,568,-374,-58184,86.4345438662174,43
2024-04-03,208,546,-338,-58522,84.52130945027795,51
2024-04-04,350,405,-55,-58577,86.90207863761583,50
2024-04-05,205,553,-348,-58925,81.31067961165049,47
2024-04-08,237,514,-277,-59202,79.58423455900025,54
2024-04-09,313,427,-114,-59316,79.4142359860761,65
2024-04-11,239,514,-275,-59591,76.53446647780925,52
2024-04-12,321,437,-116,-59707,74.13612565445025,47
2024-04-15,256,508,-252,-59959,73.63541545949704,41
2024-04-16,103,672,-569,-60528,68.0963045912654,30
2024-04-17,341,405,-64,-60592,70.11794057609436,59
2024-04-18,672,100,572,-60020,75.10479739170937,33
2024-04-19,204,549,-345,-60365,67.92810895289128,52
2024-04-22,577,187,390,-59975,70.84845735027223,41
2024-04-23,403,351,52,-59923,72.79917469050893,51
2024-04-24,527,232,295,-59628,75.21764364480558,46
2024-04-25,306,429,-123,-59751,75.20325203252033,70
2024-04-26,387,365,22,-59729,77.35117999295527,53
2024-04-29,626,135,491,-59238,85.83548506086315,44
2024-04-30,373,359,14,-59224,82.87306201550388,73
2024-05-02,318,436,-118,-59342,85.74593796159527,51
2024-05-03,344,403,-59,-59401,88.98634256358852,58
2024-05-07,513,232,281,-59120,93.04559426229508,60
2024-05-08,501,237,264,-58856,100.92098238120661,67
2024-05-09,305,463,-158,-59014,102.52654213143396,38
2024-05-10,424,310,114,-58900,105.6799563080284,72
2024-05-13,331,412,-81,-58981,108.44641373580725,63
2024-05-14,449,303,146,-58835,112.30248306997743,54
2024-05-16,452,306,146,-58689,118.44321812372931,48
2024-05-17,256,503,-247,-58936,123.70105701950276,47
2024-05-20,340,422,-82,-59018,123.37392337392336,44
2024-05-21,254,501,-247,-59265,110.58163980378417,51
2024-05-22,339,417,-78,-59343,114.59374553762673,50
2024-05-23,297,468,-171,-59514,106.32894014277869,41
2024-05-24,227,531,-304,-59818,101.40675241157557,48
2024-05-27,377,371,6,-59812,97.57990266999869,58
2024-05-28,343,404,-61,-59873,98.39007653734495,59
2024-05-29,191,580,-389,-60262,93.16052867958425,35
2024-05-30,177,587,-410,-60672,82.60764099454214,42
2024-05-31,456,289,167,-60505,84.3302752293578,61
2024-06-03,560,204,356,-60149,89.8401107893743,42
2024-06-04,202,547,-345,-60494,86.48448126622975,57
2024-06-05,359,379,-20,-60514,83.07019674520282,68
2024-06-07,383,359,24,-60490,80.44518908568693,64
2024-06-10,322,434,-112,-60602,80.92950642488292,50
2024-06-11,306,435,-129,-60731,78.33648840511121,65
2024-06-12,437,316,121,-60610,80.50502632838679,53
2024-06-13,339,408,-69,-60679,78.20588582909822,59
2024-06-14,333,421,-88,-60767,75.7695895522388,52
2024-06-17,317,445,-128,-60895,77.00164357830477,44
2024-06-18,321,431,-110,-61005,76.69754896212032,54
2024-06-19,286,472,-186,-61191,77.33584372793598,48
2024-06-20,420,324,96,-61095,79.15526472337893,62
2024-06-21,257,500,-243,-61338,78.3809410928055,49
2024-06-24,208,551,-343,-61681,77.97091167080525,47
2024-06-25,421,335,86,-61595,78.82674266714167,50
2024-06-26,310,445,-135,-61730,78.05483337272511,51
2024-06-27,255,511,-256,-61986,79.45907303705468,40
2024-06-28,504,250,254,-61732,86.8421052631579,52
2024-07-01,329,431,-102,-61834,83.7887289582825,46
2024-07-02,167,599,-432,-62266,75.36366810194343,40
2024-07-03,228,515,-287,-62553,75.94907137016703,63
2024-07-04,412,336,76,-62477,76.9546841981686,59
2024-07-05,338,407,-69,-62546,75.9981321503619,62
2024-07-08,451,299,152,-62394,78.74510734195232,57
2024-07-09,388,351,37,-62357,80.51994728645022,68
2024-07-10,363,378,-15,-62372,79.04625995956714,66
2024-07-11,361,366,-5,-62377,79.70598780925062,80
2024-07-12,374,370,4,-62373,80.68783068783068,64
2024-07-15,421,337,84,-62289,83.01656920077973,50
2024-07-16,306,427,-121,-62410,82.87420770355925,75
2024-07-17,357,399,-42,-62452,84.49145246587135,52
2024-07-18,246,512,-266,-62718,80.49044356292823,50
2024-07-19,252,507,-255,-62973,80.36271919288974,49
2024-07-22,183,583,-400,-63373,79.7559224694903,42
2024-07-23,307,439,-132,-63505,77.42850389978729,62
2024-07-24,327,416,-89,-63594,77.89635953990276,65
2024-07-25,139,631,-492,-64086,75.44721150473518,38
2024-07-26,529,233,296,-63790,75.89034676663543,46
2024-07-29,541,220,321,-63469,80.36036036036036,47
2024-07-30,196,580,-384,-63853,80.8933301228028,34
2024-07-31,508,258,250,-63603,86.95490122996645,44
2024-08-01,556,202,354,-63249,90.2463676563487,52
2024-08-02,45,754,-709,-63958,82.90970709271363,11
2024-08-05,8,794,-786,-64744,73.16432568231129,8
2024-08-06,740,57,683,-64061,79.86529599432825,13
2024-08-07,627,152,475,-63586,85.26162437780745,31
2024-08-08,365,405,-40,-63626,84.90816819719672,40
2024-08-09,605,175,430,-63196,89.81561687909912,30
2024-08-12,593,164,429,-62767,93.95548811330299,53
2024-08-13,274,490,-216,-62983,92.81144147534813,46
2024-08-14,576,190,386,-62597,98.13192476165936,44
2024-08-16,406,359,47,-62550,102.20791168353264,45
2024-08-19,295,465,-170,-62720,103.34346504559271,50
2024-08-20,565,205,360,-62360,114.09097231882042,41
2024-08-21,355,394,-39,-62399,115.48152295632698,62
2024-08-22,245,521,-276,-62675,112.67761070492482,45
2024-08-23,375,370,5,-62670,120.26330852890669,66
2024-08-26,311,457,-146,-62816,113.5052689961176,43
2024-08-27,375,371,4,-62812,108.92299334510389,65
2024-08-28,215,548,-333,-63145,109.65761833310599,48
2024-08-29,242,521,-279,-63424,102.35712404529893,48
2024-08-30,510,250,260,-63164,101.11227427375033,51
2024-09-02,276,469,-193,-63357,108.1690906619546,66
2024-09-03,390,365,25,-63332,120.3810623556582,56
2024-09-04,41,746,-705,-64037,100.3150846790075,24
2024-09-05,310,450,-140,-64177,92.53316487681617,51
2024-09-06,117,657,-540,-64717,86.64136157707848,37
2024-09-09,455,300,155,-64562,83.52629040038592,56
2024-09-10,284,473,-189,-64751,76.93291477735147,54
2024-09-11,301,449,-148,-64899,77.61682242990653,61
2024-09-12,672,100,572,-64327,79.5749704840614,39
2024-09-13,523,231,292,-64035,82.19851354591225,57
2024-09-19,431,324,107,-63928,85.27008901353493,56
2024-09-20,490,268,222,-63706,83.71248789932237,53
2024-09-23,387,380,7,-63699,84.24242424242424,44
2024-09-24,530,220,310,-63389,91.01773808026167,61
2024-09-25,303,453,-150,-63539,89.18077689243027,55
2024-09-26,649,115,534,-63005,97.54226267880364,47
2024-09-27,357,395,-38,-63043,97.005444646098,59
2024-09-30,146,620,-474,-63517,95.22219368096584,46
2024-10-02,145,621,-476,-63993,92.78468171443063,46
2024-10-04,392,365,27,-63966,89.97625296837896,55
2024-10-07,538,223,315,-63651,96.20889748549322,51
2024-10-08,266,492,-226,-63877,93.08551129155038,54
2024-10-10,384,363,21,-63856,102.41365515402055,65
2024-10-11,319,426,-107,-63963,102.8628762541806,67
2024-10-14,271,250,21,-63942,110.96491228070175,291
2024-10-15,395,354,41,-63901,109.28110081437798,63
2024-10-16,277,475,-198,-64099,109.15216170690623,60
2024-10-17,303,451,-148,-64247,109.14959303957339,58
2024-10-18,218,526,-308,-64555,96.98093220338984,68
2024-10-21,369,377,-8,-64563,93.141075604053,66
2024-10-22,170,597,-427,-64990,86.67670304855099,45
2024-10-23,381,367,14,-64976,84.2627013630731,64
2024-10-24,228,527,-299,-65275,80.82025069976876,57
2024-10-25,216,542,-326,-65601,74.09532732170044,54
2024-10-28,537,231,306,-65295,78.88661777083082,44
2024-10-29,353,386,-33,-65328,72.95062878435026,73
2024-10-30,317,432,-115,-65443,72.17391304347827,63
2024-10-31,426,333,93,-65350,78.01631086591509,53
2024-11-01,239,535,-296,-65646,79.9684924866699,38
2024-11-04,538,215,323,-65323,83.25104912367317,59
2024-11-05,446,315,131,-65192,81.19355626067855,51
2024-11-06,285,475,-190,-65382,81.59471688883454,52
2024-11-07,216,305,-89,-65471,80.10838773247937,292
2024-11-08,314,430,-116,-65587,80.00738643358365,69
2024-11-11,165,626,-461,-66048,75.2206141899047,22
2024-11-12,103,682,-579,-66627,69.11748045768664,28
2024-11-13,90,695,-605,-67232,65.36973582403006,28
2024-11-14,370,394,-24,-67256,66.52947719688544,49
2024-11-15,439,337,102,-67154,70.46926485626634,37
2024-11-18,534,244,290,-66864,73.45408398707892,35
2024-11-19,408,341,67,-66797,78.51878269139326,64
2024-11-20,383,356,27,-66770,78.64539935721938,74
2024-11-21,337,415,-78,-66848,81.0230425865605,61
2024-11-22,444,309,135,-66713,86.1966236345581,60
2024-11-25,536,232,304,-66409,86.17351371478217,45
2024-11-26,422,331,91,-66318,87.62809297675581,60
2024-11-27,317,450,-133,-66451,87.43142144638404,46
2024-11-28,447,308,139,-66312,87.96747967479675,58
2024-11-29,136,638,-502,-66814,85.57668560138306,39
2024-12-02,179,591,-412,-67226,77.54307292895916,43
2024-12-03,631,143,488,-66738,81.37798120934715,39
2024-12-04,149,635,-486,-67224,78.23209643110376,29
2024-12-05,142,631,-489,-67713,74.48793809740555,40
2024-12-06,215,565,-350,-68063,72.25148492659419,33
2024-12-09,56,741,-685,-68748,70.12613410046471,16
2024-12-10,758,38,720,-68028,83.3095067905647,17
2024-12-11,708,80,628,-67400,97.84033937524103,25
2024-12-12,537,237,300,-67100,102.04670690107582,39
2024-12-13,553,213,340,-66760,105.25473459589223,47
2024-12-16,428,337,91,-66669,102.56883151099987,48
2024-12-17,331,431,-100,-66769,100.36453586772555,52
2024-12-18,499,264,235,-66534,103.10976413229676,51
2024-12-19,182,593,-411,-66945,98.7511265610918,39
2024-12-20,164,620,-456,-67401,91.48304035652389,30
2024-12-23,631,150,481,-66920,93.60930465232616,33
2024-12-24,333,421,-88,-67008,91.4667326242889,60
2024-12-26,252,519,-267,-67275,89.89576946658492,44
2024-12-27,273,521,-248,-67523,85.52820267686424,21
2024-12-30,394,366,28,-67495,91.58843873517787,55
2025-01-02,407,354,53,-67442,97.25155872248378,54
2025-01-03,609,164,445,-66997,96.71319796954315,42
2025-01-06,556,214,342,-66655,107.62836841399653,45
2025-01-07,399,356,43,-66612,115.32572383073496,60
2025-01-08,389,357,32,-66580,121.2586009174312,69
2025-01-09,321,442,-121,-66701,130.6574809045979,52
2025-01-10,398,358,40,-66661,119.5369444047449,59
2025-01-13,234,548,-314,-66975,105.6932350971199,33
2025-01-14,448,309,139,-66836,103.50271991508558,58
2025-01-15,229,514,-285,-67121,95.3942332227609,72
2025-01-16,517,240,277,-66844,97.73931016664513,58
2025-01-17,378,385,-7,-66851,98.9343729694607,52
2025-01-20,333,424,-91,-66942,94.80585614258435,58
2025-01-21,337,416,-79,-67021,99.01015889554571,62
2025-01-22,354,410,-56,-67077,104.33851098018212,51
2025-01-23,144,625,-481,-67558,91.96777036384238,46
2025-01-24,474,266,208,-67350,95.60862865947611,75
2025-01-31,286,487,-201,-67551,96.4414646725116,42
2025-02-03,83,711,-628,-68179,91.74427384847722,21
2025-02-04,604,167,437,-67742,96.81166903317413,44
2025-02-05,509,259,250,-67492,99.34657605854679,47
2025-02-06,518,236,282,-67210,97.24236147074055,62
2025-02-07,246,524,-278,-67488,89.63156584515808,46
2025-02-10,370,384,-14,-67502,88.96055569337634,62
2025-02-11,419,345,74,-67428,89.46583850931677,52
2025-02-12,281,488,-207,-67635,88.46343873517787,47
2025-02-13,493,270,223,-67412,90.62187812187813,53
2025-02-14,423,323,100,-67312,95.67005010921238,70
2025-02-17,541,225,316,-66996,97.9218080270165,50
2025-02-18,419,339,80,-66916,102.72461456671984,58
2025-02-19,499,262,237,-66679,102.1865889212828,55
2025-02-20,392,356,36,-66643,102.76706132765732,68
2025-02-21,437,324,113,-66530,105.55480652554941,55
2025-02-24,391,363,28,-66502,107.04780010863661,62
2025-02-25,313,456,-143,-66645,105.82995951417004,47
2025-02-26,479,283,196,-66449,115.69043576683644,54
2025-02-27,310,459,-149,-66598,110.3567001790387,47
2025-02-28,83,718,-635,-67233,104.24452749599573,15
2025-03-04,255,522,-267,-67500,109.29754895248529,39
2025-03-05,634,139,495,-67005,110.13058419243987,43
2025-03-06,423,340,83,-66922,107.74877650897227,53
2025-03-07,293,483,-190,-67112,101.28896488228332,40
2025-03-10,357,403,-46,-67158,104.41058540497193,56
2025-03-11,144,649,-505,-67663,97.92177617142119,23
2025-03-12,442,303,139,-67524,98.75405580791694,71
2025-03-13,288,471,-183,-67707,99.06347554630594,57
2025-03-14,442,309,133,-67574,97.9034554160735,65
2025-03-17,465,300,165,-67409,98.74091381100727,52
2025-03-18,364,385,-21,-67430,94.48118006103763,69
2025-03-19,433,325,108,-67322,94.828025477707,60
2025-03-20,287,473,-186,-67508,89.71591613943679,58
2025-03-21,271,495,-224,-67732,86.71951219512195,52
2025-03-24,349,399,-50,-67782,84.87009063444108,70
2025-03-25,271,490,-219,-68001,82.15900975958105,57
2025-03-26,397,359,38,-67963,84.13004214328717,62
2025-03-27,235,535,-300,-68263,78.80098165244829,48
2025-03-28,202,574,-372,-68635,76.51060885608855,42
2025-03-31,72,716,-644,-69279,76.40138408304499,30
2025-04-01,625,154,471,-68808,84.2447602987232,39
2025-04-02,241,517,-276,-69084,76.04838709677419,60
2025-04-03,252,509,-257,-69341,72.66357780540173,57
2025-04-04,494,277,217,-69124,76.72104593312508,47
2025-04-07,58,745,-687,-69811,70.47301057317752,15
2025-04-08,477,291,186,-69625,77.25744754839458,50
2025-04-09,111,653,-542,-70167,70.55809290408823,54
2025-04-10,760,34,726,-69441,79.69555035128806,24
2025-04-11,475,284,191,-69250,80.31708749266001,59
2025-04-14,546,222,324,-68926,82.01967524001422,50
2025-04-15,602,162,440,-68486,87.14390065741418,54
2025-04-16,251,506,-255,-68741,83.0970815961882,61
2025-04-17,557,189,368,-68373,89.33547034890888,72
2025-04-18,541,207,334,-68039,96.0756742937492,70
2025-04-21,442,317,125,-67914,98.29479395426948,59
2025-04-22,389,367,22,-67892,101.43082173798896,62
2025-04-23,541,217,324,-67568,105.28357410379883,60
2025-04-24,345,402,-57,-67625,108.68854691542967,71
2025-04-25,549,212,337,-67288,119.29522990975505,57
2025-04-28,310,461,-151,-67439,127.35652691049657,47
2025-04-29,565,207,358,-67081,125.47573388405368,46
2025-04-30,301,471,-170,-67251,127.22412000594088,46
2025-05-02,345,411,-66,-67317,130.50489826676716,62
2025-05-07,403,353,50,-67267,127.67098793026375,62
2025-05-08,464,289,175,-67092,143.46922462030375,65
2025-05-09,304,463,-159,-67251,136.9379181577719,51
2025-05-12,573,205,368,-66883,154.92557283826727,40
2025-05-13,393,359,34,-66849,141.11675126903555,66
2025-05-14,513,247,266,-66583,142.55624700813786,58
2025-05-15,249,521,-272,-66855,131.54127322570818,48
2025-05-16,265,510,-245,-67100,120.04628290425224,43
2025-05-19,201,565,-364,-67464,118.31349490893446,52
2025-05-20,471,295,176,-67288,115.32702359090268,52
2025-05-21,454,299,155,-67133,112.63422116859574,65
2025-05-22,226,539,-313,-67446,106.33031245773029,53
2025-05-23,426,343,83,-67363,107.17872167186864,49
2025-05-26,548,223,325,-67038,107.1864406779661,48
2025-05-27,300,456,-156,-67194,105.80158836990175,63
2025-05-28,494,272,222,-66972,104.21952196554946,53
2025-05-29,649,128,521,-66451,113.80659586361095,42
2025-05-30,340,425,-85,-66536,107.39083265527529,54
2025-06-02,309,466,-157,-66693,107.57226217940018,44
2025-06-04,687,107,580,-66113,117.04175513092711,25
2025-06-05,499,264,235,-65878,119.91112385321101,56
2025-06-09,598,180,418,-65460,123.7658366098733,41
2025-06-10,387,381,6,-65454,126.48489314664701,51
2025-06-11,512,253,259,-65195,124.70364408019903,54
2025-06-12,449,328,121,-65074,126.09526609820641,42
2025-06-13,130,661,-531,-65605,113.55321507760532,28
2025-06-16,526,252,274,-65331,121.93752699006765,41
2025-06-17,274,493,-219,-65550,122.36652236652236,52
2025-06-18,371,397,-26,-65576,127.92073351079563,51
2025-06-19,377,379,-2,-65578,124.97808939526732,63
2025-06-20,407,345,62,-65516,123.46198491004063,67
2025-06-23,223,566,-343,-65859,122.9368405838994,30
2025-06-24,666,117,549,-65310,130.6738383385627,36
2025-06-25,408,361,47,-65263,125.98448250622162,50
2025-06-26,152,628,-476,-65739,120.77680993859774,39
2025-06-27,214,571,-357,-66096,111.99671322925226,34
2025-06-30,428,339,89,-66007,105.90975642220151,52
2025-07-01,613,161,452,-65555,113.53290108980549,45
2025-07-02,401,366,35,-65520,116.40788921527488,52
2025-07-03,529,241,288,-65232,112.09666346285871,49
2025-07-04,142,631,-489,-65721,102.05228758169935,46
2025-07-07,374,390,-16,-65737,96.47582697201018,55
2025-07-08,558,205,353,-65384,100.91098386257158,56
2025-07-09,606,172,434,-64950,103.22241220570827,41
2025-07-10,507,256,251,-64699,104.97941840393041,56
2025-07-11,412,354,58,-64641,113.34440753045405,53
2025-07-14,440,328,112,-64529,110.986301369863,51
2025-07-15,306,451,-145,-64674,112.06944061724992,62
2025-07-16,153,620,-467,-65141,105.81473065098248,46
2025-07-17,344,398,-54,-65195,105.10666666666665,77
2025-07-18,271,504,-233,-65428,101.14897506201854,44
2025-07-21,346,417,-71,-65499,104.79360852197071,56
2025-07-22,182,596,-414,-65913,92.45212166729253,41
2025-07-23,331,440,-109,-66022,90.59246405552801,48
2025-07-24,169,610,-441,-66463,91.00621118012423,40
2025-07-25,314,437,-123,-66586,93.8100050530571,68
2025-07-28,164,617,-453,-67039,87.40541859897486,38
2025-07-29,413,349,64,-66975,83.05893581484133,57
2025-07-30,417,343,74,-66901,83.47888503409499,59
2025-07-31,356,400,-44,-66945,79.88964545667997,63
2025-08-01,31,769,-738,-67683,77.33364140480592,19
2025-08-04,593,173,420,-67263,81.91728877829127,54
2025-08-05,589,169,420,-66843,82.6371533975961,62
2025-08-06,564,197,367,-66476,81.89368770764119,59
2025-08-07,407,345,62,-66414,79.86380180814841,68
2025-08-08,326,429,-103,-66517,78.1657355679702,65
2025-08-11,270,493,-223,-66740,74.75162726961288,57
2025-08-12,297,475,-178,-66918,74.4448240519303,48
2025-08-13,358,409,-51,-66969,78.66977829638273,53
2025-08-14,323,438,-115,-67084,78.06039488966319,59
2025-08-18,171,609,-438,-67522,75.9724612736661,40
2025-08-19,237,524,-287,-67809,73.81546134663341,59
2025-08-20,217,548,-331,-68140,74.61819010713472,55
2025-08-21,434,324,110,-68030,76.80757680757681,62
2025-08-22,401,358,43,-67987,81.87009279086367,61
2025-08-25,523,229,294,-67693,86.49670651378385,68
2025-08-26,287,464,-177,-67870,89.67060285891858,69
2025-08-27,296,455,-159,-68029,87.0690712795976,69
2025-08-28,416,336,80,-67949,87.13163064833006,68
2025-08-29,257,509,-252,-68201,84.78129165152066,54
2025-09-01,174,605,-431,-68632,88.26801829645197,41
2025-09-02,423,322,101,-68531,84.60791454236465,75
2025-09-03,441,316,125,-68406,81.35957066189624,63
2025-09-04,532,216,316,-68090,80.79485959067111,72
2025-09-05,396,345,51,-68039,80.66396953831509,79
2025-09-08,476,280,196,-67843,83.93700787401575,64
2025-09-09,502,255,247,-67596,89.32268928526881,63
2025-09-10,556,206,350,-67246,95.76664945792463,58
2025-09-11,407,345,62,-67184,97.2019781363873,68
2025-09-12,442,313,129,-67055,100.38364863077128,65
2025-09-15,408,352,56,-66999,107.16242125445083,60
2025-09-16,245,506,-261,-67260,107.5370675453048,69
2025-09-17,264,496,-232,-67492,108.96017699115043,60
2025-09-18,451,310,141,-67351,109.40703796065392,59
2025-09-19,0,2,-2,-67353,109.23928883707374,0
2025-09-22,0,2,-2,-67355,105.09419743782968,0
2025-09-23,231,522,-291,-67646,103.34678021813835,67
2025-09-24,167,600,-433,-68079,99.26879204445744,53
2025-09-25,296,460,-164,-68243,95.777075553002,64
2025-09-26,102,677,-575,-68818,91.34642356241234,41
2025-09-29,512,244,268,-68550,101.21140493425914,64
2025-09-30,232,522,-290,-68840,95.56607834696513,66
2025-10-01,325,420,-95,-68935,92.52085395164711,75
2025-10-02,552,208,344,-68591,92.90870488322717,60
2025-10-10,218,557,-339,-68930,87.75594338326233,45
2025-10-13,249,509,-260,-69190,82.05435651478817,63
2025-10-14,278,483,-205,-69395,76.73907421773986,60
2025-10-15,663,106,557,-68838,79.14592611998953,52
2025-10-16,420,345,75,-68763,79.31621692428608,56
2025-10-17,181,592,-411,-69174,73.22128143561228,48
2025-10-20,519,243,276,-68898,75.66632496155817,59
2025-10-21,316,433,-117,-69015,77.29918509895228,72
2025-10-22,561,207,354,-68661,84.29185702768073,53
2025-10-23,223,536,-313,-68974,78.8341158059468,62
2025-10-24,407,355,52,-68922,80.43884802393715,59
2025-10-27,488,283,205,-68717,83.59431462298241,50
2025-10-28,325,438,-113,-68830,85.59260160623022,58
2025-10-29,255,502,-247,-69077,87.70935960591133,64
2025-10-30,162,618,-456,-69533,84.41652573085287,41
2025-10-31,277,485,-208,-69741,88.58520900321544,59
2025-11-03,240,541,-301,-70042,82.20207562924968,40
2025-11-04,327,439,-112,-70154,84.16867469879517,55
2025-11-05,144,643,-499,-70653,79.84277836442567,34
2025-11-06,547,234,313,-70340,79.5414668382267,40
2025-11-07,187,587,-400,-70740,78.90196992656486,47
2025-11-10,701,84,617,-70123,88.55776306107433,36
2025-11-11,292,475,-183,-70306,88.81659710287258,54
2025-11-12,692,100,592,-69714,89.23832923832924,29
2025-11-13,411,332,79,-69635,89.27033345637997,78
2025-11-14,148,624,-476,-70111,88.51574947910284,49
2025-11-17,332,439,-107,-70218,84.20107719928187,50
2025-11-18,73,712,-639,-70857,78.66574009728978,36
2025-11-19,405,357,48,-70809,75.5464480874317,59
2025-11-20,654,122,532,-70277,84.43249701314217,45
2025-11-21,159,617,-458,-70735,78.9967562557924,45
2025-11-24,268,499,-231,-70966,74.58182640144665,54
2025-11-25,277,486,-209,-71175,73.63983812949641,58
2025-11-26,676,100,576,-70599,82.0814692724276,45
2025-11-27,356,402,-46,-70645,86.56680357574294,63
2025-11-28,538,228,310,-70335,92.59443959606034,55
2025-12-01,325,433,-108,-70443,94.93238973840515,63
2025-12-02,565,189,376,-70067,101.1353255904998,67
2025-12-03,571,195,376,-69691,113.33333333333333,55
2025-12-04,240,528,-288,-69979,104.80756425622586,53
2025-12-05,512,251,261,-69718,114.24787397183884,58
2025-12-08,270,482,-212,-69930,102.54920089816405,69
2025-12-09,348,417,-69,-69999,104.08625049913482,56
2025-12-10,233,527,-294,-70293,92.70780856423174,61
2025-12-11,487,272,215,-70078,94.37817258883248,62
2025-12-12,575,189,386,-69692,105.62793821356615,57
2025-12-15,311,456,-145,-69837,105.10586974001608,54
2025-12-16,152,629,-477,-70314,107.35872069386096,41
2025-12-17,461,301,160,-70154,108.94442168510174,60
2025-12-18,148,617,-469,-70623,95.57431568176004,57
2025-12-19,532,232,300,-70323,105.54284945513253,58
2025-12-22,471,293,178,-70145,111.36017711360178,58
2025-12-23,179,582,-403,-70548,108.56206472757066,61
2025-12-24,326,428,-102,-70650,99.33342046791269,68
2025-12-26,207,568,-361,-71011,95.31789689139056,47
2025-12-29,416,359,57,-70954,92.21187720181177,47
2025-12-30,285,478,-193,-71147,91.19229325659953,59
2026-01-02,336,446,-110,-71257,85.57575757575758,40
2026-01-05,375,393,-18,-71275,81.25,54
2026-01-06,346,414,-68,-71343,83.63330933525319,62
2026-01-07,171,598,-427,-71770,76.36217025688285,53
2026-01-08,145,641,-496,-72266,73.57466063348417,36
2026-01-09,483,279,204,-72062,76.29280625143645,60
2026-01-12,480,284,196,-71866,81.40442132639792,58
2026-01-13,388,381,7,-71859,79.21335200746965,53
2026-01-14,474,300,174,-71685,77.03652494527019,48
2026-01-15,416,342,74,-71611,79.28779918272038,64
2026-01-16,315,448,-133,-71744,82.94370229007633,59
2026-01-19,350,419,-69,-71813,80.48694424841214,53
2026-01-20,594,187,407,-71406,90.2998017839445,41
2026-01-21,162,618,-456,-71862,81.80420903286829,42
2026-01-22,498,269,229,-71633,82.35712591889968,55
2026-01-23,589,184,405,-71228,91.53807864609259,49
2026-01-26,458,319,139,-71089,94.46196543459064,45
2026-01-27,351,419,-68,-71157,98.12291077397789,52
2026-01-28,385,380,5,-71152,97.46121297602257,57
2026-01-29,515,240,275,-70877,103.57095622272186,67
2026-01-30,239,533,-294,-71171,101.12447698744771,50
2026-02-02,96,699,-603,-71774,93.72642695499121,27
2026-02-03,721,65,656,-71118,102.9585798816568,36
2026-02-04,666,125,541,-70577,116.7274256870443,31
2026-02-05,280,493,-213,-70790,121.13402061855669,49
2026-02-06,172,608,-436,-71226,111.4316969779844,42
2026-02-09,617,156,461,-70765,115.32359081419625,49
2026-02-10,600,183,417,-70348,121.62587662802346,39
2026-02-11,461,307,154,-70194,121.31827280526166,54
2026-02-12,544,232,312,-69882,125.11621150493899,46
2026-02-13,286,483,-197,-70079,124.06417112299467,53
2026-02-19,575,208,367,-69712,131.32081097197377,39
2026-02-20,468,302,166,-69546,127.26073574673897,52
2026-02-23,478,301,177,-69369,138.31847525361206,43
2026-02-24,361,402,-41,-69410,133.48395842747402,59
2026-02-25,382,388,-6,-69416,126.47961420429637,52
2026-02-26,211,573,-362,-69778,118.47259405382556,38
2026-02-27,227,549,-322,-70100,114.6257091462571,46
2026-03-03,69,729,-660,-70760,105.17423442449842,24
2026-03-04,10,793,-783,-71543,91.80711034567598,19
2026-03-05,783,18,765,-70778,105.16154452324665,21
2026-03-06,452,323,129,-70649,115.54296767062723,48
2026-03-09,68,734,-666,-71315,97.50853673959783,21
2026-03-10,652,132,520,-70795,97.24538792014152,39
2026-03-11,602,181,421,-70374,105.47224414627729,40
2026-03-12,508,271,237,-70137,114.98967653131452,44
2026-03-13,305,470,-165,-70302,106.10898535426838,48
2026-03-16,216,561,-345,-70647,96.24230237526706,46
2026-03-17,548,227,321,-70326,98.32423511489145,48
2026-03-18,537,243,294,-70032,98.09837728194725,43
2026-03-19,177,599,-422,-70454,95.31484257871064,47
2026-03-20,651,135,516,-69938,97.15042239314084,37
2026-03-23,46,750,-704,-70642,86.91968015276285,27
2026-03-24,619,163,456,-70186,90.08615459288922,41
2026-03-25,625,144,481,-69705,96.3046473756733,54
2026-03-26,201,576,-375,-70080,91.8736996695631,46
2026-03-27,350,325,25,-70055,96.50384955193739,148
2026-03-30,150,638,-488,-70543,94.47079380928606,35
2026-03-31,104,688,-584,-71127,95.39580981056329,31
2026-04-01,736,54,682,-70445,115.18252212389382,33
2026-04-02,83,711,-628,-71073,96.27760252365931,28
2026-04-03,579,199,380,-70693,99.43596974746828,44
2026-04-06,303,453,-150,-70843,106.27659574468085,66
2026-04-07,246,510,-264,-71107,96.04963281843504,66
2026-04-08,682,92,590,-70517,98.16877961326675,48
2026-04-09,317,438,-121,-70638,93.71865596790371,67
2026-04-10,633,135,498,-70140,102.12014134275617,54
2026-04-13,317,439,-122,-70262,105.12036175023273,66
2026-04-14,579,174,405,-69857,106.28181087597106,70
2026-04-15,496,240,256,-69601,105.77515744338737,87
2026-04-16,581,172,409,-69192,117.9363274587834,70
2026-04-17,399,344,55,-69137,111.05590062111801,80
2026-04-20,276,470,-194,-69331,118.82268485283561,77
2026-04-21,385,365,20,-69311,112.20873447746615,73
2026-04-22,345,405,-60,-69371,104.49649973074852,73
2026-04-23,296,455,-159,-69530,107.52702887641988,72
2026-04-24,550,194,356,-69174,112.27703455964327,79
2026-04-27,434,310,124,-69050,121.8019859813084,79
2026-04-28,372,369,3,-69047,131.85786491039974,82
2026-04-29,413,317,96,-68951,121.99646643109541,93
2026-04-30,174,577,-403,-69354,125.81856413337337,72
2026-05-04,333,422,-89,-69443,118.16596424938236,68
2026-05-06,153,610,-457,-69900,113.39869281045752,60
2026-05-07,305,438,-133,-70033,115.41774332472008,80
2026-05-08,320,431,-111,-70144,105.10609171800137,72
2026-05-11,121,649,-528,-70672,99.54763171899947,53
2026-05-12,123,640,-517,-71189,86.92183019573619,60
2026-05-13,241,527,-286,-71475,85.04131212233321,55
2026-05-14,571,189,382,-71093,84.78581979320532,63
2026-05-15,150,608,-458,-71551,77.03721149317005,65
2026-05-18,180,597,-417,-71968,68.86845351575643,46
2026-05-19,159,609,-450,-72418,64.2670442169462,55
2026-05-20,75,710,-635,-73053,60.49670982806198,38
2026-05-21,578,195,383,-72670,63.69433635970601,50
2026-05-22,703,86,617,-72053,69.97649166013657,34
2026-05-26,202,575,-373,-72426,68.01060421959572,46
2026-05-27,66,722,-656,-73082,59.21093831541593,35
2026-05-28,198,581,-383,-73465,55.186764108810394,44
2026-05-29,167,609,-442,-73907,51.843043995243754,47
2026-06-01,148,643,-495,-74402,47.67709733154156,32
2026-06-02,244,543,-299,-74701,48.50731895223421,36
2026-06-04,388,387,1,-74700,49.20282152865011,48
2026-06-05,199,582,-383,-75083,49.7819978684236,42
2026-06-08,33,763,-730,-75813,45.70730790907383,27
2026-06-09,679,108,571,-75242,50.61513126029254,36
2026-06-10,309,469,-160,-75402,53.36685398797199,45
2026-06-11,500,278,222,-75180,59.1964011859728,45
2026-06-12,653,129,524,-74656,66.09826281573058,41
2026-06-15,587,179,408,-74248,66.33948575696148,57
2026-06-16,447,317,130,-74118,71.7353005945827,59
2026-06-17,311,450,-139,-74257,74.38164521544488,62
2026-06-18,88,698,-610,-74867,72.86125886524822,37
2026-06-19,100,685,-585,-75452,73.34148238693187,38
2026-06-22,120,654,-534,-75986,64.93973355889194,49
2026-06-23,43,745,-702,-76688,54.18602352476031,35
2026-06-24,443,328,115,-76573,57.98378926038501,52
2026-06-25,233,531,-298,-76871,60.85339394565554,59
2026-06-26,97,681,-584,-77455,59.19828203292771,45
2026-06-29,732,61,671,-76784,68.8332791680208,30
2026-06-30,217,557,-340,-77124,70.2351011481684,49
2026-07-01,621,157,464,-76660,77.63443315446969,45
2026-07-02,249,534,-285,-76945,74.79227487087357,40
2026-07-03,522,253,269,-76676,81.4270724029381,48
2026-07-06,404,364,40,-76636,89.93641477133774,55
2026-07-07,320,439,-119,-76755,82.21882712422142,64
2026-07-08,114,665,-551,-77306,78.12751292360713,44
2026-07-09,212,566,-354,-77660,72.42299566329368,45
2026-07-10,697,85,612,-77048,73.27075650910716,41
2026-07-13,167,612,-445,-77493,65.41249200596889,44
2026-07-14,193,580,-387,-77880,60.995334370139965,50
2026-07-15,623,146,477,-77403,66.32052242800557,54
2026-07-16,346,415,-69,-77472,71.24089202914551,62
2026-07-20,89,697,-608,-78080,71.02535832414554,39
2026-07-21,424,332,92,-77988,77.11476909007773,69
2026-07-22,400,360,40,-77948,84.93363625493244,65
2026-07-23,730,64,666,-77282,91.24583281886652,31
2026-07-24,272,508,-236,-77518,91.98860822189202,45
2026-07-27,440,322,118,-77400,100.71271219385771,63
2026-07-28,27,772,-745,-78145,83.85144755576648,26
2026-07-29,73,713,-640,-78785,80.65004659832246,39
2026-07-30,540,235,305,-78480,78.98868621565458,50
2026-07-31,675,115,560,-77920,88.17178211816086,35
2026-08-03,399,366,33,-77887,85.50741981809479,60
2026-08-04,705,75,630,-77257,92.30197099293417,45
2026-08-05,588,177,411,-76846,98.83408071748879,60
2026-08-06,440,326,114,-76732,107.68818644521832,59
2026-08-07,503,270,233,-76499,116.19246861924685,52
2026-08-10,623,154,469,-76030,114.06271584472994,48
2026-08-11,499,268,231,-75799,124.56852791878173,58
2026-08-12,321,432,-111,-75910,129.19816214613903,72
2026-08-13,279,480,-201,-76111,118.24601045050133,66
2026-08-14,597,179,418,-75693,125.98977355734114,49
2026-08-18,174,600,-426,-76119,129.06046235921755,51
2026-08-19,145,631,-486,-76605,119.62537249893572,49
2026-08-20,451,306,145,-76460,121.27842127842128,68
2026-08-21,163,609,-446,-76906,104.9880604934996,53
2026-08-24,527,237,290,-76616,112.41227466629971,61
2026-08-25,581,188,393,-76223,116.50077106406842,57
2026-08-26,526,230,296,-75927,133.651949628281,70
2026-08-27,272,486,-214,-76141,141.54619736015084,68
2026-08-28,572,199,373,-75768,142.85714285714286,55
2026-08-31,322,434,-112,-75880,130.69053708439898,70
2026-09-01,387,379,8,-75872,130.25525525525526,60
2026-09-02,125,644,-519,-76391,111.97952690551945,57
2026-09-03,373,381,-8,-76399,106.01372258845687,72
2026-09-04,482,270,212,-76187,107.38782702995798,74
2026-09-07,421,336,85,-76102,105.33387075104123,69
2026-09-08,194,567,-373,-76475,94.33553971486762,65
2026-09-09,406,351,55,-76420,92.17785615316791,69
2026-09-10,390,366,24,-76396,93.82700368347517,70
2026-09-11,331,408,-77,-76473,95.35956928598898,87
2026-09-14,280,484,-204,-76677,87.86084381939304,62
2026-09-15,214,551,-337,-77014,88.891647015018,61
2026-09-16,266,505,-239,-77253,91.82952969360736,55
2026-09-17,401,343,58,-77195,90.77560240963855,82
2026-09-18,354,410,-56,-77251,95.55927403784271,62
2026-09-21,263,496,-233,-77484,89.18784255107126,67
2026-09-22,325,415,-90,-77574,83.63416111447609,86
